wildcard_gw,until_gw,chip_transfers,empty_transfers,chip_hits,empty_hits,chip_bank,empty_bank,season,squad
4,21.0,20,20,3,4,51.0,2.0,2022-23,template
21,,23,21,6,5,9.0,2.0,2022-23,template
4,21.0,20,20,3,4,10.0,38.0,2022-23,premium
21,,20,22,4,5,0.0,10.0,2022-23,premium
4,21.0,20,18,3,3,5.0,22.0,2022-23,next
21,,20,21,4,4,1.0,0.0,2022-23,next
4,21.0,20,19,3,2,7.0,67.0,2022-23,third
21,,21,20,4,4,6.0,4.0,2022-23,third
4,20.0,16,15,0,0,11.0,8.0,2023-24,template
20,,19,18,2,2,3.0,0.0,2023-24,template
4,20.0,16,16,0,2,3.0,14.0,2023-24,premium
20,,19,18,2,3,4.0,0.0,2023-24,premium
4,20.0,16,15,0,1,1.0,11.0,2023-24,next
20,,19,19,2,3,1.0,2.0,2023-24,next
4,20.0,12,15,0,1,6.0,6.0,2023-24,third
20,,33,19,3,2,1.0,0.0,2023-24,third
4,29.0,19,23,0,3,3.0,0.0,2025-26,template
29,,10,9,0,0,11.0,2.0,2025-26,template
4,24.0,18,18,0,1,1.0,18.0,2025-26,premium
24,,9,12,0,0,1.0,5.0,2025-26,premium
4,24.0,20,20,0,2,2.0,4.0,2025-26,next
24,,8,12,0,0,12.0,5.0,2025-26,next
4,24.0,19,19,0,2,10.0,14.0,2025-26,third
24,,13,14,0,0,7.0,14.0,2025-26,third
