gw,xi_points,xi_points_cap,formation,arm,season
1.0,74.0,88.0,1-3-5-2,clean,2024-25
2.0,90.0,107.0,1-4-5-1,clean,2024-25
3.0,80.0,97.0,1-3-5-2,clean,2024-25
4.0,38.0,51.0,1-3-5-2,clean,2024-25
5.0,85.0,91.0,1-3-4-3,clean,2024-25
6.0,61.0,71.0,1-3-5-2,clean,2024-25
7.0,56.0,58.0,1-3-5-2,clean,2024-25
8.0,42.0,44.0,1-3-4-3,clean,2024-25
9.0,80.0,86.0,1-3-4-3,clean,2024-25
10.0,67.0,76.0,1-3-5-2,clean,2024-25
11.0,68.0,85.0,1-3-5-2,clean,2024-25
12.0,60.0,62.0,1-3-4-3,clean,2024-25
13.0,89.0,103.0,1-3-5-2,clean,2024-25
14.0,80.0,85.0,1-3-5-2,clean,2024-25
15.0,73.0,80.0,1-3-4-3,clean,2024-25
16.0,57.0,62.0,1-3-4-3,clean,2024-25
17.0,63.0,84.0,1-3-5-2,clean,2024-25
18.0,44.0,53.0,1-3-5-2,clean,2024-25
19.0,64.0,72.0,1-3-4-3,clean,2024-25
20.0,72.0,85.0,1-3-4-3,clean,2024-25
21.0,56.0,60.0,1-3-5-2,clean,2024-25
22.0,47.0,50.0,1-3-4-3,clean,2024-25
23.0,56.0,64.0,1-3-4-3,clean,2024-25
24.0,46.0,52.0,1-3-5-2,clean,2024-25
25.0,59.0,67.0,1-3-5-2,clean,2024-25
26.0,72.0,86.0,1-3-5-2,clean,2024-25
27.0,75.0,78.0,1-4-5-1,clean,2024-25
28.0,48.0,63.0,1-3-5-2,clean,2024-25
29.0,61.0,68.0,1-3-5-2,clean,2024-25
30.0,40.0,43.0,1-3-5-2,clean,2024-25
31.0,24.0,26.0,1-3-5-2,clean,2024-25
32.0,32.0,36.0,1-3-4-3,clean,2024-25
33.0,44.0,47.0,1-3-5-2,clean,2024-25
34.0,74.0,82.0,1-3-4-3,clean,2024-25
35.0,67.0,72.0,1-3-5-2,clean,2024-25
36.0,48.0,50.0,1-3-4-3,clean,2024-25
37.0,56.0,58.0,1-3-4-3,clean,2024-25
38.0,32.0,42.0,1-3-4-3,clean,2024-25
5.0,81.0,90.0,1-3-4-3,published,2024-25
6.0,40.0,43.0,1-3-4-3,published,2024-25
7.0,55.0,57.0,1-3-4-3,published,2024-25
8.0,31.0,33.0,1-3-5-2,published,2024-25
