entry_id,label,group,gw,chip,his_chip,chip_gain,bench_xp,bench_scored,his_bench,model_points,their_points,gap,captain_gap,transfer_gap,lineup_gap,hit_gap,bench_gap,residual,n_transfers,hits
2076855,elevenify.com,veteran,1,bench_boost,bench_boost,13.460358065575726,13.460358065575726,4.0,8.0,69.0,69.0,0.0,0.0,0.0,4.0,0.0,-4.0,0.0,0,0
2076855,elevenify.com,veteran,2,triple_captain,,6.871233622669834,14.4338808382033,0.0,0.0,133.0,115.0,18.0,23.0,0.0,-5.0,0.0,0.0,0.0,0,0
2076855,elevenify.com,veteran,3,,wildcard,0.0,13.225988867491097,0.0,0.0,51.0,40.0,11.0,-1.0,13.0,-1.0,0.0,0.0,0.0,2,0
2076855,elevenify.com,veteran,4,,triple_captain,0.0,13.7806937292005,0.0,0.0,68.0,100.0,-32.0,-3.0,-29.0,0.0,0.0,0.0,0.0,1,0
2076855,elevenify.com,veteran,5,,,0.0,14.314688861799468,0.0,0.0,40.0,50.0,-10.0,-4.0,-12.0,6.0,0.0,0.0,0.0,1,0
9267,Cameron Scott,veteran,1,triple_captain,bench_boost,6.767866150915295,7.3110032444800765,0.0,11.0,67.0,77.0,-10.0,2.0,0.0,-1.0,0.0,-11.0,0.0,0,0
9267,Cameron Scott,veteran,2,bench_boost,,13.424347359887165,13.424347359887165,11.0,0.0,117.0,101.0,16.0,0.0,1.0,4.0,0.0,11.0,0.0,1,0
9267,Cameron Scott,veteran,3,,free_hit,0.0,11.967139780624798,0.0,0.0,52.0,50.0,2.0,-1.0,3.0,0.0,0.0,0.0,0.0,1,0
9267,Cameron Scott,veteran,4,,triple_captain,0.0,12.949631576848908,0.0,0.0,82.0,90.0,-8.0,-5.0,-3.0,0.0,0.0,0.0,0.0,1,0
9267,Cameron Scott,veteran,5,,,0.0,13.781358780977989,0.0,0.0,36.0,49.0,-13.0,0.0,-13.0,0.0,0.0,0.0,0.0,0,0
31365,Ashley Marsh,veteran,1,triple_captain,bench_boost,6.767866150915295,13.926327159512603,0.0,11.0,63.0,67.0,-4.0,2.0,0.0,5.0,0.0,-11.0,0.0,0,0
31365,Ashley Marsh,veteran,2,bench_boost,,14.042025145843972,14.042025145843972,17.0,0.0,125.0,107.0,18.0,0.0,1.0,0.0,0.0,17.0,0.0,1,0
31365,Ashley Marsh,veteran,3,,wildcard,0.0,12.496166005626357,0.0,0.0,56.0,46.0,10.0,-1.0,9.0,2.0,0.0,0.0,0.0,1,0
31365,Ashley Marsh,veteran,4,,triple_captain,0.0,12.58566907298274,0.0,0.0,79.0,103.0,-24.0,2.0,-26.0,0.0,0.0,0.0,0.0,0,0
31365,Ashley Marsh,veteran,5,,,0.0,12.629870658239788,0.0,0.0,40.0,45.0,-5.0,-4.0,-1.0,0.0,0.0,0.0,0.0,2,0
616,Mark Brookes,veteran,1,bench_boost,bench_boost,10.138076491892505,10.138076491892505,14.0,13.0,77.0,77.0,0.0,0.0,0.0,-1.0,0.0,1.0,0.0,0,0
616,Mark Brookes,veteran,2,triple_captain,,6.871233622669834,13.62067867180832,0.0,0.0,127.0,111.0,16.0,23.0,0.0,-7.0,0.0,0.0,0.0,0,0
616,Mark Brookes,veteran,3,,free_hit,0.0,13.132499624834644,0.0,0.0,34.0,63.0,-29.0,-6.0,-26.0,3.0,0.0,0.0,0.0,2,0
616,Mark Brookes,veteran,4,,triple_captain,0.0,14.674479098071494,0.0,0.0,77.0,92.0,-15.0,-5.0,-10.0,0.0,0.0,0.0,0.0,1,0
616,Mark Brookes,veteran,5,,wildcard,0.0,14.936002621920565,0.0,0.0,39.0,46.0,-7.0,-4.0,-9.0,6.0,0.0,0.0,0.0,0,0
4109079,Will Morrison,veteran,1,triple_captain,,6.767866150915295,2.868851381036521,0.0,0.0,65.0,60.0,5.0,2.0,10.0,-3.0,-4.0,0.0,0.0,1,1
4109079,Will Morrison,veteran,2,,bench_boost,0.0,13.709991248408286,0.0,26.0,113.0,140.0,-27.0,0.0,2.0,-3.0,0.0,-26.0,0.0,0,0
4109079,Will Morrison,veteran,3,,free_hit,0.0,9.64517769754552,0.0,0.0,50.0,50.0,0.0,-1.0,1.0,0.0,0.0,0.0,0.0,2,0
4109079,Will Morrison,veteran,4,bench_boost,,14.969167605296299,14.969167605296299,29.0,0.0,106.0,92.0,14.0,7.0,-5.0,-17.0,0.0,29.0,0.0,0,0
4109079,Will Morrison,veteran,5,,,0.0,14.276488933653368,0.0,0.0,31.0,46.0,-15.0,0.0,-1.0,-14.0,0.0,0.0,0.0,0,0
2116184,Paul Mitchell,veteran,1,,,0.0,3.328181023026282,0.0,0.0,54.0,54.0,0.0,0.0,0.0,0.0,0.0,0.0,0.0,0,0
2116184,Paul Mitchell,veteran,2,bench_boost,bench_boost,13.559076315671682,13.559076315671682,19.0,19.0,141.0,141.0,0.0,0.0,0.0,0.0,0.0,0.0,0.0,0,0
2116184,Paul Mitchell,veteran,3,triple_captain,triple_captain,7.175477502406123,10.132449282314113,0.0,0.0,55.0,53.0,2.0,0.0,3.0,-1.0,0.0,0.0,0.0,2,0
2116184,Paul Mitchell,veteran,4,,,0.0,14.37630791138654,0.0,0.0,82.0,89.0,-7.0,7.0,-1.0,-13.0,0.0,0.0,0.0,0,0
2116184,Paul Mitchell,veteran,5,,,0.0,13.539900607116245,0.0,0.0,50.0,45.0,5.0,0.0,18.0,-13.0,0.0,0.0,0.0,2,0
32058,Thomas O'Brien,veteran,1,triple_captain,bench_boost,6.767866150915295,3.6840459140910227,0.0,12.0,69.0,79.0,-10.0,2.0,0.0,0.0,0.0,-12.0,0.0,0,0
32058,Thomas O'Brien,veteran,2,,,0.0,11.578143533097816,0.0,0.0,109.0,119.0,-10.0,0.0,-10.0,0.0,0.0,0.0,0.0,1,0
32058,Thomas O'Brien,veteran,3,,wildcard,0.0,11.596569914611678,0.0,0.0,54.0,40.0,14.0,-1.0,15.0,0.0,0.0,0.0,0.0,1,0
32058,Thomas O'Brien,veteran,4,,triple_captain,0.0,13.044103414624338,0.0,0.0,83.0,105.0,-22.0,-5.0,-17.0,0.0,0.0,0.0,0.0,1,0
32058,Thomas O'Brien,veteran,5,bench_boost,,13.596967936629376,13.596967936629376,3.0,0.0,38.0,42.0,-4.0,-4.0,-3.0,0.0,0.0,3.0,0.0,0,0
5874076,Jess Bernstein,rank,1,bench_boost,,8.717613717254245,8.717613717254245,17.0,0.0,62.0,59.0,3.0,0.0,0.0,-10.0,-4.0,17.0,0.0,1,1
5874076,Jess Bernstein,rank,2,triple_captain,,6.871233622669834,11.647824525177072,0.0,0.0,111.0,113.0,-2.0,23.0,-8.0,-17.0,0.0,0.0,0.0,1,0
5874076,Jess Bernstein,rank,3,,triple_captain,0.0,11.575937006943228,0.0,0.0,52.0,63.0,-11.0,-10.0,0.0,-1.0,4.0,0.0,-4.0,1,0
5874076,Jess Bernstein,rank,4,,,0.0,14.160254177198595,0.0,0.0,76.0,108.0,-32.0,-5.0,-7.0,-20.0,0.0,0.0,0.0,1,0
5874076,Jess Bernstein,rank,5,,,0.0,12.556831491080537,0.0,0.0,61.0,90.0,-29.0,-15.0,0.0,-14.0,0.0,0.0,0.0,0,0
3669095,Adam Whitting,rank,1,bench_boost,triple_captain,6.990239837494926,6.990239837494926,16.0,0.0,47.0,69.0,-22.0,-20.0,2.0,-12.0,-8.0,16.0,0.0,2,2
3669095,Adam Whitting,rank,2,,,0.0,12.391585435411542,0.0,0.0,110.0,112.0,-2.0,0.0,4.0,-6.0,0.0,0.0,0.0,1,0
3669095,Adam Whitting,rank,3,triple_captain,,7.175477502406123,13.389386484906176,0.0,0.0,67.0,69.0,-2.0,9.0,-7.0,-4.0,0.0,0.0,0.0,1,0
3669095,Adam Whitting,rank,4,,,0.0,13.774482565089869,0.0,0.0,108.0,108.0,0.0,-1.0,1.0,0.0,0.0,0.0,0.0,1,0
3669095,Adam Whitting,rank,5,,,0.0,13.32475647910676,0.0,0.0,50.0,61.0,-11.0,0.0,1.0,-12.0,0.0,0.0,0.0,1,0
169164,Filip Stripaj,rank,1,bench_boost,,6.13335684285483,6.13335684285483,20.0,0.0,76.0,57.0,19.0,0.0,0.0,-1.0,0.0,20.0,0.0,0,0
169164,Filip Stripaj,rank,2,,bench_boost,0.0,13.031300856922087,0.0,9.0,108.0,125.0,-17.0,0.0,0.0,-8.0,0.0,-9.0,0.0,0,0
169164,Filip Stripaj,rank,3,triple_captain,triple_captain,7.175477502406123,10.478480654744246,0.0,0.0,61.0,54.0,7.0,0.0,4.0,3.0,0.0,0.0,0.0,2,0
169164,Filip Stripaj,rank,4,,,0.0,13.317418065399472,0.0,0.0,90.0,102.0,-12.0,0.0,-5.0,-7.0,0.0,0.0,0.0,0,0
169164,Filip Stripaj,rank,5,,free_hit,0.0,12.082054664393283,0.0,0.0,41.0,76.0,-35.0,0.0,-35.0,0.0,0.0,0.0,0.0,2,0
217044,daniel bowes,rank,1,,bench_boost,0.0,3.328181023026282,0.0,19.0,63.0,87.0,-24.0,0.0,0.0,-5.0,0.0,-19.0,0.0,0,0
217044,daniel bowes,rank,2,,,0.0,10.62189660582765,0.0,0.0,102.0,110.0,-8.0,0.0,-9.0,1.0,0.0,0.0,0.0,0,0
217044,daniel bowes,rank,3,triple_captain,triple_captain,7.175477502406123,12.160865167003905,0.0,0.0,67.0,64.0,3.0,0.0,1.0,2.0,0.0,0.0,0.0,2,0
217044,daniel bowes,rank,4,,,0.0,12.953114587802965,0.0,0.0,74.0,92.0,-18.0,-5.0,-13.0,0.0,0.0,0.0,0.0,1,0
217044,daniel bowes,rank,5,bench_boost,free_hit,12.721615838066228,12.721615838066228,9.0,0.0,56.0,50.0,6.0,0.0,-3.0,0.0,0.0,9.0,0.0,1,0
534464,Sion Jones,rank,1,bench_boost,bench_boost,3.6071662963873337,3.6071662963873337,18.0,14.0,65.0,74.0,-9.0,0.0,-1.0,-4.0,-8.0,4.0,0.0,2,2
534464,Sion Jones,rank,2,,,0.0,8.126370163463662,0.0,0.0,115.0,111.0,4.0,0.0,8.0,-4.0,0.0,0.0,0.0,1,0
534464,Sion Jones,rank,3,triple_captain,wildcard,7.175477502406123,8.724871879423198,0.0,0.0,70.0,56.0,14.0,9.0,4.0,1.0,0.0,0.0,0.0,1,0
534464,Sion Jones,rank,4,,triple_captain,0.0,9.814158578591481,0.0,0.0,88.0,102.0,-14.0,-3.0,-11.0,0.0,0.0,0.0,0.0,1,0
534464,Sion Jones,rank,5,,,0.0,9.135551554850892,0.0,0.0,56.0,55.0,1.0,0.0,1.0,0.0,0.0,0.0,0.0,0,0
3503484,Viniii Denie,rank,1,,triple_captain,0.0,6.438663128847658,0.0,0.0,78.0,101.0,-23.0,-18.0,0.0,-5.0,0.0,0.0,0.0,0,0
3503484,Viniii Denie,rank,2,,bench_boost,0.0,7.176833465363387,0.0,14.0,79.0,95.0,-16.0,0.0,-1.0,-1.0,4.0,-14.0,-4.0,1,0
3503484,Viniii Denie,rank,3,triple_captain,,7.175477502406123,5.928049072648072,0.0,0.0,59.0,59.0,0.0,9.0,-16.0,7.0,0.0,0.0,0.0,1,0
3503484,Viniii Denie,rank,4,,,0.0,6.793505758774501,0.0,0.0,82.0,95.0,-13.0,-5.0,-15.0,7.0,0.0,0.0,0.0,1,0
3503484,Viniii Denie,rank,5,bench_boost,,10.343499860421339,10.343499860421339,4.0,0.0,51.0,45.0,6.0,0.0,6.0,-4.0,0.0,4.0,0.0,1,0
1585157,Tom Anderson,rank,1,bench_boost,bench_boost,13.498411218059168,13.498411218059168,18.0,17.0,77.0,77.0,0.0,0.0,0.0,-1.0,0.0,1.0,0.0,0,0
1585157,Tom Anderson,rank,2,,,0.0,13.430280649547356,0.0,0.0,82.0,78.0,4.0,4.0,0.0,0.0,0.0,0.0,0.0,1,0
1585157,Tom Anderson,rank,3,triple_captain,triple_captain,7.175477502406123,13.347401849678107,0.0,0.0,59.0,66.0,-7.0,0.0,-7.0,0.0,0.0,0.0,0.0,0,0
1585157,Tom Anderson,rank,4,,,0.0,13.846260782152711,0.0,0.0,88.0,100.0,-12.0,-5.0,13.0,-20.0,0.0,0.0,0.0,2,0
1585157,Tom Anderson,rank,5,,,0.0,14.314354827898221,0.0,0.0,52.0,63.0,-11.0,0.0,3.0,-14.0,0.0,0.0,0.0,0,0
2632584,ojaminFC,reference,1,,triple_captain,0.0,0.0,0.0,0.0,59.0,62.0,-3.0,-2.0,9.0,-2.0,-8.0,0.0,0.0,2,2
2632584,ojaminFC,reference,2,,,0.0,4.2142361050178465,0.0,0.0,102.0,108.0,-6.0,0.0,-6.0,0.0,0.0,0.0,0.0,1,0
2632584,ojaminFC,reference,3,triple_captain,,7.175477502406123,4.214567919846957,0.0,0.0,58.0,53.0,5.0,9.0,-4.0,0.0,0.0,0.0,0.0,1,0
2632584,ojaminFC,reference,4,bench_boost,,6.693629037148504,6.693629037148504,7.0,0.0,104.0,79.0,25.0,0.0,18.0,0.0,0.0,7.0,0.0,1,0
2632584,ojaminFC,reference,5,,,0.0,9.909476117328182,0.0,0.0,49.0,48.0,1.0,0.0,1.0,0.0,0.0,0.0,0.0,1,0
