player,player_id,gw,score_xp,carried_xp,fixture_xp,points,minutes,gap
Groß,2026-27:124,1,3.662059,,,2.0,90.0,-1.662059
Groß,2026-27:124,2,3.085713,,,13.0,90.0,9.914287
Groß,2026-27:124,3,3.692798,,,1.0,90.0,-2.692798
Groß,2026-27:124,4,3.907856,,,17.0,90.0,13.092144
Groß,2026-27:124,5,3.049567,,,14.0,90.0,10.950433
Haaland,2026-27:411,1,6.338818,,,2.0,90.0,-4.338818
Haaland,2026-27:411,2,5.79228,,,13.0,90.0,7.20772
Haaland,2026-27:411,3,7.175478,,,9.0,90.0,1.824522
Haaland,2026-27:411,4,5.147236,,,9.0,90.0,3.852764
Haaland,2026-27:411,5,6.465151,,,6.0,90.0,-0.465151
João Pedro,2026-27:165,1,3.888687,,,11.0,90.0,7.111313
João Pedro,2026-27:165,2,4.205895,,,9.0,90.0,4.794105
João Pedro,2026-27:165,3,2.93541,,,1.0,90.0,-1.93541
João Pedro,2026-27:165,4,5.304665,,,12.0,90.0,6.695335
João Pedro,2026-27:165,5,,5.304665,3.754574,0.0,0.0,
Szoboszlai,2026-27:368,1,4.40073,,,8.0,90.0,3.59927
Szoboszlai,2026-27:368,2,4.943853,,,4.0,90.0,-0.943853
Szoboszlai,2026-27:368,3,4.813021,,,3.0,90.0,-1.813021
Szoboszlai,2026-27:368,4,4.928536,,,3.0,90.0,-1.928536
Szoboszlai,2026-27:368,5,4.324111,,,2.0,80.0,-2.324111
