contrast,holdout,mean,lo,hi,reading,n_gws
placebo:greedy_xp_minus_greedy_exp,2022-23,2.4705882352941178,-0.8044117647058824,5.314215686274509,the interval covers zero,"{""2023-24"": 34, ""2024-25"": 34, ""2025-26"": 34}"
placebo:greedy_xp_minus_greedy_exp,2023-24,2.1911764705882355,-1.5150735294117645,5.779411764705882,the interval covers zero,"{""2024-25"": 34, ""2025-26"": 34}"
placebo:greedy_xp_minus_greedy_exp,2024-25,3.161764705882353,-0.5599264705882352,6.927205882352941,the interval covers zero,"{""2023-24"": 34, ""2025-26"": 34}"
placebo:greedy_xp_minus_greedy_exp,2025-26,2.0588235294117645,-1.4720588235294119,5.677941176470587,the interval covers zero,"{""2023-24"": 34, ""2024-25"": 34}"
placebo:greedy_shuffled_minus_hold_shuffled,2022-23,2.392156862745098,-0.5007352941176471,5.177205882352941,the interval covers zero,"{""2023-24"": 34, ""2024-25"": 34, ""2025-26"": 34}"
placebo:greedy_shuffled_minus_hold_shuffled,2023-24,-0.3382352941176471,-3.7360294117647057,3.030514705882352,the interval covers zero,"{""2024-25"": 34, ""2025-26"": 34}"
placebo:greedy_shuffled_minus_hold_shuffled,2024-25,4.985294117647059,1.5731617647058824,8.707352941176469,the interval stays above zero,"{""2023-24"": 34, ""2025-26"": 34}"
placebo:greedy_shuffled_minus_hold_shuffled,2025-26,2.5294117647058822,-0.7213235294117647,6.015073529411764,the interval covers zero,"{""2023-24"": 34, ""2024-25"": 34}"
placebo:greedy_xp_minus_greedy_shuffled,2022-23,17.980392156862745,14.774264705882354,21.775245098039214,the interval stays above zero,"{""2023-24"": 34, ""2024-25"": 34, ""2025-26"": 34}"
placebo:greedy_xp_minus_greedy_shuffled,2023-24,17.735294117647058,13.632352941176471,22.147426470588236,the interval stays above zero,"{""2024-25"": 34, ""2025-26"": 34}"
placebo:greedy_xp_minus_greedy_shuffled,2024-25,16.720588235294116,12.455514705882353,20.897058823529413,the interval stays above zero,"{""2023-24"": 34, ""2025-26"": 34}"
placebo:greedy_xp_minus_greedy_shuffled,2025-26,19.485294117647058,14.647058823529411,24.058823529411764,the interval stays above zero,"{""2023-24"": 34, ""2024-25"": 34}"
placebo:greedy_xp_minus_hold_xp,2022-23,7.480392156862745,4.245098039215686,10.901960784313726,the interval stays above zero,"{""2023-24"": 34, ""2024-25"": 34, ""2025-26"": 34}"
placebo:greedy_xp_minus_hold_xp,2023-24,4.382352941176471,-0.02977941176470586,8.545588235294117,the interval covers zero,"{""2024-25"": 34, ""2025-26"": 34}"
placebo:greedy_xp_minus_hold_xp,2024-25,8.882352941176471,5.705514705882353,12.79595588235294,the interval stays above zero,"{""2023-24"": 34, ""2025-26"": 34}"
placebo:greedy_xp_minus_hold_xp,2025-26,9.176470588235293,5.043014705882353,13.41360294117647,the interval stays above zero,"{""2023-24"": 34, ""2024-25"": 34}"
hierarchy:r1_xp_minus_r1_exp,2022-23,0.050505050505050504,-0.47474747474747475,0.5457070707070705,the interval covers zero,"{""2023-24"": 33, ""2024-25"": 33, ""2025-26"": 33}"
hierarchy:r1_xp_minus_r1_exp,2023-24,-0.21212121212121213,-0.8484848484848485,0.3791666666666663,the interval covers zero,"{""2024-25"": 33, ""2025-26"": 33}"
hierarchy:r1_xp_minus_r1_exp,2024-25,0.030303030303030304,-0.5151515151515151,0.6060606060606061,the interval covers zero,"{""2023-24"": 33, ""2025-26"": 33}"
hierarchy:r1_xp_minus_r1_exp,2025-26,0.3333333333333333,-0.4246212121212121,1.1666666666666667,the interval covers zero,"{""2023-24"": 33, ""2024-25"": 33}"
hierarchy:r3_xp_minus_r3_exp,2022-23,-1.1616161616161615,-2.5656565656565657,0.04065656565656543,the interval covers zero,"{""2023-24"": 33, ""2024-25"": 33, ""2025-26"": 33}"
hierarchy:r3_xp_minus_r3_exp,2023-24,-1.0151515151515151,-2.561363636363636,0.3787878787878788,the interval covers zero,"{""2024-25"": 33, ""2025-26"": 33}"
hierarchy:r3_xp_minus_r3_exp,2024-25,-1.1666666666666667,-2.5306818181818183,0.12121212121212122,the interval covers zero,"{""2023-24"": 33, ""2025-26"": 33}"
hierarchy:r3_xp_minus_r3_exp,2025-26,-1.303030303030303,-3.273106060606061,0.2727272727272727,the interval covers zero,"{""2023-24"": 33, ""2024-25"": 33}"
hierarchy:r1_xp_minus_r1_roll3,2022-23,0.7676767676767676,-0.7376262626262626,2.2333333333333325,the interval covers zero,"{""2023-24"": 33, ""2024-25"": 33, ""2025-26"": 33}"
hierarchy:r1_xp_minus_r1_roll3,2023-24,1.0909090909090908,-0.6212121212121212,2.6515151515151514,the interval covers zero,"{""2024-25"": 33, ""2025-26"": 33}"
hierarchy:r1_xp_minus_r1_roll3,2024-25,0.6363636363636364,-1.1518939393939394,2.333712121212121,the interval covers zero,"{""2023-24"": 33, ""2025-26"": 33}"
hierarchy:r1_xp_minus_r1_roll3,2025-26,0.5757575757575758,-1.5151515151515151,2.651893939393939,the interval covers zero,"{""2023-24"": 33, ""2024-25"": 33}"
hierarchy:r1_xp_minus_r1_shuffled,2022-23,4.404040404040404,3.1204545454545456,5.717424242424242,the interval stays above zero,"{""2023-24"": 33, ""2024-25"": 33, ""2025-26"": 33}"
hierarchy:r1_xp_minus_r1_shuffled,2023-24,4.742424242424242,3.059848484848485,6.440530303030302,the interval stays above zero,"{""2024-25"": 33, ""2025-26"": 33}"
hierarchy:r1_xp_minus_r1_shuffled,2024-25,3.196969696969697,1.878787878787879,4.5606060606060606,the interval stays above zero,"{""2023-24"": 33, ""2025-26"": 33}"
hierarchy:r1_xp_minus_r1_shuffled,2025-26,5.2727272727272725,3.618560606060606,6.924621212121211,the interval stays above zero,"{""2023-24"": 33, ""2024-25"": 33}"
hierarchy:r1_exp_minus_r1_shuffled,2022-23,4.353535353535354,2.9691919191919194,5.758333333333333,the interval stays above zero,"{""2023-24"": 33, ""2024-25"": 33, ""2025-26"": 33}"
hierarchy:r1_exp_minus_r1_shuffled,2023-24,4.954545454545454,3.2420454545454542,6.697727272727272,the interval stays above zero,"{""2024-25"": 33, ""2025-26"": 33}"
hierarchy:r1_exp_minus_r1_shuffled,2024-25,3.1666666666666665,1.8178030303030304,4.5003787878787875,the interval stays above zero,"{""2023-24"": 33, ""2025-26"": 33}"
hierarchy:r1_exp_minus_r1_shuffled,2025-26,4.9393939393939394,3.1515151515151514,6.758333333333333,the interval stays above zero,"{""2023-24"": 33, ""2024-25"": 33}"
initial:score_xp:xp_minus_exp,2022-23,0.5980392156862745,-2.2174019607843136,3.3632352941176467,the interval covers zero,"{""2023-24"": 34, ""2024-25"": 34, ""2025-26"": 34}"
initial:score_xp:xp_minus_exp,2023-24,0.19117647058823528,-3.6323529411764706,3.6327205882352938,the interval covers zero,"{""2024-25"": 34, ""2025-26"": 34}"
initial:score_xp:xp_minus_exp,2024-25,1.4411764705882353,-1.4716911764705882,4.75110294117647,the interval covers zero,"{""2023-24"": 34, ""2025-26"": 34}"
initial:score_xp:xp_minus_exp,2025-26,0.16176470588235295,-3.323529411764706,3.8091911764705877,the interval covers zero,"{""2023-24"": 34, ""2024-25"": 34}"
initial:score_xp:xp_minus_shuffled,2022-23,11.686274509803921,7.990196078431373,15.666911764705882,the interval stays above zero,"{""2023-24"": 34, ""2024-25"": 34, ""2025-26"": 34}"
initial:score_xp:xp_minus_shuffled,2023-24,12.058823529411764,7.704779411764706,16.352941176470587,the interval stays above zero,"{""2024-25"": 34, ""2025-26"": 34}"
initial:score_xp:xp_minus_shuffled,2024-25,12.088235294117647,7.439705882352942,16.51544117647059,the interval stays above zero,"{""2023-24"": 34, ""2025-26"": 34}"
initial:score_xp:xp_minus_shuffled,2025-26,10.911764705882353,5.763602941176471,15.985294117647058,the interval stays above zero,"{""2023-24"": 34, ""2024-25"": 34}"
initial:score_xp:xp_minus_neutral,2022-23,9.627450980392156,6.0093137254901965,13.186274509803921,the interval stays above zero,"{""2023-24"": 34, ""2024-25"": 34, ""2025-26"": 34}"
initial:score_xp:xp_minus_neutral,2023-24,10.382352941176471,5.9411764705882355,14.765808823529412,the interval stays above zero,"{""2024-25"": 34, ""2025-26"": 34}"
initial:score_xp:xp_minus_neutral,2024-25,7.529411764705882,3.3525735294117647,11.853308823529412,the interval stays above zero,"{""2023-24"": 34, ""2025-26"": 34}"
initial:score_xp:xp_minus_neutral,2025-26,10.970588235294118,7.249632352941177,14.970955882352941,the interval stays above zero,"{""2023-24"": 34, ""2024-25"": 34}"
initial:score_exp_points:xp_minus_exp,2022-23,0.30392156862745096,-2.618137254901961,3.147794117647058,the interval covers zero,"{""2023-24"": 34, ""2024-25"": 34, ""2025-26"": 34}"
initial:score_exp_points:xp_minus_exp,2023-24,-0.7205882352941176,-4.500735294117647,2.854044117647058,the interval covers zero,"{""2024-25"": 34, ""2025-26"": 34}"
initial:score_exp_points:xp_minus_exp,2024-25,1.8823529411764706,-1.4415441176470587,5.264705882352941,the interval covers zero,"{""2023-24"": 34, ""2025-26"": 34}"
initial:score_exp_points:xp_minus_exp,2025-26,-0.25,-3.9124999999999996,3.3680147058823526,the interval covers zero,"{""2023-24"": 34, ""2024-25"": 34}"
initial:score_exp_points:xp_minus_shuffled,2022-23,11.529411764705882,7.872549019607843,15.29485294117647,the interval stays above zero,"{""2023-24"": 34, ""2024-25"": 34, ""2025-26"": 34}"
initial:score_exp_points:xp_minus_shuffled,2023-24,11.220588235294118,6.558455882352941,15.83860294117647,the interval stays above zero,"{""2024-25"": 34, ""2025-26"": 34}"
initial:score_exp_points:xp_minus_shuffled,2024-25,12.058823529411764,7.588235294117647,16.575367647058822,the interval stays above zero,"{""2023-24"": 34, ""2025-26"": 34}"
initial:score_exp_points:xp_minus_shuffled,2025-26,11.308823529411764,6.0,16.55955882352941,the interval stays above zero,"{""2023-24"": 34, ""2024-25"": 34}"
initial:score_exp_points:xp_minus_neutral,2022-23,9.882352941176471,6.2823529411764705,13.441421568627451,the interval stays above zero,"{""2023-24"": 34, ""2024-25"": 34, ""2025-26"": 34}"
initial:score_exp_points:xp_minus_neutral,2023-24,10.75,6.529044117647059,15.001470588235293,the interval stays above zero,"{""2024-25"": 34, ""2025-26"": 34}"
initial:score_exp_points:xp_minus_neutral,2024-25,8.029411764705882,3.954779411764706,12.39816176470588,the interval stays above zero,"{""2023-24"": 34, ""2025-26"": 34}"
initial:score_exp_points:xp_minus_neutral,2025-26,10.867647058823529,6.867279411764706,15.132352941176471,the interval stays above zero,"{""2023-24"": 34, ""2024-25"": 34}"
disagreement:r1_xp_minus_r1_exp,2022-23,0.17857142857142858,-1.5714285714285714,2.0723214285714278,the interval covers zero,"{""2023-24"": 13, ""2024-25"": 10, ""2025-26"": 5}"
disagreement:r1_xp_minus_r1_exp,2023-24,-0.9333333333333333,-3.466666666666667,1.3349999999999984,the interval covers zero,"{""2024-25"": 10, ""2025-26"": 5}"
disagreement:r1_xp_minus_r1_exp,2024-25,0.1111111111111111,-1.6111111111111112,1.7791666666666652,the interval covers zero,"{""2023-24"": 13, ""2025-26"": 5}"
disagreement:r1_xp_minus_r1_exp,2025-26,0.9565217391304348,-1.173913043478261,3.131521739130434,the interval covers zero,"{""2023-24"": 13, ""2024-25"": 10}"
disagreement:r3_xp_minus_r3_exp,2022-23,-4.107142857142857,-8.393749999999999,0.0017857142857126615,the interval covers zero,"{""2023-24"": 13, ""2024-25"": 10, ""2025-26"": 5}"
disagreement:r3_xp_minus_r3_exp,2023-24,-4.466666666666667,-11.139999999999999,1.7333333333333334,the interval covers zero,"{""2024-25"": 10, ""2025-26"": 5}"
disagreement:r3_xp_minus_r3_exp,2024-25,-4.277777777777778,-8.61111111111111,0.5569444444444432,the interval covers zero,"{""2023-24"": 13, ""2025-26"": 5}"
disagreement:r3_xp_minus_r3_exp,2025-26,-3.739130434782609,-8.956521739130435,1.1304347826086956,the interval covers zero,"{""2023-24"": 13, ""2024-25"": 10}"
