contrast,mean,lo,hi,reading,n_gws
placebo:greedy_xp_minus_greedy_exp,2.4705882352941178,-0.8044117647058824,5.314215686274509,the interval covers zero,"{""2023-24"": 34, ""2024-25"": 34, ""2025-26"": 34}"
placebo:greedy_shuffled_minus_hold_shuffled,2.392156862745098,-0.5007352941176471,5.177205882352941,the interval covers zero,"{""2023-24"": 34, ""2024-25"": 34, ""2025-26"": 34}"
placebo:greedy_xp_minus_greedy_shuffled,17.980392156862745,14.774264705882354,21.775245098039214,the interval stays above zero,"{""2023-24"": 34, ""2024-25"": 34, ""2025-26"": 34}"
placebo:greedy_xp_minus_hold_xp,7.480392156862745,4.245098039215686,10.901960784313726,the interval stays above zero,"{""2023-24"": 34, ""2024-25"": 34, ""2025-26"": 34}"
hierarchy:r1_xp_minus_r1_exp,0.050505050505050504,-0.47474747474747475,0.5457070707070705,the interval covers zero,"{""2023-24"": 33, ""2024-25"": 33, ""2025-26"": 33}"
hierarchy:r3_xp_minus_r3_exp,-1.1616161616161615,-2.5656565656565657,0.04065656565656543,the interval covers zero,"{""2023-24"": 33, ""2024-25"": 33, ""2025-26"": 33}"
hierarchy:r1_xp_minus_r1_roll3,0.7676767676767676,-0.7376262626262626,2.2333333333333325,the interval covers zero,"{""2023-24"": 33, ""2024-25"": 33, ""2025-26"": 33}"
hierarchy:r1_xp_minus_r1_shuffled,4.404040404040404,3.1204545454545456,5.717424242424242,the interval stays above zero,"{""2023-24"": 33, ""2024-25"": 33, ""2025-26"": 33}"
hierarchy:r1_exp_minus_r1_shuffled,4.353535353535354,2.9691919191919194,5.758333333333333,the interval stays above zero,"{""2023-24"": 33, ""2024-25"": 33, ""2025-26"": 33}"
initial:score_xp:xp_minus_exp,0.5980392156862745,-2.2174019607843136,3.3632352941176467,the interval covers zero,"{""2023-24"": 34, ""2024-25"": 34, ""2025-26"": 34}"
initial:score_xp:xp_minus_shuffled,11.686274509803921,7.990196078431373,15.666911764705882,the interval stays above zero,"{""2023-24"": 34, ""2024-25"": 34, ""2025-26"": 34}"
initial:score_xp:xp_minus_neutral,9.627450980392156,6.0093137254901965,13.186274509803921,the interval stays above zero,"{""2023-24"": 34, ""2024-25"": 34, ""2025-26"": 34}"
initial:score_exp_points:xp_minus_exp,0.30392156862745096,-2.618137254901961,3.147794117647058,the interval covers zero,"{""2023-24"": 34, ""2024-25"": 34, ""2025-26"": 34}"
initial:score_exp_points:xp_minus_shuffled,11.529411764705882,7.872549019607843,15.29485294117647,the interval stays above zero,"{""2023-24"": 34, ""2024-25"": 34, ""2025-26"": 34}"
initial:score_exp_points:xp_minus_neutral,9.882352941176471,6.2823529411764705,13.441421568627451,the interval stays above zero,"{""2023-24"": 34, ""2024-25"": 34, ""2025-26"": 34}"
disagreement:r1_xp_minus_r1_exp,0.17857142857142858,-1.5714285714285714,2.0723214285714278,the interval covers zero,"{""2023-24"": 13, ""2024-25"": 10, ""2025-26"": 5}"
disagreement:r3_xp_minus_r3_exp,-4.107142857142857,-8.393749999999999,0.0017857142857126615,the interval covers zero,"{""2023-24"": 13, ""2024-25"": 10, ""2025-26"": 5}"
