season,gw,greedy_shuffled_minus_hold_shuffled,greedy_xp_minus_greedy_exp,greedy_xp_minus_greedy_shuffled,greedy_xp_minus_hold_xp
2022-23,5,0.0,1.0,13.0,0.0
2022-23,6,5.0,-19.0,-18.0,-1.0
2022-23,8,8.0,-16.0,-11.0,1.0
2022-23,9,12.0,-45.0,-10.0,8.0
2022-23,10,-5.0,-4.0,-2.0,5.0
2022-23,11,12.0,2.0,9.0,-5.0
2022-23,12,8.0,6.0,-7.0,-15.0
2022-23,13,9.0,-1.0,-17.0,-18.0
2022-23,14,5.0,-3.0,-11.0,-8.0
2022-23,15,5.0,-37.0,-14.0,-4.0
2022-23,16,11.0,-44.0,16.0,-8.0
2022-23,17,-6.0,-25.0,-7.0,-23.0
2022-23,18,0.0,-19.0,12.0,-8.0
2022-23,19,3.0,-38.0,-7.0,-1.0
2022-23,20,8.0,-10.0,25.0,26.0
2022-23,21,2.0,-33.0,9.0,2.0
2022-23,22,-23.0,16.0,28.0,63.0
2022-23,23,-7.0,-21.0,8.0,12.0
2022-23,24,-35.0,-8.0,9.0,-4.0
2022-23,25,-1.0,-48.0,6.0,-26.0
2022-23,26,-4.0,3.0,3.0,3.0
2022-23,27,-5.0,-44.0,8.0,24.0
2022-23,28,28.0,7.0,-7.0,18.0
2022-23,29,9.0,-69.0,-4.0,16.0
2022-23,30,3.0,-21.0,-10.0,21.0
2022-23,31,-8.0,-3.0,10.0,16.0
2022-23,32,9.0,-3.0,27.0,29.0
2022-23,33,-16.0,-7.0,25.0,13.0
2022-23,34,-13.0,6.0,53.0,29.0
2022-23,35,21.0,14.0,2.0,12.0
2022-23,36,-17.0,-13.0,19.0,9.0
2022-23,37,-16.0,-2.0,37.0,34.0
2022-23,38,3.0,1.0,4.0,10.0
2023-24,5,0.0,9.0,27.0,0.0
2023-24,6,-2.0,23.0,44.0,1.0
2023-24,7,-9.0,-23.0,-5.0,5.0
2023-24,8,-16.0,5.0,24.0,-1.0
2023-24,9,-1.0,0.0,50.0,-1.0
2023-24,10,13.0,2.0,32.0,5.0
2023-24,11,0.0,-14.0,-16.0,-16.0
2023-24,12,7.0,8.0,37.0,3.0
2023-24,13,-21.0,3.0,26.0,7.0
2023-24,14,9.0,-14.0,-8.0,-1.0
2023-24,15,15.0,8.0,1.0,16.0
2023-24,16,3.0,11.0,15.0,9.0
2023-24,17,20.0,-1.0,5.0,22.0
2023-24,18,11.0,2.0,-17.0,12.0
2023-24,19,-2.0,-1.0,-5.0,15.0
2023-24,20,9.0,41.0,54.0,25.0
2023-24,21,-5.0,9.0,12.0,31.0
2023-24,22,23.0,4.0,14.0,21.0
2023-24,23,37.0,-27.0,-4.0,25.0
2023-24,24,4.0,31.0,40.0,1.0
2023-24,25,-4.0,12.0,42.0,24.0
2023-24,26,40.0,6.0,-2.0,53.0
2023-24,27,7.0,-1.0,37.0,14.0
2023-24,28,27.0,12.0,1.0,10.0
2023-24,29,-4.0,1.0,-6.0,2.0
2023-24,30,26.0,0.0,12.0,33.0
2023-24,31,7.0,10.0,36.0,54.0
2023-24,32,-3.0,-7.0,32.0,6.0
2023-24,33,31.0,-3.0,9.0,3.0
2023-24,34,14.0,-48.0,8.0,27.0
2023-24,35,-18.0,27.0,50.0,13.0
2023-24,36,30.0,16.0,13.0,1.0
2023-24,37,19.0,2.0,43.0,28.0
2023-24,38,0.0,0.0,27.0,18.0
2024-25,5,0.0,9.0,44.0,0.0
2024-25,6,-32.0,13.0,6.0,5.0
2024-25,7,15.0,1.0,-11.0,-8.0
2024-25,8,-3.0,24.0,48.0,1.0
2024-25,9,1.0,12.0,29.0,14.0
2024-25,10,6.0,-6.0,2.0,9.0
2024-25,11,-11.0,2.0,7.0,8.0
2024-25,12,10.0,19.0,26.0,4.0
2024-25,13,-9.0,-8.0,37.0,3.0
2024-25,14,-1.0,9.0,50.0,-8.0
2024-25,15,17.0,-17.0,5.0,20.0
2024-25,16,-11.0,10.0,31.0,1.0
2024-25,17,20.0,-7.0,-6.0,-39.0
2024-25,18,3.0,2.0,13.0,21.0
2024-25,19,-2.0,-29.0,8.0,-31.0
2024-25,20,-17.0,-22.0,29.0,26.0
2024-25,21,11.0,-1.0,21.0,20.0
2024-25,22,-16.0,-16.0,-1.0,-31.0
2024-25,23,11.0,21.0,33.0,15.0
2024-25,24,-18.0,-35.0,6.0,-40.0
2024-25,25,-12.0,16.0,46.0,-32.0
2024-25,26,-5.0,-11.0,24.0,-8.0
2024-25,27,-24.0,-1.0,33.0,17.0
2024-25,28,-10.0,-15.0,20.0,-14.0
2024-25,29,23.0,-6.0,-8.0,28.0
2024-25,30,-7.0,-3.0,-7.0,7.0
2024-25,31,-2.0,15.0,16.0,17.0
2024-25,32,-12.0,-3.0,45.0,31.0
2024-25,33,-5.0,27.0,65.0,52.0
2024-25,34,-25.0,2.0,27.0,7.0
2024-25,35,17.0,22.0,24.0,31.0
2024-25,36,7.0,19.0,22.0,10.0
2024-25,37,-3.0,8.0,18.0,19.0
2024-25,38,-11.0,-14.0,-5.0,4.0
2025-26,5,0.0,2.0,11.0,0.0
2025-26,6,2.0,0.0,13.0,-5.0
2025-26,7,13.0,-8.0,12.0,0.0
2025-26,8,-3.0,4.0,31.0,6.0
2025-26,9,-3.0,5.0,-5.0,4.0
2025-26,10,0.0,-3.0,14.0,8.0
2025-26,11,3.0,22.0,23.0,9.0
2025-26,12,6.0,17.0,18.0,3.0
2025-26,13,18.0,39.0,12.0,19.0
2025-26,14,0.0,-24.0,30.0,4.0
2025-26,15,-15.0,-8.0,22.0,-1.0
2025-26,16,24.0,0.0,3.0,-1.0
2025-26,17,13.0,6.0,29.0,4.0
2025-26,18,5.0,-18.0,-18.0,-21.0
2025-26,19,-5.0,13.0,22.0,3.0
2025-26,20,20.0,-12.0,6.0,12.0
2025-26,21,-8.0,1.0,45.0,24.0
2025-26,22,-2.0,-4.0,10.0,1.0
2025-26,23,4.0,3.0,10.0,-14.0
2025-26,24,-29.0,26.0,30.0,16.0
2025-26,25,20.0,3.0,5.0,3.0
2025-26,26,-14.0,-11.0,30.0,3.0
2025-26,27,-2.0,12.0,9.0,15.0
2025-26,28,-7.0,-6.0,18.0,0.0
2025-26,29,7.0,17.0,28.0,15.0
2025-26,30,-13.0,3.0,11.0,0.0
2025-26,31,1.0,-9.0,-30.0,-20.0
2025-26,32,-17.0,28.0,55.0,59.0
2025-26,33,20.0,15.0,5.0,6.0
2025-26,34,39.0,9.0,-13.0,2.0
2025-26,35,-23.0,9.0,14.0,6.0
2025-26,36,29.0,-13.0,17.0,1.0
2025-26,37,6.0,28.0,37.0,-1.0
2025-26,38,-17.0,-34.0,5.0,-21.0
