season,gw,score_xp,score_exp_points,score_official_xp
2022-23,5,69.0,46.0,93.0
2022-23,6,33.0,38.0,101.0
2022-23,8,72.0,83.0,113.0
2022-23,9,65.0,77.0,157.0
2022-23,10,69.0,86.0,94.0
2022-23,11,61.0,50.0,76.0
2022-23,13,49.0,64.0,86.0
2022-23,14,64.0,62.0,99.0
2022-23,15,27.0,74.0,114.0
2022-23,16,26.0,56.0,122.0
2022-23,17,45.0,78.0,141.0
2022-23,18,66.0,61.0,96.0
2022-23,19,56.0,90.0,98.0
2022-23,20,92.0,72.0,118.0
2022-23,21,75.0,81.0,95.0
2022-23,22,80.0,74.0,106.0
2022-23,23,101.0,81.0,112.0
2022-23,24,48.0,58.0,117.0
2022-23,25,124.0,170.0,143.0
2022-23,26,58.0,60.0,96.0
2022-23,27,106.0,109.0,115.0
2022-23,28,72.0,64.0,108.0
2022-23,29,98.0,118.0,142.0
2022-23,30,66.0,66.0,104.0
2022-23,31,68.0,67.0,114.0
2022-23,32,73.0,76.0,78.0
2022-23,33,53.0,56.0,103.0
2022-23,34,104.0,124.0,125.0
2022-23,35,66.0,65.0,102.0
2022-23,37,70.0,87.0,100.0
2022-23,38,95.0,75.0,83.0
2023-24,5,52.0,44.0,89.0
2023-24,6,73.0,45.0,123.0
2023-24,7,61.0,75.0,131.0
2023-24,8,53.0,67.0,95.0
2023-24,9,103.0,98.0,104.0
2023-24,10,76.0,74.0,122.0
2023-24,11,44.0,41.0,70.0
2023-24,12,79.0,74.0,121.0
2023-24,13,34.0,48.0,105.0
2023-24,14,63.0,75.0,72.0
2023-24,15,57.0,30.0,85.0
2023-24,16,44.0,65.0,98.0
2023-24,17,58.0,59.0,96.0
2023-24,18,50.0,71.0,81.0
2023-24,19,46.0,43.0,89.0
2023-24,20,83.0,69.0,102.0
2023-24,21,49.0,29.0,105.0
2023-24,22,55.0,48.0,135.0
2023-24,23,87.0,88.0,115.0
2023-24,24,79.0,50.0,85.0
2023-24,25,100.0,93.0,122.0
2023-24,27,81.0,80.0,112.0
2023-24,28,73.0,74.0,98.0
2023-24,29,30.0,37.0,58.0
2023-24,30,61.0,75.0,93.0
2023-24,31,79.0,88.0,129.0
2023-24,32,70.0,80.0,88.0
2023-24,33,88.0,80.0,141.0
2023-24,34,156.0,166.0,202.0
2023-24,35,69.0,73.0,114.0
2023-24,36,87.0,70.0,91.0
2023-24,37,141.0,134.0,149.0
2023-24,38,76.0,59.0,120.0
2024-25,5,94.0,90.0,122.0
2024-25,6,52.0,84.0,114.0
2024-25,7,74.0,50.0,75.0
2024-25,8,42.0,43.0,86.0
2024-25,9,86.0,78.0,88.0
2024-25,10,57.0,56.0,98.0
2024-25,11,90.0,56.0,110.0
2024-25,12,61.0,53.0,116.0
2024-25,13,96.0,96.0,127.0
2024-25,14,77.0,59.0,102.0
2024-25,15,62.0,72.0,83.0
2024-25,16,66.0,52.0,83.0
2024-25,17,88.0,75.0,120.0
2024-25,18,59.0,75.0,94.0
2024-25,19,82.0,84.0,90.0
2024-25,20,64.0,88.0,102.0
2024-25,21,73.0,66.0,93.0
2024-25,23,77.0,79.0,117.0
2024-25,24,129.0,132.0,146.0
2024-25,25,104.0,98.0,109.0
2024-25,26,75.0,61.0,102.0
2024-25,27,95.0,55.0,95.0
2024-25,28,80.0,62.0,101.0
2024-25,29,69.0,69.0,110.0
2024-25,30,43.0,50.0,88.0
2024-25,31,41.0,20.0,102.0
2024-25,33,119.0,105.0,141.0
2024-25,35,57.0,57.0,64.0
2024-25,36,59.0,46.0,100.0
2024-25,37,69.0,27.0,84.0
2024-25,38,66.0,65.0,71.0
2025-26,5,62.0,51.0,105.0
2025-26,6,56.0,65.0,115.0
2025-26,8,68.0,69.0,121.0
2025-26,9,62.0,64.0,124.0
2025-26,24,78.0,54.0,109.0
2025-26,29,82.0,86.0,102.0
2025-26,38,43.0,42.0,57.0
