season,gw,rank_gap,rho_score,rho_scraped,negative,undefined,n_positions
2022-23,4,-0.3848863377591008,0.23667714130050618,0.621563479059607,True,False,4
2022-23,5,-0.25369454973473815,0.2353819880271849,0.4890765377619231,True,False,4
2022-23,6,-0.4790752546447894,-0.05024322037548271,0.4288320342693067,True,False,4
2022-23,8,-0.4760467908315285,0.14213178494231116,0.6181785757738396,True,False,4
2022-23,9,-0.6488417690906775,0.18911550093537668,0.8379572700260542,True,False,4
2022-23,10,-0.5175645302081349,0.10238293305566885,0.6199474632638038,True,False,4
2022-23,11,-0.42838531332709506,0.2242454323955426,0.6526307457226376,True,False,4
2022-23,12,,,,False,True,0
2022-23,13,-0.26902748997509146,0.20886622602402238,0.47789371599911384,True,False,4
2022-23,14,-0.07526604492007193,0.28877941708514254,0.3640454620052145,True,False,4
2022-23,15,-0.518611045453338,0.16270742034754995,0.681318465800888,True,False,4
2022-23,16,-0.4374869109393491,0.18575904790657552,0.6232459588459246,True,False,4
2022-23,17,-0.7611685541405757,0.1776904275598268,0.9388589817004026,True,False,4
2022-23,18,-0.6211252702917303,0.12919317645552164,0.7503184467472519,True,False,4
2022-23,19,-0.3786396999043525,0.22199886446838354,0.600638564372736,True,False,4
2022-23,20,-0.28626425833104174,0.310613786465049,0.5968780447960907,True,False,4
2022-23,21,-0.2919263231673408,0.2717726906046518,0.5636990137719925,True,False,4
2022-23,22,-0.497127870478998,0.07973225633247781,0.5768601268114758,True,False,4
2022-23,23,-0.3440946992759726,0.3006640132397838,0.6447587125157564,True,False,4
2022-23,24,-0.7016150120293668,0.009778136520905555,0.7113931485502725,True,False,4
2022-23,25,-0.11703215800998702,0.32973660563150226,0.4467687636414893,True,False,4
2022-23,26,-0.268228172179778,0.31425358232176065,0.5824817545015387,True,False,4
2022-23,27,-0.20723846039323418,0.4223884177001245,0.6296268780933587,True,False,4
2022-23,28,-0.11225127448323927,0.4673461703392864,0.5795974448225256,True,False,4
2022-23,29,-0.28160350726237104,0.5553672326062328,0.8369707398686038,True,False,4
2022-23,30,-0.4102899436165014,0.26487382848745544,0.6751637721039568,True,False,4
2022-23,31,-0.5336999925618735,0.2052757841206685,0.738975776682542,True,False,4
2022-23,32,-0.14808423170202498,0.35522560141486503,0.50330983311689,True,False,4
2022-23,33,-0.35464239482890675,0.09079798269259726,0.445440377521504,True,False,4
2022-23,34,-0.06921135602094994,0.5721433009021377,0.6413546569230877,True,False,4
2022-23,35,-0.2986681759297419,0.09606282401459904,0.39473099994434097,True,False,4
2022-23,36,,,,False,True,0
2022-23,37,-0.3253042950271393,0.21354027872024975,0.538844573747389,True,False,4
2022-23,38,-0.26944183084616335,0.26367862008451187,0.5331204509306752,True,False,4
2023-24,4,-0.27354468108226115,0.34466379597376223,0.6182084770560233,True,False,4
2023-24,5,-0.4132190888654136,0.21584748641204063,0.6290665752774542,True,False,4
2023-24,6,-0.3032138335436945,0.3307251283517604,0.6339389618954548,True,False,4
2023-24,7,-0.38216705003853957,0.2349175641447388,0.6170846141832784,True,False,4
2023-24,8,-0.303423003409792,0.33208764555869774,0.6355106489684896,True,False,4
2023-24,9,-0.10411198823022222,0.4497196154890073,0.5538316037192295,True,False,4
2023-24,10,-0.3333653141743614,0.3318113093908839,0.6651766235652452,True,False,4
2023-24,11,-0.489778559834658,0.08796867517822289,0.5777472350128809,True,False,4
2023-24,12,-0.2687138184881985,0.2529586444604438,0.5216724629486423,True,False,4
2023-24,13,-0.6992202538468764,-0.0018415002364800875,0.6973787536103964,True,False,4
2023-24,14,-0.2577654663426534,0.363318589359637,0.6210840557022904,True,False,4
2023-24,15,-0.4657316407957234,0.14406784758705377,0.6097994883827772,True,False,4
2023-24,16,-0.44994477112300096,0.1034795112007576,0.5534242823237586,True,False,4
2023-24,17,-0.28654021291050014,0.2772857944524563,0.5638260073629564,True,False,4
2023-24,18,-0.3843823098015174,0.035575243876509836,0.41995755367802723,True,False,4
2023-24,19,-0.3120915084147977,0.2081208920818521,0.5202124004966499,True,False,4
2023-24,20,-0.22813619100296428,0.22392507025054448,0.45206126125350876,True,False,4
2023-24,21,-0.46004430821410347,0.25093004657143714,0.7109743547855407,True,False,4
2023-24,22,-0.4585851059664841,0.2215572983805335,0.6801424043470176,True,False,4
2023-24,23,-0.34289439610554806,0.19817453125086526,0.5410689273564133,True,False,4
2023-24,24,-0.38627507098465025,0.24826023983617207,0.6345353108208223,True,False,4
2023-24,25,-0.23248090893028467,0.4035958366026725,0.6360767455329572,True,False,4
2023-24,26,,,,False,True,0
2023-24,27,-0.26361944526900605,0.42488604099100336,0.6885054862600094,True,False,4
2023-24,28,-0.300267304978675,0.2893849948794285,0.5896522998581034,True,False,4
2023-24,29,-0.7332060789485008,-0.15005048096211496,0.5831555979863858,True,False,4
2023-24,30,-0.4572936936830445,0.1799836640728058,0.6372773577558503,True,False,4
2023-24,31,-0.28166083536022996,0.36122231029228674,0.6428831456525166,True,False,4
2023-24,32,-0.10725873736205258,0.35231827973566915,0.45957701709772175,True,False,4
2023-24,33,-0.45520708226786377,0.0203202072463613,0.47552728951422507,True,False,4
2023-24,34,-0.1947678575842772,0.4246029886984611,0.6193708462827383,True,False,4
2023-24,35,-0.20333360083841234,0.3437152248499929,0.5470488256884052,True,False,4
2023-24,36,-0.18809226255150466,0.416961620376209,0.6050538829277137,True,False,4
2023-24,37,-0.13997829248318544,0.5863877455782263,0.7263660380614116,True,False,4
2023-24,38,-0.15184544629668528,0.34654018658344654,0.49838563288013177,True,False,4
2024-25,4,-0.5337945794579079,0.08343157816058586,0.6172261576184938,True,False,4
2024-25,5,-0.35617217234978227,0.22767475476461174,0.583846927114394,True,False,4
2024-25,6,-0.34500263888431176,0.09426437761166744,0.4392670164959792,True,False,4
2024-25,7,-0.38343287627961214,0.17769522920262404,0.5611281054822361,True,False,4
2024-25,8,-0.4898246275194564,0.07589860383555026,0.5657232313550066,True,False,4
2024-25,9,-0.362982324812862,0.23676490799308797,0.59974723280595,True,False,4
2024-25,10,-0.49797053917176415,0.10442760860574196,0.602398147777506,True,False,4
2024-25,11,-0.33251744019842694,0.24509327805764003,0.577610718256067,True,False,4
2024-25,12,-0.5183217365410804,0.10854067313274349,0.6268624096738239,True,False,4
2024-25,13,-0.14200521891578965,0.435256498179229,0.5772617170950187,True,False,4
2024-25,14,-0.2658883166639909,0.20981629477304412,0.47570461143703496,True,False,4
2024-25,15,-0.33453172289809435,0.09511580208541189,0.4296475249835062,True,False,4
2024-25,16,-0.47912943799943386,0.15826377671094338,0.6373932147103772,True,False,4
2024-25,17,-0.4102830734162308,0.19619913993152294,0.6064822133477538,True,False,4
2024-25,18,-0.38230653799743647,0.19427669954652937,0.5765832375439659,True,False,4
2024-25,19,-0.24120729965143872,0.2516256488010466,0.4928329484524853,True,False,4
2024-25,20,-0.3536215834980838,0.2416584110324293,0.5952799945305131,True,False,4
2024-25,21,-0.11841337829858643,0.3943386736475717,0.5127520519461581,True,False,4
2024-25,22,,,,False,True,0
2024-25,23,-0.28294497581072076,0.2922514951914923,0.575196471002213,True,False,4
2024-25,24,-0.44424144386253706,0.23142130144524756,0.6756627453077846,True,False,4
2024-25,25,-0.3791633042543587,0.33490645524987556,0.7140697595042342,True,False,4
2024-25,26,-0.5439236467878312,0.07673224991782251,0.6206558967056537,True,False,4
2024-25,27,-0.13407966332056848,0.5062989470171972,0.6403786103377657,True,False,4
2024-25,28,-0.39987639847302514,0.1458817769172134,0.5457581753902385,True,False,4
2024-25,29,-0.27867867176273164,0.24766976272195723,0.5263484344846889,True,False,4
2024-25,30,-0.4787225030826795,0.11734781377634067,0.5960703168590201,True,False,4
2024-25,31,-0.43396744933293746,0.26161559095590725,0.6955830402888448,True,False,4
2024-25,32,,,,False,True,0
2024-25,33,-0.1898461701813552,0.3606022538705569,0.5504484240519121,True,False,4
2024-25,34,,,,False,True,0
2024-25,35,-0.20113579176790974,0.2055110116381264,0.4066468034060361,True,False,4
2024-25,36,-0.4733488149406062,0.035158704277139456,0.5085075192177456,True,False,4
2024-25,37,-0.21470558762502118,0.38382225641510953,0.5985278440401307,True,False,4
2024-25,38,-0.2417018678020076,0.18121979979332387,0.42292166759533145,True,False,4
2025-26,4,-0.3676312130922442,0.4144108669357743,0.7820420800280186,True,False,4
2025-26,5,-0.5029286972592417,0.13313448161294544,0.6360631788721871,True,False,4
2025-26,6,-0.5239177641274957,0.1040212127297386,0.6279389768572343,True,False,4
2025-26,7,,,,False,True,0
2025-26,8,-0.4693064636354551,0.2205755194218333,0.6898819830572884,True,False,4
2025-26,9,-0.5552946629522306,0.08451467961447544,0.6398093425667061,True,False,4
2025-26,10,,,,False,True,0
2025-26,11,,,,False,True,0
2025-26,12,,,,False,True,0
2025-26,13,,,,False,True,0
2025-26,14,,,,False,True,0
2025-26,15,,,,False,True,0
2025-26,16,,,,False,True,0
2025-26,17,,,,False,True,0
2025-26,18,,,,False,True,0
2025-26,19,,,,False,True,0
2025-26,20,,,,False,True,0
2025-26,21,,,,False,True,0
2025-26,22,,,,False,True,0
2025-26,23,,,,False,True,0
2025-26,24,-0.28439650622765944,0.31351802439006754,0.5979145306177269,True,False,4
2025-26,25,,,,False,True,0
2025-26,26,,,,False,True,0
2025-26,27,,,,False,True,0
2025-26,28,,,,False,True,0
2025-26,29,-0.29263197930131135,0.2135858898147473,0.5062178691160586,True,False,4
2025-26,30,,,,False,True,0
2025-26,31,,,,False,True,0
2025-26,32,,,,False,True,0
2025-26,33,,,,False,True,0
2025-26,34,,,,False,True,0
2025-26,35,,,,False,True,0
2025-26,36,,,,False,True,0
2025-26,37,,,,False,True,0
2025-26,38,-0.3439549719486841,0.012403669612170168,0.35635864156085423,True,False,4
