candidate,family,formula,params,column,xi_points,delta_vs_xp,spearman,mae,bias,n,mean_transfers,hits
xp,baseline,column,column=score_xp,search__xp__0,2083.0,0.0,0.22879221912978057,2.288672847510493,0.12841840885775607,7569.0,,
exp_points,player_score,column,column=score_exp_points,search__exp_points__0,1845.0,-238.0,0.16855991732098116,2.332476011204961,0.012675615018263794,7569.0,,
xmi,player_score,column,column=score_xmi,search__xmi__0,1577.0,-506.0,0.14809391423179472,74.88356013564099,74.88356013564099,7569.0,,
price,player_score,column,column=score_price,search__price__0,1973.0,-110.0,0.12188790054827317,51.16158012947549,51.16158012947549,7569.0,,
roll3,player_score,column,column=score_roll3_points,search__roll3__0,1709.0,-374.0,0.11255307685106093,2.5697362046945873,0.17417536442506712,7569.0,,
team_prior,player_score,column,column=score_team_prior,search__team_prior__0,1977.0,-106.0,0.17839019390551913,2.322179224361722,0.12275569169321829,7569.0,,
linear_risk,player_score,linear_risk,lambda=0.1,search__linear_risk__0,1998.0,-85.0,0.22822937468112603,2.2039114342614945,-0.15682701685154593,7569.0,,
linear_risk,player_score,linear_risk,lambda=0.25,search__linear_risk__1,1983.0,-100.0,0.21947767132290177,2.119065860951174,-0.5846951554154988,7569.0,,
linear_risk,player_score,linear_risk,lambda=0.5,search__linear_risk__2,1983.0,-100.0,0.18545990119599928,2.148269756280653,-1.2978087196887536,7569.0,,
sharpe,player_score,sharpe,eps=0.5,search__sharpe__0,1375.0,-708.0,0.09111641678771656,2.4300376973475015,-2.1845100593928475,7569.0,,
sharpe,player_score,sharpe,eps=1.0,search__sharpe__1,1515.0,-568.0,0.11207807263486069,2.5154142574056353,-2.3589859799636215,7569.0,,
sharpe,player_score,sharpe,eps=2.0,search__sharpe__2,1696.0,-387.0,0.14550280783586791,2.671455346495505,-2.575405431358995,7569.0,,
ownership,player_score,ownership,weight=0.25,search__ownership__0,2012.0,-71.0,0.22680051856411815,2.2744618278988322,0.07149041052788459,7569.0,,
ownership,player_score,ownership,weight=0.5,search__ownership__1,1959.0,-124.0,0.2205057475307852,2.262700193462343,0.01456241219801312,7569.0,,
ownership,player_score,ownership,weight=1.0,search__ownership__2,1871.0,-212.0,0.18585116664665943,2.2488009294207116,-0.0992935844617299,7569.0,,
blend,player_score,blend,alpha=0.25,search__blend__0,1947.0,-136.0,0.19109641804991845,2.3019052087030305,0.041611313478136853,7569.0,,
blend,player_score,blend,alpha=0.5,search__blend__1,2011.0,-72.0,0.21340622827703792,2.2853054857182187,0.07054701193800994,7569.0,,
blend,player_score,blend,alpha=0.75,search__blend__2,2101.0,18.0,0.2289856837424851,2.2819994491304323,0.09948271039788299,7569.0,,
tail_risk,player_score,tail_risk,lambda=0.5,search__tail_risk__0,2025.0,-58.0,0.21914676476297493,2.2483776308708534,-0.04577409529091357,7569.0,,
tail_risk,player_score,tail_risk,lambda=1.0,search__tail_risk__1,1998.0,-85.0,0.18638987713809213,2.2463095518880087,-0.21996659943958322,7569.0,,
