gw,method,xi_points,xi_points_cap,formation,n_players,mean_score,n_eligible
5,xp,61.0,65.0,1-5-4-1,11,5.195131572093452,148
5,exp_points,42.0,51.0,1-5-3-2,11,7.886363636363637,148
5,price,41.0,46.0,1-3-4-3,11,86.63636363636364,148
5,random,47.0,52.0,1-4-4-2,11,0.959761395745423,148
5,ridge_pos,59.0,64.0,1-3-5-2,11,5.910194167418684,148
5,ridge_global_starters,68.0,73.0,1-3-4-3,11,6.005317168611597,148
5,blend_xp_exp,55.0,60.0,1-5-4-1,11,1.7406950072545515,148
6,xp,54.0,70.0,1-5-4-1,11,5.72233905629906,174
6,exp_points,55.0,71.0,1-5-3-2,11,7.322727272727272,174
6,price,48.0,50.0,1-3-4-3,11,87.0909090909091,174
6,random,43.0,44.0,1-4-5-1,11,0.975548583871855,174
6,ridge_pos,41.0,57.0,1-3-5-2,11,5.777562463344261,174
6,ridge_global_starters,37.0,53.0,1-3-4-3,11,5.887583230969235,174
6,blend_xp_exp,43.0,59.0,1-5-4-1,11,1.9715736878557808,174
7,xp,65.0,73.0,1-5-3-2,11,5.813047572056839,202
7,exp_points,46.0,54.0,1-3-5-2,11,7.240909090909091,202
7,price,49.0,51.0,1-3-4-3,11,88.72727272727273,202
7,random,26.0,34.0,1-3-5-2,11,0.9617253959991778,202
7,ridge_pos,75.0,83.0,1-3-5-2,11,5.738251098411254,202
7,ridge_global_starters,75.0,83.0,1-3-4-3,11,5.908229523487723,202
7,blend_xp_exp,73.0,81.0,1-5-4-1,11,2.1433492896267583,202
8,xp,60.0,73.0,1-5-4-1,11,5.311279791498103,215
8,exp_points,50.0,63.0,1-5-4-1,11,7.085281385281386,215
8,price,63.0,76.0,1-3-4-3,11,89.0909090909091,215
8,random,35.0,37.0,1-4-5-1,11,0.971135522078022,215
8,ridge_pos,70.0,72.0,1-3-4-3,11,5.463021544096728,215
8,ridge_global_starters,68.0,81.0,1-3-4-3,11,5.63776074782121,215
8,blend_xp_exp,66.0,79.0,1-5-3-2,11,2.061945893550788,215
9,xp,37.0,39.0,1-5-3-2,11,5.657806979185316,229
9,exp_points,38.0,40.0,1-5-3-2,11,7.061255411255411,229
9,price,40.0,42.0,1-3-4-3,11,88.9090909090909,229
9,random,45.0,51.0,1-4-5-1,11,0.9568832733380116,229
9,ridge_pos,46.0,52.0,1-3-5-2,11,5.689137542290444,229
9,ridge_global_starters,42.0,44.0,1-3-4-3,11,5.794852375731481,229
9,blend_xp_exp,39.0,41.0,1-5-3-2,11,2.1406804156762087,229
10,xp,53.0,66.0,1-5-4-1,11,5.464513463017429,235
10,exp_points,54.0,67.0,1-5-3-2,11,6.662337662337663,235
10,price,73.0,86.0,1-3-4-3,11,89.45454545454545,235
10,random,53.0,60.0,1-3-5-2,11,0.9690278361103067,235
10,ridge_pos,80.0,90.0,1-3-4-3,11,5.62512803787338,235
10,ridge_global_starters,82.0,95.0,1-3-4-3,11,5.783179173523831,235
10,blend_xp_exp,64.0,77.0,1-5-3-2,11,2.0051402592977285,235
11,xp,33.0,36.0,1-5-4-1,11,5.25940237201798,240
11,exp_points,20.0,24.0,1-5-4-1,11,6.656818181818181,240
11,price,42.0,46.0,1-3-4-3,11,89.27272727272727,240
11,random,26.0,31.0,1-3-5-2,11,0.9521989313620058,240
11,ridge_pos,44.0,48.0,1-3-4-3,11,5.498178195076577,240
11,ridge_global_starters,44.0,48.0,1-3-4-3,11,5.545747769953111,240
11,blend_xp_exp,24.0,28.0,1-5-4-1,11,2.116606516813351,240
12,xp,47.0,50.0,1-5-4-1,11,5.353018513554063,243
12,exp_points,35.0,37.0,1-5-3-2,11,6.075390266299357,243
12,price,30.0,32.0,1-3-4-3,11,90.81818181818181,243
12,random,33.0,39.0,1-4-4-2,11,0.9845203910422291,243
12,ridge_pos,42.0,44.0,1-3-5-2,11,5.601919185321362,243
12,ridge_global_starters,27.0,29.0,1-3-5-2,11,5.653684705338175,243
12,blend_xp_exp,52.0,54.0,1-5-4-1,11,1.9852336367847017,243
13,xp,63.0,65.0,1-5-3-2,11,5.295841197368585,242
13,exp_points,14.0,16.0,1-5-4-1,11,6.087809917355372,242
13,price,41.0,43.0,1-3-4-3,11,85.45454545454545,242
13,random,47.0,54.0,1-3-5-2,11,0.9726355639223994,242
13,ridge_pos,85.0,87.0,1-3-4-3,11,5.357233344006914,242
13,ridge_global_starters,73.0,75.0,1-3-4-3,11,5.380881578154853,242
13,blend_xp_exp,32.0,34.0,1-5-3-2,11,1.9172597799871596,242
14,xp,54.0,58.0,1-4-5-1,11,5.318797142550856,248
14,exp_points,70.0,84.0,1-5-3-2,11,5.868881118881119,248
14,price,52.0,66.0,1-3-4-3,11,91.18181818181819,248
14,random,35.0,37.0,1-4-5-1,11,0.979480753488178,248
14,ridge_pos,55.0,56.0,1-3-5-2,11,5.66273346201227,248
14,ridge_global_starters,56.0,70.0,1-3-4-3,11,5.721574383006158,248
14,blend_xp_exp,75.0,89.0,1-5-4-1,11,1.9864437198723457,248
15,xp,65.0,67.0,1-5-3-2,11,5.333333398263501,253
15,exp_points,61.0,63.0,1-4-4-2,11,5.826590076590077,253
15,price,60.0,62.0,1-3-4-3,11,85.81818181818181,253
15,random,33.0,35.0,1-5-4-1,11,0.9764685237386975,253
15,ridge_pos,69.0,71.0,1-3-4-3,11,5.46621173811866,253
15,ridge_global_starters,72.0,74.0,1-3-5-2,11,5.544441770153177,253
15,blend_xp_exp,76.0,78.0,1-5-4-1,11,1.8890644834555552,253
16,xp,59.0,72.0,1-5-4-1,11,5.308797869225739,253
16,exp_points,61.0,74.0,1-3-5-2,11,5.868764568764569,253
16,price,73.0,86.0,1-3-4-3,11,91.54545454545455,253
16,random,38.0,46.0,1-4-3-3,11,0.9798452398024107,253
16,ridge_pos,65.0,76.0,1-3-5-2,11,5.663980949431704,253
16,ridge_global_starters,59.0,72.0,1-3-5-2,11,5.7097477935012915,253
16,blend_xp_exp,68.0,81.0,1-4-5-1,11,1.9862668044817249,253
17,xp,72.0,88.0,1-5-4-1,11,5.355254014564541,226
17,exp_points,60.0,76.0,1-3-5-2,11,5.876731601731601,226
17,price,62.0,78.0,1-3-4-3,11,86.63636363636364,226
17,random,22.0,23.0,1-4-4-2,11,0.9679753770441173,226
17,ridge_pos,73.0,89.0,1-3-5-2,11,5.583507743597312,226
17,ridge_global_starters,72.0,88.0,1-3-5-2,11,5.624278965218537,226
17,blend_xp_exp,60.0,76.0,1-5-4-1,11,2.034236561320285,226
18,xp,31.0,33.0,1-5-4-1,11,5.221147231524446,232
18,exp_points,35.0,37.0,1-4-5-1,11,6.032382546152599,232
18,price,43.0,45.0,1-3-4-3,11,86.45454545454545,232
18,random,33.0,35.0,1-5-4-1,11,0.9772986649738017,232
18,ridge_pos,32.0,39.0,1-3-4-3,11,5.617678985410897,232
18,ridge_global_starters,31.0,33.0,1-3-4-3,11,5.675936850798484,232
18,blend_xp_exp,34.0,36.0,1-5-4-1,11,2.0703458119801534,232
19,xp,70.0,72.0,1-5-4-1,11,5.169552634568867,235
19,exp_points,47.0,49.0,1-5-4-1,11,5.867925048807401,235
19,price,52.0,54.0,1-3-4-3,11,86.9090909090909,235
19,random,32.0,34.0,1-4-5-1,11,0.9599449622604197,235
19,ridge_pos,52.0,58.0,1-3-5-2,11,5.518317951189377,235
19,ridge_global_starters,54.0,56.0,1-3-4-3,11,5.60310415050969,235
19,blend_xp_exp,55.0,57.0,1-5-4-1,11,1.9337189200828055,235
20,xp,68.0,70.0,1-5-4-1,11,5.112755890713707,246
20,exp_points,51.0,53.0,1-4-5-1,11,5.884438574841052,246
20,price,43.0,45.0,1-3-4-3,11,86.63636363636364,246
20,random,20.0,21.0,1-5-4-1,11,0.9808374057414665,246
20,ridge_pos,51.0,55.0,1-3-4-3,11,5.276861027015134,246
20,ridge_global_starters,50.0,52.0,1-3-4-3,11,5.364919908429801,246
20,blend_xp_exp,47.0,49.0,1-5-4-1,11,1.9734475898827055,246
21,xp,45.0,51.0,1-5-4-1,11,5.22475927839586,256
21,exp_points,64.0,70.0,1-3-5-2,11,5.9093236656704144,256
21,price,38.0,44.0,1-3-4-3,11,87.36363636363636,256
21,random,55.0,58.0,1-5-4-1,11,0.9721558314570125,256
21,ridge_pos,53.0,60.0,1-3-5-2,11,5.4326717899100965,256
21,ridge_global_starters,57.0,63.0,1-3-4-3,11,5.494850385790267,256
21,blend_xp_exp,53.0,59.0,1-5-4-1,11,2.0998139916501715,256
22,xp,45.0,53.0,1-5-4-1,11,4.9455697403618055,257
22,exp_points,46.0,48.0,1-3-5-2,11,5.897155768208399,257
22,price,51.0,53.0,1-3-4-3,11,87.45454545454545,257
22,random,37.0,38.0,1-4-3-3,11,0.9812995744454888,257
22,ridge_pos,44.0,45.0,1-3-5-2,11,5.3822399700105406,257
22,ridge_global_starters,36.0,38.0,1-3-4-3,11,5.5336610082152955,257
22,blend_xp_exp,52.0,54.0,1-5-4-1,11,1.9129796540061503,257
23,xp,51.0,52.0,1-5-4-1,11,5.0813096310587165,262
23,exp_points,33.0,34.0,1-5-3-2,11,5.90852648149299,262
23,price,30.0,31.0,1-3-4-3,11,90.81818181818181,262
23,random,30.0,34.0,1-5-4-1,11,0.971077349901149,262
23,ridge_pos,39.0,44.0,1-3-5-2,11,5.469183672446472,262
23,ridge_global_starters,39.0,40.0,1-3-5-2,11,5.535051658776482,262
23,blend_xp_exp,29.0,30.0,1-5-3-2,11,2.048221356767925,262
24,xp,71.0,81.0,1-5-4-1,11,5.271091173002832,251
24,exp_points,45.0,50.0,1-4-4-2,11,5.782590880405342,251
24,price,70.0,75.0,1-3-4-3,11,90.9090909090909,251
24,random,37.0,45.0,1-4-3-3,11,0.9621948354935635,251
24,ridge_pos,73.0,78.0,1-3-5-2,11,5.497130933505222,251
24,ridge_global_starters,71.0,76.0,1-3-5-2,11,5.475331409409384,251
24,blend_xp_exp,75.0,85.0,1-5-4-1,11,1.9741575774486742,251
25,xp,61.0,71.0,1-5-4-1,11,5.1156232177656245,244
25,exp_points,64.0,70.0,1-4-4-2,11,5.768458155809935,244
25,price,78.0,89.0,1-3-4-3,11,91.36363636363636,244
25,random,28.0,29.0,1-4-5-1,11,0.966534758755796,244
25,ridge_pos,75.0,85.0,1-3-5-2,11,5.628532960904348,244
25,ridge_global_starters,93.0,104.0,1-3-5-2,11,5.5320030021372295,244
25,blend_xp_exp,66.0,72.0,1-5-4-1,11,1.9347628273283641,244
26,xp,33.0,35.0,1-5-4-1,11,5.3369509857457045,260
26,exp_points,49.0,54.0,1-3-5-2,11,5.982707443133844,260
26,price,51.0,56.0,1-3-5-2,11,94.9090909090909,260
26,random,29.0,31.0,1-5-4-1,11,0.9646511155548523,260
26,ridge_pos,49.0,55.0,1-3-5-2,11,5.761568630810017,260
26,ridge_global_starters,57.0,62.0,1-3-5-2,11,5.815175311004751,260
26,blend_xp_exp,49.0,54.0,1-5-4-1,11,2.13527911820004,260
27,xp,38.0,41.0,1-5-4-1,11,5.335583219359714,245
27,exp_points,43.0,49.0,1-3-5-2,11,5.668124383302248,245
27,price,44.0,50.0,1-3-4-3,11,93.0,245
27,random,27.0,28.0,1-4-5-1,11,0.9735401750886402,245
27,ridge_pos,37.0,40.0,1-3-5-2,11,5.748745628987598,245
27,ridge_global_starters,46.0,52.0,1-3-5-2,11,5.681668660322811,245
27,blend_xp_exp,39.0,45.0,1-4-5-1,11,2.1121699917814425,245
28,xp,55.0,68.0,1-5-4-1,11,5.127513280963154,246
28,exp_points,54.0,63.0,1-3-5-2,11,5.475525784688464,246
28,price,67.0,69.0,1-3-5-2,11,87.54545454545455,246
28,random,40.0,41.0,1-5-4-1,11,0.9762840326956422,246
28,ridge_pos,66.0,68.0,1-3-5-2,11,5.6810965084499125,246
28,ridge_global_starters,64.0,66.0,1-3-5-2,11,5.4525757344884545,246
28,blend_xp_exp,63.0,76.0,1-4-5-1,11,1.9191347219734867,246
29,xp,68.0,70.0,1-5-4-1,11,5.1992428823919195,251
29,exp_points,56.0,58.0,1-3-4-3,11,5.5921712908669425,251
29,price,72.0,74.0,1-3-4-3,11,93.18181818181819,251
29,random,44.0,50.0,1-5-3-2,11,0.9627562199993452,251
29,ridge_pos,81.0,90.0,1-3-5-2,11,5.5999963936431705,251
29,ridge_global_starters,71.0,73.0,1-3-5-2,11,5.570570591971156,251
29,blend_xp_exp,69.0,71.0,1-5-4-1,11,2.041834761852535,251
30,xp,48.0,58.0,1-5-4-1,11,5.296951680672569,247
30,exp_points,39.0,41.0,1-3-5-2,11,5.648153570567363,247
30,price,45.0,47.0,1-3-4-3,11,93.45454545454545,247
30,random,39.0,45.0,1-3-4-3,11,0.9656466498141014,247
30,ridge_pos,43.0,44.0,1-3-5-2,11,5.6660886619354045,247
30,ridge_global_starters,41.0,43.0,1-3-5-2,11,5.7130606383567075,247
30,blend_xp_exp,49.0,59.0,1-4-5-1,11,2.0450493511703467,247
31,xp,57.0,57.0,1-5-4-1,11,4.893281617358704,209
31,exp_points,47.0,60.0,1-3-5-2,11,4.979593504303517,209
31,price,52.0,54.0,1-3-5-2,11,79.0909090909091,209
31,random,41.0,47.0,1-4-5-1,11,0.9600905069499214,209
31,ridge_pos,49.0,62.0,1-3-5-2,11,5.128131050130036,209
31,ridge_global_starters,57.0,70.0,1-3-4-3,11,4.983375349585091,209
31,blend_xp_exp,48.0,61.0,1-5-4-1,11,1.714425958971607,209
32,xp,74.0,78.0,1-5-4-1,11,4.965987289902002,255
32,exp_points,53.0,57.0,1-3-4-3,11,5.594256148004758,255
32,price,41.0,43.0,1-3-4-3,11,91.63636363636364,255
32,random,38.0,42.0,1-4-5-1,11,0.9696545903638587,255
32,ridge_pos,73.0,81.0,1-3-5-2,11,5.363757058600266,255
32,ridge_global_starters,73.0,75.0,1-3-4-3,11,5.3807238004067095,255
32,blend_xp_exp,49.0,53.0,1-5-4-1,11,1.993474323802131,255
33,xp,66.0,73.0,1-5-3-2,11,5.316606412717013,332
33,exp_points,41.0,41.0,1-3-5-2,11,5.833908902243504,332
33,price,47.0,53.0,1-3-4-3,11,96.9090909090909,332
33,random,28.0,29.0,1-3-4-3,11,0.9809291261774106,332
33,ridge_pos,50.0,52.0,1-3-5-2,11,5.572049728188612,332
33,ridge_global_starters,87.0,94.0,1-3-4-3,11,5.551019773756964,332
33,blend_xp_exp,48.0,55.0,1-5-3-2,11,2.1255330565430564,332
34,xp,53.0,58.0,1-5-4-1,11,4.873160765106281,176
34,exp_points,49.0,54.0,1-3-5-2,11,5.326478676044372,176
34,price,50.0,51.0,1-3-4-3,11,87.0909090909091,176
34,random,39.0,46.0,1-4-5-1,11,0.9480914889819506,176
34,ridge_pos,59.0,60.0,1-3-5-2,11,5.445983510074994,176
34,ridge_global_starters,46.0,47.0,1-3-5-2,11,5.293717987777931,176
34,blend_xp_exp,27.0,32.0,1-5-4-1,11,1.7360910863293133,176
35,xp,49.0,63.0,1-5-4-1,11,5.203119665913072,250
35,exp_points,47.0,54.0,1-3-5-2,11,5.557820896790838,250
35,price,59.0,66.0,1-3-4-3,11,88.0,250
35,random,27.0,28.0,1-4-3-3,11,0.9631063581903532,250
35,ridge_pos,56.0,56.0,1-3-4-3,11,5.588492380873356,250
35,ridge_global_starters,77.0,84.0,1-3-4-3,11,5.503753538873954,250
35,blend_xp_exp,61.0,68.0,1-5-4-1,11,1.905498685913927,250
36,xp,67.0,78.0,1-5-4-1,11,5.140777944179862,275
36,exp_points,72.0,83.0,1-3-5-2,11,5.560307214222252,275
36,price,48.0,59.0,1-3-4-3,11,89.45454545454545,275
36,random,37.0,38.0,1-4-5-1,11,0.9609033153790122,275
36,ridge_pos,61.0,72.0,1-3-4-3,11,5.375280260589048,275
36,ridge_global_starters,71.0,82.0,1-3-4-3,11,5.427055941791763,275
36,blend_xp_exp,77.0,88.0,1-5-4-1,11,2.0426491614699605,275
37,xp,56.0,65.0,1-5-3-2,11,5.146423919741492,270
37,exp_points,48.0,57.0,1-3-5-2,11,5.498608695243399,270
37,price,68.0,77.0,1-3-4-3,11,93.45454545454545,270
37,random,25.0,26.0,1-3-4-3,11,0.9687160231038173,270
37,ridge_pos,55.0,64.0,1-3-4-3,11,5.634808787204924,270
37,ridge_global_starters,53.0,62.0,1-3-4-3,11,5.657338274839056,270
37,blend_xp_exp,49.0,58.0,1-4-4-2,11,2.0771809484676513,270
38,xp,52.0,54.0,1-5-4-1,11,4.784131369607007,254
38,exp_points,46.0,47.0,1-3-5-2,11,5.250673868131174,254
38,price,58.0,64.0,1-3-5-2,11,85.63636363636364,254
38,random,35.0,39.0,1-4-4-2,11,0.9755933203699869,254
38,ridge_pos,72.0,78.0,1-3-5-2,11,5.207670203234866,254
38,ridge_global_starters,62.0,68.0,1-3-5-2,11,5.027886769092211,254
38,blend_xp_exp,58.0,59.0,1-5-4-1,11,1.8551810376038893,254
