gw,method,mode,xi_points,xi_points_cap,hit_cost,n_transfers,hits,ft_before,ft_after,bank,formation,squad_sell_value,n_eligible,use_fixtures,structural_2tx,n_autosubs,n_blank_intended,n_blank_final,squad_value
5,ridge_h3_ft,ft,50.0,59.0,0.0,0.0,0.0,0.0,1.0,5.0,1-3-4-3,995.0,148,True,True,0,0,0,
6,ridge_h3_ft,ft,54.0,70.0,0.0,0.0,0.0,1.0,2.0,5.0,1-3-5-2,957.0,174,True,True,1,1,0,
7,ridge_h3_ft,ft,66.0,74.0,0.0,1.0,0.0,2.0,2.0,0.0,1-3-4-3,1002.0,202,True,True,0,0,0,
8,ridge_h3_ft,ft,49.0,62.0,0.0,0.0,0.0,2.0,3.0,0.0,1-3-4-3,991.0,214,True,True,1,1,0,
9,ridge_h3_ft,ft,33.0,35.0,0.0,2.0,0.0,3.0,2.0,1.0,1-3-4-3,1008.0,228,True,True,0,0,0,
10,ridge_h3_ft,ft,67.0,80.0,0.0,2.0,0.0,2.0,1.0,2.0,1-3-4-3,1007.0,235,True,True,0,0,0,
11,ridge_h3_ft,ft,32.0,36.0,0.0,0.0,0.0,1.0,2.0,2.0,1-3-4-3,1010.0,240,True,True,0,0,0,
12,ridge_h3_ft,ft,54.0,56.0,0.0,0.0,0.0,2.0,3.0,2.0,1-4-3-3,975.0,243,True,True,1,1,0,
13,ridge_h3_ft,ft,44.0,46.0,0.0,0.0,0.0,3.0,4.0,2.0,1-3-4-3,1011.0,242,True,True,0,0,0,
14,ridge_h3_ft,ft,53.0,67.0,0.0,0.0,0.0,4.0,5.0,2.0,1-3-4-3,1004.0,248,True,True,1,1,0,
15,ridge_h3_ft,ft,58.0,60.0,0.0,3.0,0.0,5.0,3.0,0.0,1-3-4-3,999.0,253,True,True,0,0,0,
16,ridge_h3_ft,ft,46.0,59.0,0.0,0.0,0.0,3.0,4.0,0.0,1-3-4-3,1000.0,253,True,True,0,0,0,
17,ridge_h3_ft,ft,64.0,80.0,0.0,3.0,0.0,4.0,2.0,3.0,1-3-4-3,1004.0,226,True,True,0,0,0,
18,ridge_h3_ft,ft,34.0,36.0,0.0,0.0,0.0,2.0,3.0,3.0,1-3-4-3,992.0,232,True,True,1,1,0,
19,ridge_h3_ft,ft,39.0,41.0,0.0,0.0,0.0,3.0,4.0,3.0,1-4-3-3,981.0,235,True,True,1,1,0,
20,ridge_h3_ft,ft,59.0,61.0,0.0,3.0,0.0,4.0,2.0,3.0,1-4-3-3,990.0,246,True,True,1,1,0,
21,ridge_h3_ft,ft,52.0,58.0,0.0,0.0,0.0,2.0,3.0,3.0,1-3-4-3,997.0,256,True,True,0,0,0,
22,ridge_h3_ft,ft,41.0,43.0,0.0,0.0,0.0,3.0,4.0,3.0,1-3-4-3,996.0,257,True,True,1,1,0,
23,ridge_h3_ft,ft,24.0,25.0,0.0,0.0,0.0,4.0,5.0,3.0,1-3-4-3,993.0,262,True,True,0,0,0,
24,ridge_h3_ft,ft,57.0,62.0,0.0,3.0,0.0,5.0,3.0,9.0,1-4-4-2,960.0,251,True,True,0,0,0,
25,ridge_h3_ft,ft,58.0,69.0,0.0,0.0,0.0,3.0,4.0,9.0,1-4-4-2,961.0,244,True,True,1,1,0,
26,ridge_h3_ft,ft,35.0,40.0,0.0,0.0,0.0,4.0,5.0,9.0,1-4-4-2,960.0,240,True,True,0,0,0,
27,ridge_h3_ft,ft,34.0,40.0,0.0,0.0,0.0,5.0,5.0,9.0,1-4-4-2,961.0,245,True,True,0,0,0,
28,ridge_h3_ft,ft,62.0,75.0,0.0,2.0,0.0,5.0,4.0,0.0,1-4-5-1,880.0,246,True,True,1,1,0,
29,ridge_h3_ft,ft,79.0,81.0,0.0,3.0,0.0,4.0,2.0,3.0,1-4-4-2,972.0,251,True,True,0,0,0,
30,ridge_h3_ft,ft,61.0,63.0,0.0,2.0,0.0,2.0,1.0,1.0,1-3-5-2,967.0,247,True,True,0,0,0,
31,ridge_h3_ft,ft,44.0,57.0,0.0,0.0,0.0,1.0,2.0,1.0,1-4-4-2,835.0,209,True,True,4,4,0,
32,ridge_h3_ft,ft,57.0,59.0,0.0,2.0,0.0,2.0,1.0,8.0,1-4-4-2,971.0,255,True,True,0,0,0,
33,ridge_h3_ft,ft,40.0,46.0,0.0,1.0,0.0,1.0,1.0,0.0,1-4-4-2,977.0,264,True,True,0,0,0,
34,ridge_h3_ft,ft,55.0,60.0,0.0,1.0,0.0,1.0,1.0,0.0,1-4-4-2,874.0,176,True,True,1,2,1,
35,ridge_h3_ft,ft,63.0,70.0,0.0,1.0,0.0,1.0,1.0,5.0,1-4-4-2,974.0,250,True,True,0,0,0,
36,ridge_h3_ft,ft,74.0,85.0,0.0,1.0,0.0,1.0,1.0,1.0,1-4-4-2,978.0,254,True,True,0,0,0,
37,ridge_h3_ft,ft,81.0,90.0,0.0,0.0,0.0,1.0,2.0,1.0,1-4-5-1,981.0,270,True,True,1,1,0,
38,ridge_h3_ft,ft,37.0,51.0,0.0,0.0,0.0,2.0,3.0,1.0,1-3-4-3,860.0,254,True,True,4,5,1,
5,xp_ft,ft,63.0,67.0,0.0,0.0,0.0,0.0,1.0,2.0,1-5-4-1,998.0,148,True,True,0,0,0,
6,xp_ft,ft,45.0,61.0,0.0,1.0,0.0,1.0,1.0,2.0,1-5-4-1,997.0,174,True,True,0,0,0,
7,xp_ft,ft,57.0,61.0,4.0,2.0,1.0,1.0,1.0,3.0,1-5-3-2,990.0,202,True,True,0,0,0,
8,xp_ft,ft,64.0,77.0,0.0,1.0,0.0,1.0,1.0,6.0,1-5-3-2,973.0,214,True,True,2,2,0,
9,xp_ft,ft,37.0,39.0,0.0,1.0,0.0,1.0,1.0,18.0,1-4-4-2,980.0,228,True,True,2,2,0,
10,xp_ft,ft,60.0,73.0,0.0,1.0,0.0,1.0,1.0,20.0,1-4-3-3,978.0,235,True,True,0,0,0,
11,xp_ft,ft,42.0,45.0,0.0,1.0,0.0,1.0,1.0,13.0,1-5-3-2,985.0,240,True,True,1,1,0,
12,xp_ft,ft,46.0,49.0,0.0,0.0,0.0,1.0,2.0,13.0,1-5-3-2,989.0,243,True,True,0,0,0,
13,xp_ft,ft,59.0,61.0,0.0,2.0,0.0,2.0,1.0,27.0,1-5-3-2,976.0,242,True,True,0,0,0,
14,xp_ft,ft,35.0,39.0,0.0,1.0,0.0,1.0,1.0,23.0,1-3-4-3,980.0,248,True,True,1,1,0,
15,xp_ft,ft,47.0,49.0,0.0,0.0,0.0,1.0,2.0,23.0,1-5-3-2,982.0,253,True,True,0,0,0,
16,xp_ft,ft,53.0,66.0,0.0,1.0,0.0,2.0,2.0,0.0,1-5-4-1,979.0,253,True,True,0,0,0,
17,xp_ft,ft,84.0,100.0,0.0,2.0,0.0,2.0,1.0,11.0,1-5-4-1,966.0,226,True,True,1,1,0,
18,xp_ft,ft,36.0,38.0,0.0,1.0,0.0,1.0,1.0,5.0,1-4-4-2,982.0,232,True,True,1,1,0,
19,xp_ft,ft,57.0,59.0,0.0,1.0,0.0,1.0,1.0,4.0,1-5-3-2,973.0,235,True,True,1,1,0,
20,xp_ft,ft,51.0,53.0,0.0,1.0,0.0,1.0,1.0,10.0,1-5-4-1,988.0,246,True,True,0,0,0,
21,xp_ft,ft,59.0,65.0,0.0,1.0,0.0,1.0,1.0,12.0,1-5-4-1,984.0,256,True,True,0,0,0,
22,xp_ft,ft,37.0,40.0,0.0,1.0,0.0,1.0,1.0,8.0,1-5-4-1,989.0,257,True,True,0,0,0,
23,xp_ft,ft,35.0,36.0,0.0,1.0,0.0,1.0,1.0,3.0,1-5-4-1,993.0,262,True,True,0,0,0,
24,xp_ft,ft,51.0,59.0,0.0,1.0,0.0,1.0,1.0,4.0,1-5-4-1,966.0,251,True,True,0,0,0,
25,xp_ft,ft,43.0,45.0,0.0,1.0,0.0,1.0,1.0,7.0,1-5-4-1,940.0,244,True,True,1,1,0,
26,xp_ft,ft,40.0,45.0,0.0,1.0,0.0,1.0,1.0,1.0,1-5-4-1,969.0,240,True,True,0,0,0,
27,xp_ft,ft,38.0,40.0,0.0,1.0,0.0,1.0,1.0,0.0,1-5-4-1,970.0,245,True,True,0,0,0,
28,xp_ft,ft,39.0,43.0,0.0,1.0,0.0,1.0,1.0,1.0,1-4-5-1,875.0,246,True,True,2,2,0,
29,xp_ft,ft,69.0,71.0,0.0,1.0,0.0,1.0,1.0,12.0,1-4-5-1,940.0,251,True,True,1,1,0,
30,xp_ft,ft,44.0,54.0,0.0,1.0,0.0,1.0,1.0,7.0,1-4-3-3,979.0,247,True,True,1,1,0,
31,xp_ft,ft,47.0,47.0,0.0,1.0,0.0,1.0,1.0,17.0,1-4-5-1,848.0,209,True,True,3,3,0,
32,xp_ft,ft,73.0,73.0,4.0,2.0,1.0,1.0,1.0,1.0,1-5-3-2,977.0,255,True,True,1,1,0,
33,xp_ft,ft,37.0,44.0,0.0,1.0,0.0,1.0,1.0,3.0,1-5-3-2,990.0,264,True,True,0,0,0,
34,xp_ft,ft,48.0,53.0,0.0,1.0,0.0,1.0,1.0,4.0,1-3-4-3,886.0,176,True,True,3,4,1,
35,xp_ft,ft,53.0,67.0,0.0,1.0,0.0,1.0,1.0,1.0,1-5-3-2,997.0,250,True,True,0,0,0,
36,xp_ft,ft,56.0,67.0,0.0,0.0,0.0,1.0,2.0,1.0,1-5-4-1,996.0,254,True,True,0,0,0,
37,xp_ft,ft,64.0,73.0,0.0,0.0,0.0,2.0,3.0,1.0,1-4-4-2,997.0,270,True,True,1,1,0,
38,xp_ft,ft,41.0,43.0,0.0,0.0,0.0,3.0,4.0,1.0,1-3-5-2,894.0,254,True,True,4,4,0,
5,xp_budget,budget,63.0,67.0,,,,,,,1-5-4-1,,148,,,0,0,0,998.0
6,xp_budget,budget,54.0,70.0,,,,,,,1-5-4-1,,174,,,0,0,0,986.0
7,xp_budget,budget,63.0,71.0,,,,,,,1-5-3-2,,202,,,0,0,0,999.0
8,xp_budget,budget,60.0,73.0,,,,,,,1-5-4-1,,215,,,0,0,0,984.0
9,xp_budget,budget,35.0,37.0,,,,,,,1-5-3-2,,229,,,0,0,0,998.0
10,xp_budget,budget,51.0,64.0,,,,,,,1-5-3-2,,235,,,0,0,0,1000.0
11,xp_budget,budget,37.0,40.0,,,,,,,1-5-4-1,,240,,,0,0,0,998.0
12,xp_budget,budget,54.0,57.0,,,,,,,1-5-3-2,,243,,,0,0,0,999.0
13,xp_budget,budget,63.0,65.0,,,,,,,1-5-3-2,,242,,,0,0,0,987.0
14,xp_budget,budget,53.0,57.0,,,,,,,1-5-3-2,,248,,,0,0,0,1000.0
15,xp_budget,budget,68.0,70.0,,,,,,,1-5-3-2,,253,,,0,0,0,998.0
16,xp_budget,budget,64.0,77.0,,,,,,,1-5-4-1,,253,,,0,0,0,1000.0
17,xp_budget,budget,71.0,87.0,,,,,,,1-5-4-1,,226,,,0,0,0,997.0
18,xp_budget,budget,42.0,44.0,,,,,,,1-5-4-1,,232,,,0,0,0,1000.0
19,xp_budget,budget,54.0,56.0,,,,,,,1-5-4-1,,235,,,0,0,0,999.0
20,xp_budget,budget,69.0,71.0,,,,,,,1-5-4-1,,246,,,0,0,0,999.0
21,xp_budget,budget,47.0,53.0,,,,,,,1-5-4-1,,256,,,0,0,0,1000.0
22,xp_budget,budget,52.0,60.0,,,,,,,1-5-4-1,,257,,,0,0,0,995.0
23,xp_budget,budget,45.0,46.0,,,,,,,1-5-4-1,,262,,,0,0,0,1000.0
24,xp_budget,budget,79.0,89.0,,,,,,,1-5-4-1,,251,,,0,0,0,1000.0
25,xp_budget,budget,59.0,69.0,,,,,,,1-5-4-1,,244,,,0,0,0,953.0
26,xp_budget,budget,37.0,39.0,,,,,,,1-5-4-1,,260,,,0,0,0,999.0
27,xp_budget,budget,38.0,41.0,,,,,,,1-5-4-1,,245,,,0,0,0,998.0
28,xp_budget,budget,59.0,72.0,,,,,,,1-5-4-1,,246,,,0,0,0,998.0
29,xp_budget,budget,64.0,66.0,,,,,,,1-5-4-1,,251,,,0,0,0,1000.0
30,xp_budget,budget,52.0,62.0,,,,,,,1-5-3-2,,247,,,0,0,0,999.0
31,xp_budget,budget,60.0,60.0,,,,,,,1-5-4-1,,209,,,0,0,0,943.0
32,xp_budget,budget,80.0,84.0,,,,,,,1-5-4-1,,255,,,0,0,0,997.0
33,xp_budget,budget,56.0,63.0,,,,,,,1-5-3-2,,332,,,0,0,0,998.0
34,xp_budget,budget,50.0,55.0,,,,,,,1-5-4-1,,176,,,0,0,0,996.0
35,xp_budget,budget,58.0,72.0,,,,,,,1-5-4-1,,250,,,0,0,0,1000.0
36,xp_budget,budget,59.0,70.0,,,,,,,1-5-4-1,,275,,,0,0,0,1000.0
37,xp_budget,budget,46.0,55.0,,,,,,,1-5-3-2,,270,,,0,0,0,1000.0
38,xp_budget,budget,52.0,54.0,,,,,,,1-5-4-1,,254,,,0,0,0,940.0
