method,gw,h,mean_w_sigma,mean_fdr,mean_flow
ridge_h3_ft,5,0,0.5708149956139951,1.0247672505179695,1.0617825173963367
ridge_h3_ft,5,1,0.4001452261111479,1.0222076482508624,1.0617825173963367
ridge_h3_ft,5,2,0.308175721226904,1.0401292219101566,1.0617825173963367
ridge_h3_ft,5,3,0.2506201374516152,1.0470292891398403,1.0617825173963367
ridge_h3_ft,6,0,0.5695676852084723,1.050571974230574,1.0600348662153445
ridge_h3_ft,6,1,0.3990225018947063,1.068766808701533,1.0600348662153445
ridge_h3_ft,6,2,0.3072224021507092,1.0609834151229995,1.0600348662153445
ridge_h3_ft,6,3,0.24980352453591398,1.0918613879599384,1.0600348662153445
ridge_h3_ft,7,0,0.5686573272925509,1.069092113118217,1.0435097861925706
ridge_h3_ft,7,1,0.4281048935104243,1.0628148917298403,1.0435097861925706
ridge_h3_ft,7,2,0.3508412153461143,1.0650803336124377,1.0435097861925706
ridge_h3_ft,7,3,0.30025790626615484,1.051979790864707,1.0435097861925706
ridge_h3_ft,8,0,0.5189222143618332,1.0594513259250904,1.0418690363813055
ridge_h3_ft,8,1,0.36899695238452995,1.0436660522332593,1.0418690363813055
ridge_h3_ft,8,2,0.2890698912177142,1.0397375438904868,1.0418690363813055
ridge_h3_ft,8,3,0.2384523199777599,1.0484092736478532,1.0418690363813055
ridge_h3_ft,9,0,0.5417299491839898,1.049914475575528,1.0379487920732569
ridge_h3_ft,9,1,0.3901456293313687,1.0327918580410909,1.0379487920732569
ridge_h3_ft,9,2,0.3077808618559593,1.0692390634274922,1.0379487920732569
ridge_h3_ft,9,3,0.2550390455300999,1.0698740891325624,1.0379487920732569
ridge_h3_ft,10,0,0.5650966813352972,1.0438279633875849,0.9964644889117747
ridge_h3_ft,10,1,0.412658075675612,1.060769103847857,0.9964644889117747
ridge_h3_ft,10,2,0.32842893686996505,1.0648499170709216,0.9964644889117747
ridge_h3_ft,10,3,0.27390666221556564,1.0320423539293588,0.9964644889117747
ridge_h3_ft,11,0,0.5279705656641297,1.0565855321444881,1.048112390047587
ridge_h3_ft,11,1,0.37044430956838575,1.0669065506121838,1.048112390047587
ridge_h3_ft,11,2,0.28759776799371145,1.0190053006213793,1.048112390047587
ridge_h3_ft,11,3,0.23581228756494638,1.0808052888299997,1.048112390047587
ridge_h3_ft,12,0,0.5519788565528589,1.0669065506121838,1.012676542642647
ridge_h3_ft,12,1,0.386069373879615,1.0190053006213793,1.012676542642647
ridge_h3_ft,12,2,0.2976717217985007,1.0808052888299997,1.012676542642647
ridge_h3_ft,12,3,0.24245936486768518,1.0208235379160406,1.012676542642647
ridge_h3_ft,13,0,0.5370954611544766,1.0613361863005253,1.013647527949623
ridge_h3_ft,13,1,0.3890495260012153,1.0711081391705224,1.013647527949623
ridge_h3_ft,13,2,0.30918521301470214,1.0419106449769664,1.013647527949623
ridge_h3_ft,13,3,0.25810405190389635,1.0239306518187499,1.013647527949623
ridge_h3_ft,14,0,0.5060136607143043,1.0920790897065835,1.026088733359781
ridge_h3_ft,14,1,0.3641353951690568,1.0501121975846897,1.026088733359781
ridge_h3_ft,14,2,0.2909215535099187,1.0319567852759752,1.026088733359781
ridge_h3_ft,14,3,0.24522223045937205,1.0925331159836085,1.026088733359781
ridge_h3_ft,15,0,0.524408800794413,1.044880831145102,1.0381825509837401
ridge_h3_ft,15,1,0.3933144555106574,1.011483353425551,1.0381825509837401
ridge_h3_ft,15,2,0.32582778919446703,1.0757043286651429,1.0381825509837401
ridge_h3_ft,15,3,0.2835498525932764,1.0219808146079619,1.0381825509837401
ridge_h3_ft,16,0,0.5383326553271215,1.02470275207156,0.9952854099181448
ridge_h3_ft,16,1,0.4021976564290005,1.069519233186466,0.9952854099181448
ridge_h3_ft,16,2,0.3323292152454119,1.0271646705928623,0.9952854099181448
ridge_h3_ft,16,3,0.28880922934519726,1.0537378926873469,0.9952854099181448
ridge_h3_ft,17,0,0.54025038513685,1.087439213464282,0.9957120887119356
ridge_h3_ft,17,1,0.40502575286909914,1.0374070687280215,0.9957120887119356
ridge_h3_ft,17,2,0.3351323248441442,1.067287332771246,0.9957120887119356
ridge_h3_ft,17,3,0.2913476511901266,0.9945599798794748,0.9957120887119356
ridge_h3_ft,18,0,0.5517899687951633,1.073270642887707,0.9783731346210398
ridge_h3_ft,18,1,0.41728580254182,1.0794130522748802,0.9783731346210398
ridge_h3_ft,18,2,0.3466975683761291,0.9920512507086012,0.9783731346210398
ridge_h3_ft,18,3,0.3020263728200473,1.0454611289110738,0.9783731346210398
ridge_h3_ft,19,0,0.5392859059021576,1.097234637003798,0.9867583179477128
ridge_h3_ft,19,1,0.39138667533969546,0.9971270965540138,0.9867583179477128
ridge_h3_ft,19,2,0.31379679515925196,1.043700957802952,0.9867583179477128
ridge_h3_ft,19,3,0.26521916177352006,1.0128961153646547,0.9867583179477128
ridge_h3_ft,20,0,0.5551200112468693,1.0089664176849789,0.9319053524330978
ridge_h3_ft,20,1,0.4070971114968794,1.0547112517776938,0.9319053524330978
ridge_h3_ft,20,2,0.3278625982069957,1.0237292298095582,0.9319053524330978
ridge_h3_ft,20,3,0.2776740569461281,1.0646103770355488,0.9319053524330978
ridge_h3_ft,21,0,0.553578201160688,1.0762856676272876,0.9779980646283731
ridge_h3_ft,21,1,0.40888070642114627,1.014901223075008,0.9779980646283731
ridge_h3_ft,21,2,0.33086447541136865,1.0605651315247426,0.9779980646283731
ridge_h3_ft,21,3,0.28109248609825976,1.0510234028191674,0.9779980646283731
ridge_h3_ft,22,0,0.5835000163588988,1.029546218157447,1.009149826366234
ridge_h3_ft,22,1,0.4363010959613007,1.0525332985044196,1.009149826366234
ridge_h3_ft,22,2,0.3546493315839042,1.0509109343405747,1.009149826366234
ridge_h3_ft,22,3,0.3018316301317219,1.0284204629583817,1.009149826366234
ridge_h3_ft,23,0,0.5384101337058084,1.0525332985044196,0.9769282762101082
ridge_h3_ft,23,1,0.38090021005648084,1.0509109343405747,0.9769282762101082
ridge_h3_ft,23,2,0.29607606410816706,1.0284204629583817,0.9769282762101082
ridge_h3_ft,23,3,0.24250316942950365,1.106390073760236,0.9769282762101082
ridge_h3_ft,24,0,0.5574856403791223,1.0509109343405747,0.9766618870020036
ridge_h3_ft,24,1,0.40913484655337495,1.0284204629583817,0.9766618870020036
ridge_h3_ft,24,2,0.329399728885549,1.106390073760236,0.9766618870020036
ridge_h3_ft,24,3,0.2788391660534344,1.0545758585320089,0.9766618870020036
ridge_h3_ft,25,0,0.5686995352832472,1.0284204629583817,0.993519330402585
ridge_h3_ft,25,1,0.41968902958948695,1.106390073760236,0.993519330402585
ridge_h3_ft,25,2,0.3386543025070054,1.0545758585320089,0.993519330402585
ridge_h3_ft,25,3,0.286945799404135,1.0528288714915541,0.993519330402585
ridge_h3_ft,26,0,0.5695515953077653,1.106390073760236,0.9819342562046253
ridge_h3_ft,26,1,0.4199800885104333,1.0545758585320089,0.9819342562046253
ridge_h3_ft,26,2,0.3386858284322943,1.0528288714915541,0.9819342562046253
ridge_h3_ft,26,3,0.28685651250144534,1.0457748435851106,0.9819342562046253
ridge_h3_ft,27,0,0.5492142259015319,1.0545758585320089,0.9972199435733842
ridge_h3_ft,27,1,0.40076415038414687,1.0528288714915541,0.9972199435733842
ridge_h3_ft,27,2,0.32188099469389553,1.0457748435851106,0.9972199435733842
ridge_h3_ft,27,3,0.272171452672742,1.0870244492188261,0.9972199435733842
ridge_h3_ft,28,0,0.5608813900255304,1.09630683805807,1.0185903227120587
ridge_h3_ft,28,1,0.399616663869233,1.047464962212017,1.0185903227120587
ridge_h3_ft,28,2,0.31196372477703466,1.0943077275044837,1.0185903227120587
ridge_h3_ft,28,3,0.2563321866333476,1.0008673247498112,1.0185903227120587
ridge_h3_ft,29,0,0.5472297530723998,1.0828425774362265,1.0301741617252393
ridge_h3_ft,29,1,0.3912007910522894,1.087455593277419,1.0301741617252393
ridge_h3_ft,29,2,0.30672452034059833,1.0060628895053116,1.0301741617252393
ridge_h3_ft,29,3,0.25296908966697074,1.0271190701891029,1.0301741617252393
ridge_h3_ft,30,0,0.5344902982315463,1.1302280498059172,1.0451748873404498
ridge_h3_ft,30,1,0.38182792930563564,0.9869304889586699,1.0451748873404498
ridge_h3_ft,30,2,0.30131006610178823,1.0161579762255148,1.0451748873404498
ridge_h3_ft,30,3,0.25070405914414207,1.0798316984168639,1.0451748873404498
ridge_h3_ft,31,0,0.5580980410482842,0.9923799834155088,1.0218711875920854
ridge_h3_ft,31,1,0.3999699682246879,0.9895250577664606,1.0218711875920854
ridge_h3_ft,31,2,0.3162168054979206,1.0606197050938952,1.0218711875920854
ridge_h3_ft,31,3,0.26373228450747443,1.0208905605610665,1.0218711875920854
ridge_h3_ft,32,0,0.5678323330792807,1.0042880782211563,0.9829312809005949
ridge_h3_ft,32,1,0.4223820749029449,1.0663924302249888,0.9829312809005949
ridge_h3_ft,32,2,0.3452218652624193,1.0205949938376309,0.9829312809005949
ridge_h3_ft,32,3,0.2963462984711624,1.02233216170945,0.9829312809005949
ridge_h3_ft,33,0,0.5654070038579742,1.0896264155685615,0.988309767110529
ridge_h3_ft,33,1,0.4218121228250991,1.0151430034453237,0.988309767110529
ridge_h3_ft,33,2,0.34598898293269253,1.0339588071373245,0.988309767110529
ridge_h3_ft,33,3,0.2981031229862129,1.0488363646322876,0.988309767110529
ridge_h3_ft,34,0,0.5509530285514361,1.0165524386804414,0.987086739668037
ridge_h3_ft,34,1,0.3928139325584824,1.016442393536675,0.987086739668037
ridge_h3_ft,34,2,0.3095262768648258,1.0367663303053085,0.987086739668037
ridge_h3_ft,34,3,0.25748101447881955,1.0668968648946022,0.987086739668037
ridge_h3_ft,35,0,0.5173411645484886,1.0443561502565246,0.9981695208753971
ridge_h3_ft,35,1,0.3556526033448943,1.02987545892602,0.9981695208753971
ridge_h3_ft,35,2,0.2716764148109972,1.0668968648946022,0.9981695208753971
ridge_h3_ft,35,3,0.21995383212476888,0.965497083925179,0.9981695208753971
ridge_h3_ft,36,0,0.5082768741642497,1.046317404896684,1.014415822561823
ridge_h3_ft,36,1,0.34706550077297443,1.0716849469743222,1.014415822561823
ridge_h3_ft,36,2,0.2642086998006,0.9714756401652579,1.014415822561823
ridge_h3_ft,37,0,0.5097950205688292,1.1032740498102038,1.032958536587009
ridge_h3_ft,37,1,0.3491061480338654,0.9838177397751503,1.032958536587009
ridge_h3_ft,38,0,0.5234759124212779,0.9838177397751503,0.9856595173433887
ridge_h3_fdr_ft,5,0,,1.0247672505179695,
ridge_h3_fdr_ft,5,1,,1.0222076482508624,
ridge_h3_fdr_ft,5,2,,1.0401292219101566,
ridge_h3_fdr_ft,5,3,,1.0470292891398403,
ridge_h3_fdr_ft,6,0,,1.050571974230574,
ridge_h3_fdr_ft,6,1,,1.068766808701533,
ridge_h3_fdr_ft,6,2,,1.0609834151229995,
ridge_h3_fdr_ft,6,3,,1.0918613879599384,
ridge_h3_fdr_ft,7,0,,1.068766808701533,
ridge_h3_fdr_ft,7,1,,1.0609834151229995,
ridge_h3_fdr_ft,7,2,,1.0918613879599384,
ridge_h3_fdr_ft,7,3,,1.062234390801625,
ridge_h3_fdr_ft,8,0,,1.0609834151229995,
ridge_h3_fdr_ft,8,1,,1.0918613879599384,
ridge_h3_fdr_ft,8,2,,1.062234390801625,
ridge_h3_fdr_ft,8,3,,1.0548905262534107,
ridge_h3_fdr_ft,9,0,,1.0951560642903169,
ridge_h3_fdr_ft,9,1,,1.0585656319300432,
ridge_h3_fdr_ft,9,2,,1.069266167763434,
ridge_h3_fdr_ft,9,3,,1.0831957323064654,
ridge_h3_fdr_ft,10,0,,1.081422323625241,
ridge_h3_fdr_ft,10,1,,1.0657725091909847,
ridge_h3_fdr_ft,10,2,,1.096092189050005,
ridge_h3_fdr_ft,10,3,,1.0332684213306171,
ridge_h3_fdr_ft,11,0,,1.0739487676876196,
ridge_h3_fdr_ft,11,1,,1.0910107725077531,
ridge_h3_fdr_ft,11,2,,1.027369323324378,
ridge_h3_fdr_ft,11,3,,1.0829483063092384,
ridge_h3_fdr_ft,12,0,,1.0910107725077531,
ridge_h3_fdr_ft,12,1,,1.027369323324378,
ridge_h3_fdr_ft,12,2,,1.0829483063092384,
ridge_h3_fdr_ft,12,3,,1.0562846088755942,
ridge_h3_fdr_ft,13,0,,1.0768381643052642,
ridge_h3_fdr_ft,13,1,,1.1058308591242743,
ridge_h3_fdr_ft,13,2,,1.1014692390729044,
ridge_h3_fdr_ft,13,3,,1.0944370382108703,
ridge_h3_fdr_ft,14,0,,1.1058308591242743,
ridge_h3_fdr_ft,14,1,,1.1014692390729044,
ridge_h3_fdr_ft,14,2,,1.0944370382108703,
ridge_h3_fdr_ft,14,3,,1.0990171436184084,
ridge_h3_fdr_ft,15,0,,1.1014692390729044,
ridge_h3_fdr_ft,15,1,,1.0944370382108703,
ridge_h3_fdr_ft,15,2,,1.0990171436184084,
ridge_h3_fdr_ft,15,3,,1.0931196615565861,
ridge_h3_fdr_ft,16,0,,1.1148689018849351,
ridge_h3_fdr_ft,16,1,,1.1039660594892917,
ridge_h3_fdr_ft,16,2,,1.1003157301609503,
ridge_h3_fdr_ft,16,3,,1.1113093340975086,
ridge_h3_fdr_ft,17,0,,1.1039660594892917,
ridge_h3_fdr_ft,17,1,,1.1003157301609503,
ridge_h3_fdr_ft,17,2,,1.1113093340975086,
ridge_h3_fdr_ft,17,3,,1.0373572207752888,
ridge_h3_fdr_ft,18,0,,1.1003157301609503,
ridge_h3_fdr_ft,18,1,,1.1113093340975086,
ridge_h3_fdr_ft,18,2,,1.0373572207752888,
ridge_h3_fdr_ft,18,3,,1.0846783259317634,
ridge_h3_fdr_ft,19,0,,1.111686515660942,
ridge_h3_fdr_ft,19,1,,1.0589364591488937,
ridge_h3_fdr_ft,19,2,,1.0899600476736755,
ridge_h3_fdr_ft,19,3,,1.0813749490832203,
ridge_h3_fdr_ft,20,0,,1.0920029234037785,
ridge_h3_fdr_ft,20,1,,1.0760862328393503,
ridge_h3_fdr_ft,20,2,,1.0744287628853724,
ridge_h3_fdr_ft,20,3,,1.1089053604138777,
ridge_h3_fdr_ft,21,0,,1.092378926947032,
ridge_h3_fdr_ft,21,1,,1.0637865472253762,
ridge_h3_fdr_ft,21,2,,1.1053550403454646,
ridge_h3_fdr_ft,21,3,,1.0444887570082932,
ridge_h3_fdr_ft,22,0,,1.0916937759976328,
ridge_h3_fdr_ft,22,1,,1.0920666764684361,
ridge_h3_fdr_ft,22,2,,1.058223898862367,
ridge_h3_fdr_ft,22,3,,1.0429597561181096,
ridge_h3_fdr_ft,23,0,,1.1157762574214538,
ridge_h3_fdr_ft,23,1,,1.0659747807613191,
ridge_h3_fdr_ft,23,2,,1.0415322292394227,
ridge_h3_fdr_ft,23,3,,1.0938654464128874,
ridge_h3_fdr_ft,24,0,,1.0659747807613191,
ridge_h3_fdr_ft,24,1,,1.0415322292394227,
ridge_h3_fdr_ft,24,2,,1.0938654464128874,
ridge_h3_fdr_ft,24,3,,1.0820226111641866,
ridge_h3_fdr_ft,25,0,,1.0701883123265739,
ridge_h3_fdr_ft,25,1,,1.0944119304049873,
ridge_h3_fdr_ft,25,2,,1.0779599624607243,
ridge_h3_fdr_ft,25,3,,1.0907367525391067,
ridge_h3_fdr_ft,26,0,,1.100343070473451,
ridge_h3_fdr_ft,26,1,,1.082424980666441,
ridge_h3_fdr_ft,26,2,,1.0864648870868112,
ridge_h3_fdr_ft,26,3,,1.086187675691885,
ridge_h3_fdr_ft,27,0,,1.082424980666441,
ridge_h3_fdr_ft,27,1,,1.0864648870868112,
ridge_h3_fdr_ft,27,2,,1.086187675691885,
ridge_h3_fdr_ft,27,3,,1.0981102407051904,
ridge_h3_fdr_ft,28,0,,1.0889300338474712,
ridge_h3_fdr_ft,28,1,,1.072783656348432,
ridge_h3_fdr_ft,28,2,,1.1129979436169257,
ridge_h3_fdr_ft,28,3,,1.0180683622053455,
ridge_h3_fdr_ft,29,0,,1.0834988567539126,
ridge_h3_fdr_ft,29,1,,1.098281685572592,
ridge_h3_fdr_ft,29,2,,1.0148765747236856,
ridge_h3_fdr_ft,29,3,,1.0437101159532,
ridge_h3_fdr_ft,30,0,,1.1208982302620414,
ridge_h3_fdr_ft,30,1,,1.009404078157961,
ridge_h3_fdr_ft,30,2,,1.031134687929391,
ridge_h3_fdr_ft,30,3,,1.0274830093401774,
ridge_h3_fdr_ft,31,0,,1.009404078157961,
ridge_h3_fdr_ft,31,1,,1.031134687929391,
ridge_h3_fdr_ft,31,2,,1.0274830093401774,
ridge_h3_fdr_ft,31,3,,1.0585220478712736,
ridge_h3_fdr_ft,32,0,,1.0540053012588826,
ridge_h3_fdr_ft,32,1,,1.0482563335499895,
ridge_h3_fdr_ft,32,2,,1.0600556716677823,
ridge_h3_fdr_ft,32,3,,1.0997503687359365,
ridge_h3_fdr_ft,33,0,,1.0700953301908718,
ridge_h3_fdr_ft,33,1,,1.0600556716677823,
ridge_h3_fdr_ft,33,2,,1.0991950600248621,
ridge_h3_fdr_ft,33,3,,1.0610727142150003,
ridge_h3_fdr_ft,34,0,,1.0600556716677823,
ridge_h3_fdr_ft,34,1,,1.0991950600248621,
ridge_h3_fdr_ft,34,2,,1.0610727142150003,
ridge_h3_fdr_ft,34,3,,1.0784148893566836,
ridge_h3_fdr_ft,35,0,,1.1398094822365608,
ridge_h3_fdr_ft,35,1,,1.052249041222205,
ridge_h3_fdr_ft,35,2,,1.0772160349980027,
ridge_h3_fdr_ft,35,3,,1.0357666325227912,
ridge_h3_fdr_ft,36,0,,1.0738586435379398,
ridge_h3_fdr_ft,36,1,,1.0784148893566836,
ridge_h3_fdr_ft,36,2,,1.036997101485813,
ridge_h3_fdr_ft,37,0,,1.0784148893566836,
ridge_h3_fdr_ft,37,1,,1.036997101485813,
ridge_h3_fdr_ft,38,0,,1.054215051537692,
ridge_h3_flow_ft,5,0,,,1.0617825173963367
ridge_h3_flow_ft,5,1,,,1.0617825173963367
ridge_h3_flow_ft,5,2,,,1.0617825173963367
ridge_h3_flow_ft,5,3,,,1.0617825173963367
ridge_h3_flow_ft,6,0,,,1.0596049785728985
ridge_h3_flow_ft,6,1,,,1.0596049785728985
ridge_h3_flow_ft,6,2,,,1.0596049785728985
ridge_h3_flow_ft,6,3,,,1.0596049785728985
ridge_h3_flow_ft,7,0,,,1.0243740680199693
ridge_h3_flow_ft,7,1,,,1.0243740680199693
ridge_h3_flow_ft,7,2,,,1.0243740680199693
ridge_h3_flow_ft,7,3,,,1.0243740680199693
ridge_h3_flow_ft,8,0,,,1.053400331652451
ridge_h3_flow_ft,8,1,,,1.053400331652451
ridge_h3_flow_ft,8,2,,,1.053400331652451
ridge_h3_flow_ft,8,3,,,1.053400331652451
ridge_h3_flow_ft,9,0,,,1.0662325704866469
ridge_h3_flow_ft,9,1,,,1.0662325704866469
ridge_h3_flow_ft,9,2,,,1.0662325704866469
ridge_h3_flow_ft,9,3,,,1.0662325704866469
ridge_h3_flow_ft,10,0,,,1.0206585354415945
ridge_h3_flow_ft,10,1,,,1.0206585354415945
ridge_h3_flow_ft,10,2,,,1.0206585354415945
ridge_h3_flow_ft,10,3,,,1.0206585354415945
ridge_h3_flow_ft,11,0,,,1.0535254688380635
ridge_h3_flow_ft,11,1,,,1.0535254688380635
ridge_h3_flow_ft,11,2,,,1.0535254688380635
ridge_h3_flow_ft,11,3,,,1.0535254688380635
ridge_h3_flow_ft,12,0,,,1.050503319906549
ridge_h3_flow_ft,12,1,,,1.050503319906549
ridge_h3_flow_ft,12,2,,,1.050503319906549
ridge_h3_flow_ft,12,3,,,1.050503319906549
ridge_h3_flow_ft,13,0,,,1.0050280147319217
ridge_h3_flow_ft,13,1,,,1.0050280147319217
ridge_h3_flow_ft,13,2,,,1.0050280147319217
ridge_h3_flow_ft,13,3,,,1.0050280147319217
ridge_h3_flow_ft,14,0,,,1.03793460411392
ridge_h3_flow_ft,14,1,,,1.03793460411392
ridge_h3_flow_ft,14,2,,,1.03793460411392
ridge_h3_flow_ft,14,3,,,1.03793460411392
ridge_h3_flow_ft,15,0,,,1.0302490207255182
ridge_h3_flow_ft,15,1,,,1.0302490207255182
ridge_h3_flow_ft,15,2,,,1.0302490207255182
ridge_h3_flow_ft,15,3,,,1.0302490207255182
ridge_h3_flow_ft,16,0,,,1.018682088859308
ridge_h3_flow_ft,16,1,,,1.018682088859308
ridge_h3_flow_ft,16,2,,,1.018682088859308
ridge_h3_flow_ft,16,3,,,1.018682088859308
ridge_h3_flow_ft,17,0,,,1.0133637909785065
ridge_h3_flow_ft,17,1,,,1.0133637909785065
ridge_h3_flow_ft,17,2,,,1.0133637909785065
ridge_h3_flow_ft,17,3,,,1.0133637909785065
ridge_h3_flow_ft,18,0,,,0.9885269559976888
ridge_h3_flow_ft,18,1,,,0.9885269559976888
ridge_h3_flow_ft,18,2,,,0.9885269559976888
ridge_h3_flow_ft,18,3,,,0.9885269559976888
ridge_h3_flow_ft,19,0,,,1.0129735330936511
ridge_h3_flow_ft,19,1,,,1.0129735330936511
ridge_h3_flow_ft,19,2,,,1.0129735330936511
ridge_h3_flow_ft,19,3,,,1.0129735330936511
ridge_h3_flow_ft,20,0,,,0.961927196706561
ridge_h3_flow_ft,20,1,,,0.961927196706561
ridge_h3_flow_ft,20,2,,,0.961927196706561
ridge_h3_flow_ft,20,3,,,0.961927196706561
ridge_h3_flow_ft,21,0,,,0.9877339666071421
ridge_h3_flow_ft,21,1,,,0.9877339666071421
ridge_h3_flow_ft,21,2,,,0.9877339666071421
ridge_h3_flow_ft,21,3,,,0.9877339666071421
ridge_h3_flow_ft,22,0,,,1.0009106558671026
ridge_h3_flow_ft,22,1,,,1.0009106558671026
ridge_h3_flow_ft,22,2,,,1.0009106558671026
ridge_h3_flow_ft,22,3,,,1.0009106558671026
ridge_h3_flow_ft,23,0,,,0.9745338525602649
ridge_h3_flow_ft,23,1,,,0.9745338525602649
ridge_h3_flow_ft,23,2,,,0.9745338525602649
ridge_h3_flow_ft,23,3,,,0.9745338525602649
ridge_h3_flow_ft,24,0,,,0.9957020065026555
ridge_h3_flow_ft,24,1,,,0.9957020065026555
ridge_h3_flow_ft,24,2,,,0.9957020065026555
ridge_h3_flow_ft,24,3,,,0.9957020065026555
ridge_h3_flow_ft,25,0,,,1.0120792727901766
ridge_h3_flow_ft,25,1,,,1.0120792727901766
ridge_h3_flow_ft,25,2,,,1.0120792727901766
ridge_h3_flow_ft,25,3,,,1.0120792727901766
ridge_h3_flow_ft,26,0,,,1.0071783623446129
ridge_h3_flow_ft,26,1,,,1.0071783623446129
ridge_h3_flow_ft,26,2,,,1.0071783623446129
ridge_h3_flow_ft,26,3,,,1.0071783623446129
ridge_h3_flow_ft,27,0,,,1.0171997249262874
ridge_h3_flow_ft,27,1,,,1.0171997249262874
ridge_h3_flow_ft,27,2,,,1.0171997249262874
ridge_h3_flow_ft,27,3,,,1.0171997249262874
ridge_h3_flow_ft,28,0,,,1.0220031118081585
ridge_h3_flow_ft,28,1,,,1.0220031118081585
ridge_h3_flow_ft,28,2,,,1.0220031118081585
ridge_h3_flow_ft,28,3,,,1.0220031118081585
ridge_h3_flow_ft,29,0,,,1.02789982154356
ridge_h3_flow_ft,29,1,,,1.02789982154356
ridge_h3_flow_ft,29,2,,,1.02789982154356
ridge_h3_flow_ft,29,3,,,1.02789982154356
ridge_h3_flow_ft,30,0,,,1.0306298594924976
ridge_h3_flow_ft,30,1,,,1.0306298594924976
ridge_h3_flow_ft,30,2,,,1.0306298594924976
ridge_h3_flow_ft,30,3,,,1.0306298594924976
ridge_h3_flow_ft,31,0,,,1.0532153607906634
ridge_h3_flow_ft,31,1,,,1.0532153607906634
ridge_h3_flow_ft,31,2,,,1.0532153607906634
ridge_h3_flow_ft,31,3,,,1.0532153607906634
ridge_h3_flow_ft,32,0,,,0.9834485167596458
ridge_h3_flow_ft,32,1,,,0.9834485167596458
ridge_h3_flow_ft,32,2,,,0.9834485167596458
ridge_h3_flow_ft,32,3,,,0.9834485167596458
ridge_h3_flow_ft,33,0,,,0.9906380571508161
ridge_h3_flow_ft,33,1,,,0.9906380571508161
ridge_h3_flow_ft,33,2,,,0.9906380571508161
ridge_h3_flow_ft,33,3,,,0.9906380571508161
ridge_h3_flow_ft,34,0,,,1.0120392455290634
ridge_h3_flow_ft,34,1,,,1.0120392455290634
ridge_h3_flow_ft,34,2,,,1.0120392455290634
ridge_h3_flow_ft,34,3,,,1.0120392455290634
ridge_h3_flow_ft,35,0,,,1.0210669843036704
ridge_h3_flow_ft,35,1,,,1.0210669843036704
ridge_h3_flow_ft,35,2,,,1.0210669843036704
ridge_h3_flow_ft,35,3,,,1.0210669843036704
ridge_h3_flow_ft,36,0,,,1.0428793302712382
ridge_h3_flow_ft,36,1,,,1.0428793302712382
ridge_h3_flow_ft,36,2,,,1.0428793302712382
ridge_h3_flow_ft,37,0,,,1.0104754410451158
ridge_h3_flow_ft,37,1,,,1.0104754410451158
ridge_h3_flow_ft,38,0,,,0.992266606881622
xp_ft,5,0,0.5708149956139952,1.025296071702687,1.0393308907524037
xp_ft,5,1,0.40014522611114794,0.9951146616033298,1.0393308907524037
xp_ft,5,2,0.308175721226904,1.0239357935845326,1.0393308907524037
xp_ft,5,3,0.2506201374516152,0.9933347776685335,1.0393308907524037
xp_ft,6,0,0.5708149956139952,1.0318999258786492,1.0169749262269756
xp_ft,6,1,0.40014522611114794,1.0455006149563597,1.0169749262269756
xp_ft,6,2,0.308175721226904,1.0107309161596054,1.0169749262269756
xp_ft,6,3,0.2506201374516152,1.037892219485294,1.0169749262269756
xp_ft,7,0,0.6074048791259483,1.0667933747245584,1.019906030128701
xp_ft,7,1,0.4928536765521866,0.9997546854439331,1.019906030128701
xp_ft,7,2,0.4288894894170216,1.0164130993525502,1.019906030128701
xp_ft,7,3,0.3852081363573143,1.0251554760145545,1.019906030128701
xp_ft,8,0,0.6357405549002901,1.016952346917878,1.028360189570568
xp_ft,8,1,0.49947753356652963,0.9981801009844138,1.028360189570568
xp_ft,8,2,0.419769709036676,1.0064736485680572,1.028360189570568
xp_ft,8,3,0.36549649253186306,1.0422405070221068,1.028360189570568
xp_ft,9,0,0.6098835186680913,1.013700858011587,1.0329893909880628
xp_ft,9,1,0.4805062387374183,1.009625991160329,1.0329893909880628
xp_ft,9,2,0.4067189522282392,1.0357355249222207,1.0329893909880628
xp_ft,9,3,0.35721275876055325,1.0720925746564047,1.0329893909880628
xp_ft,10,0,0.6378759276642717,1.0365731023526246,0.9881447463479485
xp_ft,10,1,0.5101219226906477,1.044601696549775,0.9881447463479485
xp_ft,10,2,0.4358969506643045,1.0778509813164299,0.9881447463479485
xp_ft,10,3,0.3853234366671902,1.02996511175125,0.9881447463479485
xp_ft,11,0,0.613029029291036,1.0597406374813547,1.0249638601410027
xp_ft,11,1,0.4720637001273783,1.0862730893229646,1.0249638601410027
xp_ft,11,2,0.3918169483855914,1.0306081728364376,1.0249638601410027
xp_ft,11,3,0.3384727766549957,1.0608373823738886,1.0249638601410027
xp_ft,12,0,0.5950607197682335,1.0862730893229646,1.0310941614830198
xp_ft,12,1,0.45107460722939446,1.0306081728364376,1.0310941614830198
xp_ft,12,2,0.3709115359181231,1.0608373823738886,1.0310941614830198
xp_ft,12,3,0.3185885676394064,1.0253258759029393,1.0310941614830198
xp_ft,13,0,0.5951656292547073,1.0567157528238966,0.9926733734774882
xp_ft,13,1,0.4558120166474991,1.064407176742958,0.9926733734774882
xp_ft,13,2,0.3777745917852024,1.0398460964137797,0.9926733734774882
xp_ft,13,3,0.32636805542132385,1.049935115300607,0.9926733734774882
xp_ft,14,0,0.5494007768933867,1.0758261017847766,1.0335293501494982
xp_ft,14,1,0.40499484993518625,1.0506633538928274,1.0335293501494982
xp_ft,14,2,0.32786266560618216,1.0560638125757946,1.0335293501494982
xp_ft,14,3,0.2788061029560031,1.058981841082699,1.0335293501494982
xp_ft,15,0,0.5606385123013033,1.0677691477569238,1.0241483281599006
xp_ft,15,1,0.42003732592349496,1.0671109605869544,1.0241483281599006
xp_ft,15,2,0.3430632715523233,1.0570860003921239,1.0241483281599006
xp_ft,15,3,0.2932594661741399,1.0876584056721696,1.0241483281599006
xp_ft,16,0,0.5598256383765098,1.079331527474556,1.0155403588748804
xp_ft,16,1,0.41482793387715483,1.0486539648905275,1.0155403588748804
xp_ft,16,2,0.3346713972108285,1.0929129807479547,1.0155403588748804
xp_ft,16,3,0.2825245748921493,1.1008369733058638,1.0155403588748804
xp_ft,17,0,0.5838031511068624,1.0660329162854827,0.9915291386951888
xp_ft,17,1,0.44279576041955154,1.0955696526251777,0.9915291386951888
xp_ft,17,2,0.36292301415130024,1.0923296877915127,0.9915291386951888
xp_ft,17,3,0.309947645462259,1.035985676179109,0.9915291386951888
xp_ft,18,0,0.5583802358219443,1.096242898722039,1.0058853607355434
xp_ft,18,1,0.4121934258443428,1.0796290745240185,1.0058853607355434
xp_ft,18,2,0.3318954945314488,1.0355113580104396,1.0058853607355434
xp_ft,18,3,0.27994973898744546,1.026598399321142,1.0058853607355434
xp_ft,19,0,0.5731160155757004,1.0849047586778704,0.9786237266750581
xp_ft,19,1,0.4293196185907673,1.0398277306822297,0.9786237266750581
xp_ft,19,2,0.34994458381637616,1.0153172196537026,0.9786237266750581
xp_ft,19,3,0.2985406679265926,1.0672618497781443,0.9786237266750581
xp_ft,20,0,0.5779375139994958,1.0651303008657187,0.9722655413099809
xp_ft,20,1,0.4336999926675477,0.998200494410319,0.9722655413099809
xp_ft,20,2,0.35367783828535615,1.0604738819743722,0.9722655413099809
xp_ft,20,3,0.3017423437788111,1.0661913763733144,0.9722655413099809
xp_ft,21,0,0.5650890487091282,1.0123445165463139,0.9673727588651551
xp_ft,21,1,0.4188770164940053,1.0523558795989658,0.9673727588651551
xp_ft,21,2,0.33925502567277654,1.0600681733787687,0.9673727588651551
xp_ft,21,3,0.2882565153396203,1.0188347766864874,0.9673727588651551
xp_ft,22,0,0.5675820173119988,1.0670008746814048,1.0149512102920006
xp_ft,22,1,0.4177976270730555,1.0520363403584458,1.0149512102920006
xp_ft,22,2,0.3371103974236004,1.0187223082078949,1.0149512102920006
xp_ft,22,3,0.2858297844221803,1.0216822317766951,1.0149512102920006
xp_ft,23,0,0.542604054728457,1.0517835717878083,0.980922141473134
xp_ft,23,1,0.3833391904099002,1.017943695930267,0.980922141473134
xp_ft,23,2,0.29812122982446515,1.0187960339793978,0.980922141473134
xp_ft,23,3,0.24445285210790926,1.0426409480920307,0.980922141473134
xp_ft,24,0,0.5819382267861454,1.0226575814597298,0.9744236118876907
xp_ft,24,1,0.43046358677076013,1.029041490662711,0.9744236118876907
xp_ft,24,2,0.347927934050398,1.0514615051240421,0.9744236118876907
xp_ft,24,3,0.29520036001904165,1.0326001384599544,0.9744236118876907
xp_ft,25,0,0.5946620422740291,1.0460245901878618,1.0143894590506473
xp_ft,25,1,0.4423059472860756,1.0688165818972155,1.0143894590506473
xp_ft,25,2,0.3582719249518516,1.029601989468568,1.0143894590506473
xp_ft,25,3,0.3042573449935439,1.03841669171523,1.0143894590506473
xp_ft,26,0,0.59110378432498,1.0959845509735038,0.9924523986854215
xp_ft,26,1,0.43667820729509405,1.0367658033145994,0.9924523986854215
xp_ft,26,2,0.3518563678692031,1.0265562594397006,0.9924523986854215
xp_ft,26,3,0.2976491217945778,1.0606841858843328,0.9924523986854215
xp_ft,27,0,0.5764027532380035,1.0397639523059856,1.0027334800287377
xp_ft,27,1,0.4235542404822727,1.0345841371540827,1.0027334800287377
xp_ft,27,2,0.3407993122997443,1.0505500220531638,1.0027334800287377
xp_ft,27,3,0.2882392059429748,1.090988960262822,1.0027334800287377
xp_ft,28,0,0.5848107353082969,1.054163184867366,1.0214836185480387
xp_ft,28,1,0.42067077503698597,1.0524490232154469,1.0214836185480387
xp_ft,28,2,0.32993610792067624,1.0979523265415685,1.0214836185480387
xp_ft,28,3,0.2718660452915923,0.9942332958723704,1.0214836185480387
xp_ft,29,0,0.5691034684371893,1.0630150913601577,1.0237740907166584
xp_ft,29,1,0.408714271429078,1.0742920916876393,1.0237740907166584
xp_ft,29,2,0.3206039505455785,0.9876952041222679,1.0237740907166584
xp_ft,29,3,0.2642911396159296,1.0092831722805915,1.0237740907166584
xp_ft,30,0,0.5454497903432406,1.0742920916876393,1.002753907100889
xp_ft,30,1,0.3864299529168482,0.9876952041222679,1.002753907100889
xp_ft,30,2,0.3011148502873016,1.0092831722805915,1.002753907100889
xp_ft,30,3,0.24726693749852677,1.0379684308337098,1.002753907100889
xp_ft,31,0,0.5612003183170394,1.0080701425663694,1.0415817003647208
xp_ft,31,1,0.3943128315482216,0.9852852959684557,1.0415817003647208
xp_ft,31,2,0.3050008812520685,1.0231023952752087,1.0415817003647208
xp_ft,31,3,0.24906028384288162,1.0449555527535794,1.0415817003647208
xp_ft,32,0,0.5759202079176441,0.9960289025531555,0.9964696426457723
xp_ft,32,1,0.4209513553582292,1.041451969960431,0.9964696426457723
xp_ft,32,2,0.33707368882574934,1.0436703060798525,0.9964696426457723
xp_ft,32,3,0.2836940703802013,1.018347725991555,0.9964696426457723
xp_ft,33,0,0.5694681278487058,1.0397375313782484,1.00819244552948
xp_ft,33,1,0.4180495017305167,1.042680626129561,1.00819244552948
xp_ft,33,2,0.33622186041811136,1.046261482711405,1.00819244552948
xp_ft,33,3,0.2840986513314208,1.0129890994065,1.00819244552948
xp_ft,34,0,0.5850577574877353,1.0521482174328842,0.993417873865688
xp_ft,34,1,0.43560414551060517,1.0314654058221024,0.993417873865688
xp_ft,34,2,0.3541053465122115,1.0204721410118762,0.993417873865688
xp_ft,34,3,0.30146283050909145,1.0147155579319858,0.993417873865688
xp_ft,35,0,0.5519810957456526,1.052850987227038,1.0114521619557177
xp_ft,35,1,0.38900305797282775,1.024466963507392,1.0114521619557177
xp_ft,35,2,0.3018658840987118,1.01882046284564,1.0114521619557177
xp_ft,35,3,0.24716491456119788,0.9972962672194261,1.0114521619557177
xp_ft,36,0,0.5328993583300228,1.0401219665039427,1.0129744558110023
xp_ft,36,1,0.3719792769031386,1.0198472610053346,1.0129744558110023
xp_ft,36,2,0.2874817205410796,1.0048113377765455,1.0129744558110023
xp_ft,37,0,0.5272606110840099,1.028377629184306,1.0085465359413868
xp_ft,37,1,0.36688485933084924,1.0059052422453656,1.0085465359413868
xp_ft,38,0,0.5706496405294738,1.0059052422453656,1.005334846866352
