gw,method,mode,xi_points,xi_points_cap,hit_cost,n_transfers,hits,ft_before,ft_after,bank,formation,squad_sell_value,n_eligible,use_sigma,use_fdr,use_flow,squad_value
5,ridge_h3_ft,ft,50.0,59.0,0.0,0.0,0.0,0.0,1.0,5.0,1-3-4-3,995.0,148,True,True,True,
6,ridge_h3_ft,ft,50.0,66.0,0.0,1.0,0.0,1.0,1.0,7.0,1-3-4-3,955.0,174,True,True,True,
7,ridge_h3_ft,ft,61.0,65.0,4.0,2.0,1.0,1.0,1.0,2.0,1-3-4-3,1000.0,202,True,True,True,
8,ridge_h3_ft,ft,48.0,57.0,4.0,2.0,1.0,1.0,1.0,1.0,1-3-4-3,990.0,214,True,True,True,
9,ridge_h3_ft,ft,32.0,34.0,0.0,1.0,0.0,1.0,1.0,12.0,1-3-4-3,995.0,228,True,True,True,
10,ridge_h3_ft,ft,72.0,85.0,0.0,1.0,0.0,1.0,1.0,4.0,1-4-3-3,1004.0,235,True,True,True,
11,ridge_h3_ft,ft,28.0,32.0,0.0,1.0,0.0,1.0,1.0,17.0,1-4-3-3,951.0,240,True,True,True,
12,ridge_h3_ft,ft,51.0,53.0,0.0,0.0,0.0,1.0,2.0,17.0,1-4-3-3,915.0,243,True,True,True,
13,ridge_h3_ft,ft,42.0,44.0,0.0,2.0,0.0,2.0,1.0,5.0,1-3-4-3,1001.0,242,True,True,True,
14,ridge_h3_ft,ft,75.0,89.0,0.0,1.0,0.0,1.0,1.0,5.0,1-3-4-3,1002.0,248,True,True,True,
15,ridge_h3_ft,ft,44.0,46.0,0.0,1.0,0.0,1.0,1.0,24.0,1-4-4-2,978.0,253,True,True,True,
16,ridge_h3_ft,ft,41.0,54.0,0.0,1.0,0.0,1.0,1.0,5.0,1-4-4-2,990.0,253,True,True,True,
17,ridge_h3_ft,ft,59.0,75.0,0.0,1.0,0.0,1.0,1.0,2.0,1-4-4-2,999.0,226,True,True,True,
18,ridge_h3_ft,ft,35.0,33.0,4.0,2.0,1.0,1.0,1.0,0.0,1-4-4-2,995.0,232,True,True,True,
19,ridge_h3_ft,ft,39.0,41.0,0.0,1.0,0.0,1.0,1.0,23.0,1-4-4-2,969.0,235,True,True,True,
20,ridge_h3_ft,ft,48.0,50.0,0.0,1.0,0.0,1.0,1.0,9.0,1-5-3-2,982.0,246,True,True,True,
21,ridge_h3_ft,ft,60.0,66.0,0.0,1.0,0.0,1.0,1.0,15.0,1-4-4-2,976.0,256,True,True,True,
22,ridge_h3_ft,ft,33.0,35.0,0.0,1.0,0.0,1.0,1.0,8.0,1-4-4-2,982.0,257,True,True,True,
23,ridge_h3_ft,ft,37.0,38.0,0.0,0.0,0.0,1.0,2.0,8.0,1-4-4-2,965.0,262,True,True,True,
24,ridge_h3_ft,ft,48.0,53.0,0.0,0.0,0.0,2.0,3.0,8.0,1-4-4-2,933.0,251,True,True,True,
25,ridge_h3_ft,ft,40.0,51.0,0.0,0.0,0.0,3.0,4.0,8.0,1-5-3-2,932.0,244,True,True,True,
26,ridge_h3_ft,ft,52.0,57.0,0.0,0.0,0.0,4.0,5.0,8.0,1-4-4-2,982.0,240,True,True,True,
27,ridge_h3_ft,ft,46.0,52.0,0.0,0.0,0.0,5.0,5.0,8.0,1-4-4-2,981.0,245,True,True,True,
28,ridge_h3_ft,ft,40.0,40.0,0.0,2.0,0.0,5.0,4.0,7.0,1-4-4-2,887.0,246,True,True,True,
29,ridge_h3_ft,ft,68.0,70.0,0.0,2.0,0.0,4.0,3.0,4.0,1-4-4-2,985.0,251,True,True,True,
30,ridge_h3_ft,ft,42.0,44.0,0.0,2.0,0.0,3.0,2.0,13.0,1-4-4-2,977.0,247,True,True,True,
31,ridge_h3_ft,ft,30.0,30.0,0.0,2.0,0.0,2.0,1.0,16.0,1-4-4-2,800.0,209,True,True,True,
32,ridge_h3_ft,ft,45.0,47.0,0.0,1.0,0.0,1.0,1.0,13.0,1-3-4-3,902.0,255,True,True,True,
33,ridge_h3_ft,ft,24.0,30.0,0.0,1.0,0.0,1.0,1.0,7.0,1-3-4-3,907.0,264,True,True,True,
34,ridge_h3_ft,ft,28.0,28.0,0.0,1.0,0.0,1.0,1.0,2.0,1-3-5-2,856.0,176,True,True,True,
35,ridge_h3_ft,ft,57.0,64.0,0.0,1.0,0.0,1.0,1.0,4.0,1-4-4-2,955.0,250,True,True,True,
36,ridge_h3_ft,ft,63.0,74.0,0.0,1.0,0.0,1.0,1.0,8.0,1-3-4-3,954.0,254,True,True,True,
37,ridge_h3_ft,ft,58.0,67.0,0.0,1.0,0.0,1.0,1.0,6.0,1-3-4-3,957.0,270,True,True,True,
38,ridge_h3_ft,ft,22.0,22.0,0.0,0.0,0.0,1.0,2.0,6.0,1-3-4-3,796.0,254,True,True,True,
5,ridge_h3_nounc_ft,ft,50.0,59.0,0.0,0.0,0.0,0.0,1.0,5.0,1-3-4-3,995.0,148,False,False,False,
6,ridge_h3_nounc_ft,ft,50.0,66.0,0.0,0.0,0.0,1.0,2.0,5.0,1-3-4-3,957.0,174,False,False,False,
7,ridge_h3_nounc_ft,ft,66.0,74.0,0.0,1.0,0.0,2.0,2.0,0.0,1-3-4-3,1002.0,202,False,False,False,
8,ridge_h3_nounc_ft,ft,48.0,61.0,0.0,0.0,0.0,2.0,3.0,0.0,1-3-4-3,991.0,214,False,False,False,
9,ridge_h3_nounc_ft,ft,33.0,35.0,0.0,2.0,0.0,3.0,2.0,1.0,1-3-4-3,1008.0,228,False,False,False,
10,ridge_h3_nounc_ft,ft,67.0,80.0,0.0,2.0,0.0,2.0,1.0,2.0,1-3-4-3,1007.0,235,False,False,False,
11,ridge_h3_nounc_ft,ft,32.0,36.0,0.0,0.0,0.0,1.0,2.0,2.0,1-3-4-3,1010.0,240,False,False,False,
12,ridge_h3_nounc_ft,ft,48.0,50.0,0.0,0.0,0.0,2.0,3.0,2.0,1-3-4-3,975.0,243,False,False,False,
13,ridge_h3_nounc_ft,ft,44.0,46.0,0.0,0.0,0.0,3.0,4.0,2.0,1-3-4-3,1011.0,242,False,False,False,
14,ridge_h3_nounc_ft,ft,52.0,66.0,0.0,0.0,0.0,4.0,5.0,2.0,1-3-4-3,1004.0,248,False,False,False,
15,ridge_h3_nounc_ft,ft,58.0,60.0,0.0,3.0,0.0,5.0,3.0,0.0,1-3-4-3,999.0,253,False,False,False,
16,ridge_h3_nounc_ft,ft,46.0,59.0,0.0,0.0,0.0,3.0,4.0,0.0,1-3-4-3,1000.0,253,False,False,False,
17,ridge_h3_nounc_ft,ft,64.0,80.0,0.0,3.0,0.0,4.0,2.0,3.0,1-3-4-3,1004.0,226,False,False,False,
18,ridge_h3_nounc_ft,ft,31.0,33.0,0.0,0.0,0.0,2.0,3.0,3.0,1-4-3-3,992.0,232,False,False,False,
19,ridge_h3_nounc_ft,ft,36.0,38.0,0.0,0.0,0.0,3.0,4.0,3.0,1-3-4-3,981.0,235,False,False,False,
20,ridge_h3_nounc_ft,ft,57.0,59.0,0.0,3.0,0.0,4.0,2.0,3.0,1-3-4-3,990.0,246,False,False,False,
21,ridge_h3_nounc_ft,ft,52.0,58.0,0.0,0.0,0.0,2.0,3.0,3.0,1-3-4-3,997.0,256,False,False,False,
22,ridge_h3_nounc_ft,ft,33.0,35.0,0.0,0.0,0.0,3.0,4.0,3.0,1-3-4-3,996.0,257,False,False,False,
23,ridge_h3_nounc_ft,ft,24.0,25.0,0.0,0.0,0.0,4.0,5.0,3.0,1-3-4-3,993.0,262,False,False,False,
24,ridge_h3_nounc_ft,ft,57.0,62.0,0.0,3.0,0.0,5.0,3.0,9.0,1-4-4-2,960.0,251,False,False,False,
25,ridge_h3_nounc_ft,ft,57.0,68.0,0.0,0.0,0.0,3.0,4.0,9.0,1-3-5-2,961.0,244,False,False,False,
26,ridge_h3_nounc_ft,ft,35.0,40.0,0.0,0.0,0.0,4.0,5.0,9.0,1-4-4-2,960.0,240,False,False,False,
27,ridge_h3_nounc_ft,ft,34.0,40.0,0.0,0.0,0.0,5.0,5.0,9.0,1-4-4-2,961.0,245,False,False,False,
28,ridge_h3_nounc_ft,ft,59.0,59.0,0.0,2.0,0.0,5.0,4.0,0.0,1-3-5-2,880.0,246,False,False,False,
29,ridge_h3_nounc_ft,ft,79.0,81.0,0.0,3.0,0.0,4.0,2.0,3.0,1-4-4-2,972.0,251,False,False,False,
30,ridge_h3_nounc_ft,ft,61.0,63.0,0.0,2.0,0.0,2.0,1.0,1.0,1-3-5-2,967.0,247,False,False,False,
31,ridge_h3_nounc_ft,ft,32.0,32.0,0.0,0.0,0.0,1.0,2.0,1.0,1-4-4-2,835.0,209,False,False,False,
32,ridge_h3_nounc_ft,ft,57.0,59.0,0.0,2.0,0.0,2.0,1.0,8.0,1-4-4-2,971.0,255,False,False,False,
33,ridge_h3_nounc_ft,ft,40.0,46.0,0.0,1.0,0.0,1.0,1.0,0.0,1-4-4-2,977.0,264,False,False,False,
34,ridge_h3_nounc_ft,ft,44.0,44.0,0.0,1.0,0.0,1.0,1.0,0.0,1-4-4-2,874.0,176,False,False,False,
35,ridge_h3_nounc_ft,ft,63.0,70.0,0.0,1.0,0.0,1.0,1.0,5.0,1-4-4-2,974.0,250,False,False,False,
36,ridge_h3_nounc_ft,ft,74.0,85.0,0.0,1.0,0.0,1.0,1.0,1.0,1-4-4-2,978.0,254,False,False,False,
37,ridge_h3_nounc_ft,ft,68.0,77.0,0.0,0.0,0.0,1.0,2.0,1.0,1-5-4-1,981.0,270,False,False,False,
38,ridge_h3_nounc_ft,ft,26.0,26.0,0.0,0.0,0.0,2.0,3.0,1.0,1-5-4-1,860.0,254,False,False,False,
5,ridge_h3_fdr_ft,ft,50.0,59.0,0.0,0.0,0.0,0.0,1.0,5.0,1-3-4-3,995.0,148,False,True,False,
6,ridge_h3_fdr_ft,ft,50.0,66.0,0.0,1.0,0.0,1.0,1.0,7.0,1-3-4-3,955.0,174,False,True,False,
7,ridge_h3_fdr_ft,ft,69.0,77.0,0.0,0.0,0.0,1.0,2.0,7.0,1-3-4-3,995.0,202,False,True,False,
8,ridge_h3_fdr_ft,ft,47.0,60.0,0.0,0.0,0.0,2.0,3.0,7.0,1-3-4-3,984.0,214,False,True,False,
9,ridge_h3_fdr_ft,ft,44.0,46.0,0.0,3.0,0.0,3.0,1.0,1.0,1-3-4-3,1008.0,228,False,True,False,
10,ridge_h3_fdr_ft,ft,61.0,74.0,0.0,1.0,0.0,1.0,1.0,3.0,1-3-4-3,1006.0,235,False,True,False,
11,ridge_h3_fdr_ft,ft,40.0,44.0,0.0,1.0,0.0,1.0,1.0,9.0,1-3-4-3,1002.0,240,False,True,False,
12,ridge_h3_fdr_ft,ft,56.0,58.0,0.0,0.0,0.0,1.0,2.0,9.0,1-3-4-3,1000.0,243,False,True,False,
13,ridge_h3_fdr_ft,ft,49.0,51.0,0.0,2.0,0.0,2.0,1.0,0.0,1-3-4-3,1011.0,242,False,True,False,
14,ridge_h3_fdr_ft,ft,54.0,68.0,0.0,0.0,0.0,1.0,2.0,0.0,1-3-4-3,1013.0,248,False,True,False,
15,ridge_h3_fdr_ft,ft,38.0,40.0,0.0,0.0,0.0,2.0,3.0,0.0,1-3-4-3,1006.0,253,False,True,False,
16,ridge_h3_fdr_ft,ft,40.0,53.0,0.0,2.0,0.0,3.0,2.0,4.0,1-3-4-3,975.0,253,False,True,False,
17,ridge_h3_fdr_ft,ft,59.0,75.0,0.0,0.0,0.0,2.0,3.0,4.0,1-3-5-2,974.0,226,False,True,False,
18,ridge_h3_fdr_ft,ft,33.0,35.0,0.0,0.0,0.0,3.0,4.0,4.0,1-3-5-2,988.0,232,False,True,False,
19,ridge_h3_fdr_ft,ft,49.0,51.0,0.0,2.0,0.0,4.0,3.0,2.0,1-3-5-2,980.0,235,False,True,False,
20,ridge_h3_fdr_ft,ft,70.0,72.0,0.0,2.0,0.0,3.0,2.0,8.0,1-3-4-3,992.0,246,False,True,False,
21,ridge_h3_fdr_ft,ft,61.0,67.0,0.0,1.0,0.0,2.0,2.0,1.0,1-3-4-3,1000.0,256,False,True,False,
22,ridge_h3_fdr_ft,ft,38.0,40.0,0.0,2.0,0.0,2.0,1.0,5.0,1-3-5-2,998.0,257,False,True,False,
23,ridge_h3_fdr_ft,ft,29.0,30.0,0.0,1.0,0.0,1.0,1.0,0.0,1-3-5-2,983.0,262,False,True,False,
24,ridge_h3_fdr_ft,ft,56.0,61.0,0.0,0.0,0.0,1.0,2.0,0.0,1-3-5-2,982.0,251,False,True,False,
25,ridge_h3_fdr_ft,ft,55.0,66.0,0.0,2.0,0.0,2.0,1.0,6.0,1-3-5-2,997.0,244,False,True,False,
26,ridge_h3_fdr_ft,ft,47.0,52.0,0.0,1.0,0.0,1.0,1.0,0.0,1-3-5-2,1001.0,240,False,True,False,
27,ridge_h3_fdr_ft,ft,35.0,41.0,0.0,0.0,0.0,1.0,2.0,0.0,1-3-5-2,981.0,245,False,True,False,
28,ridge_h3_fdr_ft,ft,57.0,57.0,0.0,2.0,0.0,2.0,1.0,2.0,1-4-4-2,887.0,246,False,True,False,
29,ridge_h3_fdr_ft,ft,60.0,62.0,0.0,1.0,0.0,1.0,1.0,0.0,1-4-4-2,982.0,251,False,True,False,
30,ridge_h3_fdr_ft,ft,59.0,61.0,0.0,1.0,0.0,1.0,1.0,2.0,1-4-4-2,980.0,247,False,True,False,
31,ridge_h3_fdr_ft,ft,27.0,27.0,0.0,0.0,0.0,1.0,2.0,2.0,1-3-5-2,842.0,209,False,True,False,
32,ridge_h3_fdr_ft,ft,54.0,56.0,0.0,2.0,0.0,2.0,1.0,0.0,1-3-5-2,967.0,255,False,True,False,
33,ridge_h3_fdr_ft,ft,40.0,46.0,0.0,1.0,0.0,1.0,1.0,0.0,1-4-4-2,981.0,264,False,True,False,
34,ridge_h3_fdr_ft,ft,51.0,51.0,0.0,0.0,0.0,1.0,2.0,0.0,1-4-4-2,875.0,176,False,True,False,
35,ridge_h3_fdr_ft,ft,62.0,69.0,0.0,2.0,0.0,2.0,1.0,6.0,1-3-5-2,976.0,250,False,True,False,
36,ridge_h3_fdr_ft,ft,65.0,76.0,0.0,1.0,0.0,1.0,1.0,7.0,1-4-4-2,977.0,254,False,True,False,
37,ridge_h3_fdr_ft,ft,61.0,70.0,0.0,0.0,0.0,1.0,2.0,7.0,1-4-4-2,978.0,270,False,True,False,
38,ridge_h3_fdr_ft,ft,31.0,31.0,0.0,2.0,0.0,2.0,1.0,0.0,1-4-4-2,862.0,254,False,True,False,
5,ridge_h3_flow_ft,ft,50.0,59.0,0.0,0.0,0.0,0.0,1.0,5.0,1-3-4-3,995.0,148,False,False,True,
6,ridge_h3_flow_ft,ft,43.0,59.0,0.0,1.0,0.0,1.0,1.0,3.0,1-3-4-3,959.0,174,False,False,True,
7,ridge_h3_flow_ft,ft,74.0,82.0,0.0,1.0,0.0,1.0,1.0,8.0,1-3-4-3,994.0,202,False,False,True,
8,ridge_h3_flow_ft,ft,56.0,69.0,0.0,1.0,0.0,1.0,1.0,25.0,1-3-4-3,983.0,214,False,False,True,
9,ridge_h3_flow_ft,ft,35.0,37.0,0.0,1.0,0.0,1.0,1.0,0.0,1-3-4-3,1009.0,228,False,False,True,
10,ridge_h3_flow_ft,ft,77.0,86.0,4.0,2.0,1.0,1.0,1.0,0.0,1-3-4-3,1010.0,235,False,False,True,
11,ridge_h3_flow_ft,ft,36.0,40.0,0.0,1.0,0.0,1.0,1.0,0.0,1-3-4-3,1013.0,240,False,False,True,
12,ridge_h3_flow_ft,ft,42.0,44.0,0.0,0.0,0.0,1.0,2.0,0.0,1-4-3-3,977.0,243,False,False,True,
13,ridge_h3_flow_ft,ft,47.0,49.0,0.0,2.0,0.0,2.0,1.0,0.0,1-3-4-3,1013.0,242,False,False,True,
14,ridge_h3_flow_ft,ft,54.0,68.0,0.0,1.0,0.0,1.0,1.0,2.0,1-3-4-3,1012.0,248,False,False,True,
15,ridge_h3_flow_ft,ft,59.0,61.0,0.0,1.0,0.0,1.0,1.0,6.0,1-3-4-3,1002.0,253,False,False,True,
16,ridge_h3_flow_ft,ft,44.0,57.0,0.0,0.0,0.0,1.0,2.0,6.0,1-3-4-3,963.0,253,False,False,True,
17,ridge_h3_flow_ft,ft,54.0,70.0,0.0,2.0,0.0,2.0,1.0,0.0,1-3-4-3,969.0,226,False,False,True,
18,ridge_h3_flow_ft,ft,24.0,26.0,0.0,0.0,0.0,1.0,2.0,0.0,1-3-4-3,951.0,232,False,False,True,
19,ridge_h3_flow_ft,ft,19.0,21.0,0.0,2.0,0.0,2.0,1.0,1.0,1-3-4-3,943.0,235,False,False,True,
20,ridge_h3_flow_ft,ft,31.0,33.0,0.0,1.0,0.0,1.0,1.0,0.0,1-3-4-3,924.0,246,False,False,True,
21,ridge_h3_flow_ft,ft,51.0,57.0,0.0,1.0,0.0,1.0,1.0,3.0,1-4-3-3,960.0,256,False,False,True,
22,ridge_h3_flow_ft,ft,32.0,34.0,0.0,0.0,0.0,1.0,2.0,3.0,1-3-4-3,992.0,257,False,False,True,
23,ridge_h3_flow_ft,ft,34.0,35.0,0.0,2.0,0.0,2.0,1.0,2.0,1-4-3-3,1008.0,262,False,False,True,
24,ridge_h3_flow_ft,ft,67.0,72.0,0.0,1.0,0.0,1.0,1.0,5.0,1-3-4-3,1003.0,251,False,False,True,
25,ridge_h3_flow_ft,ft,58.0,69.0,0.0,1.0,0.0,1.0,1.0,0.0,1-3-4-3,1010.0,244,False,False,True,
26,ridge_h3_flow_ft,ft,52.0,57.0,0.0,0.0,0.0,1.0,2.0,0.0,1-3-4-3,1010.0,240,False,False,True,
27,ridge_h3_flow_ft,ft,40.0,46.0,0.0,0.0,0.0,2.0,3.0,0.0,1-3-4-3,1010.0,245,False,False,True,
28,ridge_h3_flow_ft,ft,63.0,63.0,0.0,3.0,0.0,3.0,1.0,1.0,1-4-3-3,918.0,246,False,False,True,
29,ridge_h3_flow_ft,ft,45.0,47.0,0.0,1.0,0.0,1.0,1.0,10.0,1-4-3-3,1004.0,251,False,False,True,
30,ridge_h3_flow_ft,ft,50.0,52.0,0.0,1.0,0.0,1.0,1.0,25.0,1-3-4-3,984.0,247,False,False,True,
31,ridge_h3_flow_ft,ft,38.0,38.0,0.0,1.0,0.0,1.0,1.0,2.0,1-3-4-3,891.0,209,False,False,True,
32,ridge_h3_flow_ft,ft,59.0,61.0,0.0,1.0,0.0,1.0,1.0,7.0,1-3-4-3,969.0,255,False,False,True,
33,ridge_h3_flow_ft,ft,30.0,36.0,0.0,1.0,0.0,1.0,1.0,3.0,1-3-4-3,949.0,264,False,False,True,
34,ridge_h3_flow_ft,ft,31.0,31.0,0.0,1.0,0.0,1.0,1.0,0.0,1-3-4-3,858.0,176,False,False,True,
35,ridge_h3_flow_ft,ft,49.0,56.0,0.0,1.0,0.0,1.0,1.0,9.0,1-3-4-3,943.0,250,False,False,True,
36,ridge_h3_flow_ft,ft,62.0,73.0,0.0,1.0,0.0,1.0,1.0,5.0,1-3-5-2,948.0,254,False,False,True,
37,ridge_h3_flow_ft,ft,51.0,60.0,0.0,0.0,0.0,1.0,2.0,5.0,1-3-5-2,951.0,270,False,False,True,
38,ridge_h3_flow_ft,ft,20.0,20.0,0.0,0.0,0.0,2.0,3.0,5.0,1-3-5-2,828.0,254,False,False,True,
5,xp_ft,ft,63.0,67.0,0.0,0.0,0.0,0.0,1.0,2.0,1-5-4-1,998.0,148,True,True,True,
6,xp_ft,ft,44.0,60.0,0.0,1.0,0.0,1.0,1.0,0.0,1-5-4-1,999.0,174,True,True,True,
7,xp_ft,ft,56.0,56.0,8.0,3.0,2.0,1.0,1.0,9.0,1-5-3-2,985.0,202,True,True,True,
8,xp_ft,ft,44.0,49.0,8.0,3.0,2.0,1.0,1.0,3.0,1-5-4-1,975.0,214,True,True,True,
9,xp_ft,ft,27.0,29.0,0.0,1.0,0.0,1.0,1.0,34.0,1-5-4-1,964.0,228,True,True,True,
10,xp_ft,ft,61.0,74.0,0.0,1.0,0.0,1.0,1.0,32.0,1-5-3-2,967.0,235,True,True,True,
11,xp_ft,ft,42.0,45.0,0.0,1.0,0.0,1.0,1.0,17.0,1-5-3-2,983.0,240,True,True,True,
12,xp_ft,ft,44.0,47.0,0.0,0.0,0.0,1.0,2.0,17.0,1-5-3-2,978.0,243,True,True,True,
13,xp_ft,ft,51.0,53.0,0.0,2.0,0.0,2.0,1.0,12.0,1-5-3-2,992.0,242,True,True,True,
14,xp_ft,ft,62.0,76.0,0.0,1.0,0.0,1.0,1.0,8.0,1-4-4-2,987.0,248,True,True,True,
15,xp_ft,ft,40.0,42.0,0.0,1.0,0.0,1.0,1.0,1.0,1-5-4-1,1006.0,253,True,True,True,
16,xp_ft,ft,63.0,74.0,0.0,1.0,0.0,1.0,1.0,0.0,1-5-4-1,1005.0,253,True,True,True,
17,xp_ft,ft,60.0,76.0,0.0,1.0,0.0,1.0,1.0,10.0,1-5-4-1,996.0,226,True,True,True,
18,xp_ft,ft,32.0,34.0,0.0,1.0,0.0,1.0,1.0,14.0,1-5-3-2,993.0,232,True,True,True,
19,xp_ft,ft,57.0,59.0,0.0,1.0,0.0,1.0,1.0,2.0,1-4-4-2,1004.0,235,True,True,True,
20,xp_ft,ft,53.0,55.0,0.0,1.0,0.0,1.0,1.0,18.0,1-5-4-1,987.0,246,True,True,True,
21,xp_ft,ft,57.0,63.0,0.0,1.0,0.0,1.0,1.0,13.0,1-5-3-2,991.0,256,True,True,True,
22,xp_ft,ft,44.0,47.0,0.0,1.0,0.0,1.0,1.0,14.0,1-5-4-1,990.0,257,True,True,True,
23,xp_ft,ft,38.0,39.0,0.0,1.0,0.0,1.0,1.0,22.0,1-5-4-1,961.0,262,True,True,True,
24,xp_ft,ft,48.0,56.0,0.0,1.0,0.0,1.0,1.0,8.0,1-5-4-1,919.0,251,True,True,True,
25,xp_ft,ft,43.0,45.0,0.0,1.0,0.0,1.0,1.0,1.0,1-5-4-1,925.0,244,True,True,True,
26,xp_ft,ft,40.0,45.0,0.0,1.0,0.0,1.0,1.0,2.0,1-5-4-1,975.0,240,True,True,True,
27,xp_ft,ft,51.0,57.0,0.0,1.0,0.0,1.0,1.0,7.0,1-5-4-1,930.0,245,True,True,True,
28,xp_ft,ft,28.0,32.0,0.0,1.0,0.0,1.0,1.0,10.0,1-5-4-1,833.0,246,True,True,True,
29,xp_ft,ft,47.0,49.0,0.0,1.0,0.0,1.0,1.0,10.0,1-5-4-1,927.0,251,True,True,True,
30,xp_ft,ft,55.0,65.0,0.0,0.0,0.0,1.0,2.0,10.0,1-5-4-1,986.0,247,True,True,True,
31,xp_ft,ft,33.0,37.0,0.0,2.0,0.0,2.0,1.0,13.0,1-5-3-2,803.0,209,True,True,True,
32,xp_ft,ft,47.0,68.0,0.0,1.0,0.0,1.0,1.0,4.0,1-5-4-1,914.0,255,True,True,True,
33,xp_ft,ft,40.0,47.0,0.0,1.0,0.0,1.0,1.0,6.0,1-5-4-1,913.0,264,True,True,True,
34,xp_ft,ft,35.0,35.0,0.0,1.0,0.0,1.0,1.0,7.0,1-5-4-1,873.0,176,True,True,True,
35,xp_ft,ft,59.0,73.0,0.0,1.0,0.0,1.0,1.0,8.0,1-5-4-1,965.0,250,True,True,True,
36,xp_ft,ft,60.0,71.0,0.0,1.0,0.0,1.0,1.0,4.0,1-5-4-1,941.0,254,True,True,True,
37,xp_ft,ft,53.0,62.0,0.0,1.0,0.0,1.0,1.0,6.0,1-5-4-1,974.0,270,True,True,True,
38,xp_ft,ft,15.0,17.0,0.0,0.0,0.0,1.0,2.0,6.0,1-5-4-1,822.0,254,True,True,True,
5,xp_budget,budget,63.0,67.0,,,,,,,1-5-4-1,,148,,,,998.0
6,xp_budget,budget,54.0,70.0,,,,,,,1-5-4-1,,174,,,,986.0
7,xp_budget,budget,63.0,71.0,,,,,,,1-5-3-2,,202,,,,999.0
8,xp_budget,budget,60.0,73.0,,,,,,,1-5-4-1,,215,,,,984.0
9,xp_budget,budget,35.0,37.0,,,,,,,1-5-3-2,,229,,,,998.0
10,xp_budget,budget,51.0,64.0,,,,,,,1-5-3-2,,235,,,,1000.0
11,xp_budget,budget,37.0,40.0,,,,,,,1-5-4-1,,240,,,,998.0
12,xp_budget,budget,54.0,57.0,,,,,,,1-5-3-2,,243,,,,999.0
13,xp_budget,budget,63.0,65.0,,,,,,,1-5-3-2,,242,,,,987.0
14,xp_budget,budget,53.0,57.0,,,,,,,1-5-3-2,,248,,,,1000.0
15,xp_budget,budget,68.0,70.0,,,,,,,1-5-3-2,,253,,,,998.0
16,xp_budget,budget,64.0,77.0,,,,,,,1-5-4-1,,253,,,,1000.0
17,xp_budget,budget,71.0,87.0,,,,,,,1-5-4-1,,226,,,,997.0
18,xp_budget,budget,42.0,44.0,,,,,,,1-5-4-1,,232,,,,1000.0
19,xp_budget,budget,54.0,56.0,,,,,,,1-5-4-1,,235,,,,999.0
20,xp_budget,budget,69.0,71.0,,,,,,,1-5-4-1,,246,,,,999.0
21,xp_budget,budget,47.0,53.0,,,,,,,1-5-4-1,,256,,,,1000.0
22,xp_budget,budget,52.0,60.0,,,,,,,1-5-4-1,,257,,,,995.0
23,xp_budget,budget,45.0,46.0,,,,,,,1-5-4-1,,262,,,,1000.0
24,xp_budget,budget,79.0,89.0,,,,,,,1-5-4-1,,251,,,,1000.0
25,xp_budget,budget,59.0,69.0,,,,,,,1-5-4-1,,244,,,,953.0
26,xp_budget,budget,37.0,39.0,,,,,,,1-5-4-1,,260,,,,999.0
27,xp_budget,budget,38.0,41.0,,,,,,,1-5-4-1,,245,,,,998.0
28,xp_budget,budget,59.0,72.0,,,,,,,1-5-4-1,,246,,,,998.0
29,xp_budget,budget,64.0,66.0,,,,,,,1-5-4-1,,251,,,,1000.0
30,xp_budget,budget,52.0,62.0,,,,,,,1-5-3-2,,247,,,,999.0
31,xp_budget,budget,60.0,60.0,,,,,,,1-5-4-1,,209,,,,943.0
32,xp_budget,budget,80.0,84.0,,,,,,,1-5-4-1,,255,,,,997.0
33,xp_budget,budget,56.0,63.0,,,,,,,1-5-3-2,,332,,,,998.0
34,xp_budget,budget,50.0,55.0,,,,,,,1-5-4-1,,176,,,,996.0
35,xp_budget,budget,58.0,72.0,,,,,,,1-5-4-1,,250,,,,1000.0
36,xp_budget,budget,59.0,70.0,,,,,,,1-5-4-1,,275,,,,1000.0
37,xp_budget,budget,46.0,55.0,,,,,,,1-5-3-2,,270,,,,1000.0
38,xp_budget,budget,52.0,54.0,,,,,,,1-5-4-1,,254,,,,940.0
