gw,method,xi_points,xi_points_cap,formation,n_players,mean_score
7,xp,62.0,70.0,1-5-4-1,11,6.010835223645481
7,exp_points,46.0,54.0,1-3-5-2,11,7.240909090909091
7,roll3_points,54.0,62.0,1-3-5-2,11,8.303030303030305
7,xmi,24.0,30.0,1-3-4-3,11,90.0
7,price,49.0,51.0,1-3-4-3,11,88.72727272727273
7,random,27.0,28.0,1-4-5-1,11,0.9757819120184295
7,ml_ridge,74.0,82.0,1-3-4-3,11,5.74220232420782
7,ml_hgb,65.0,73.0,1-5-4-1,11,5.951459581683617
7,ml_resid,70.0,78.0,1-5-4-1,11,6.270616943245495
7,ml_lgbm,65.0,73.0,1-5-4-1,11,6.052135962196397
7,blend_xp_exp,74.0,82.0,1-5-4-1,11,2.1958008243530944
8,xp,60.0,73.0,1-5-4-1,11,5.311279791498103
8,exp_points,50.0,63.0,1-5-4-1,11,7.085281385281386
8,roll3_points,60.0,73.0,1-3-5-2,11,7.909090909090909
8,xmi,47.0,53.0,1-3-4-3,11,90.0
8,price,64.0,77.0,1-3-4-3,11,90.81818181818181
8,random,33.0,34.0,1-4-5-1,11,0.971345335874481
8,ml_ridge,56.0,69.0,1-5-3-2,11,5.406154867385456
8,ml_hgb,74.0,87.0,1-5-4-1,11,6.053496556316875
8,ml_resid,60.0,73.0,1-5-4-1,11,6.066739633843792
8,ml_lgbm,61.0,74.0,1-4-5-1,11,6.209997045973958
8,blend_xp_exp,66.0,79.0,1-5-3-2,11,2.1508580726294912
9,xp,37.0,39.0,1-5-3-2,11,5.657806979185316
9,exp_points,38.0,40.0,1-5-3-2,11,7.061255411255411
9,roll3_points,44.0,46.0,1-4-3-3,11,9.0
9,xmi,33.0,39.0,1-3-4-3,11,90.0
9,price,39.0,41.0,1-3-4-3,11,89.0909090909091
9,random,40.0,42.0,1-5-4-1,11,0.9807965477908549
9,ml_ridge,44.0,46.0,1-4-3-3,11,5.695421332219341
9,ml_hgb,42.0,44.0,1-5-3-2,11,6.791092942877388
9,ml_resid,42.0,44.0,1-5-3-2,11,6.7337817822691814
9,ml_lgbm,42.0,51.0,1-5-3-2,11,7.06288119752983
9,blend_xp_exp,37.0,39.0,1-5-3-2,11,2.223782116269999
10,xp,53.0,66.0,1-5-4-1,11,5.464513463017429
10,exp_points,54.0,67.0,1-5-3-2,11,6.662337662337663
10,roll3_points,56.0,68.0,1-4-4-2,11,8.212121212121213
10,xmi,49.0,55.0,1-3-4-3,11,90.0
10,price,73.0,86.0,1-3-4-3,11,89.45454545454545
10,random,50.0,56.0,1-4-5-1,11,0.9811712307300214
10,ml_ridge,79.0,92.0,1-3-4-3,11,5.406213438746114
10,ml_hgb,48.0,61.0,1-5-3-2,11,6.0112014238851605
10,ml_resid,62.0,75.0,1-5-3-2,11,5.813619868170415
10,ml_lgbm,46.0,59.0,1-5-4-1,11,6.205591587251276
10,blend_xp_exp,64.0,77.0,1-5-3-2,11,2.0505391122193077
11,xp,33.0,36.0,1-5-4-1,11,5.259402372017979
11,exp_points,20.0,24.0,1-5-4-1,11,6.656818181818181
11,roll3_points,35.0,36.0,1-3-4-3,11,8.545454545454545
11,xmi,45.0,46.0,1-3-5-2,11,90.0
11,price,42.0,46.0,1-3-4-3,11,89.27272727272727
11,random,60.0,63.0,1-5-3-2,11,0.9460763036260499
11,ml_ridge,34.0,38.0,1-4-3-3,11,5.392566475613533
11,ml_hgb,56.0,60.0,1-4-3-3,11,5.98151309028637
11,ml_resid,56.0,60.0,1-4-3-3,11,5.919423492913117
11,ml_lgbm,46.0,50.0,1-3-4-3,11,6.505496213182526
11,blend_xp_exp,24.0,28.0,1-5-4-1,11,2.149316268234099
12,xp,47.0,50.0,1-5-4-1,11,5.353018513554063
12,exp_points,35.0,37.0,1-5-3-2,11,6.075390266299357
12,roll3_points,30.0,30.0,1-4-5-1,11,7.757575757575757
12,xmi,43.0,45.0,1-3-5-2,11,90.0
12,price,30.0,32.0,1-3-4-3,11,90.81818181818181
12,random,34.0,36.0,1-4-4-2,11,0.9774818630369644
12,ml_ridge,31.0,33.0,1-3-4-3,11,5.270946506868318
12,ml_hgb,24.0,26.0,1-4-3-3,11,5.398975380418162
12,ml_resid,50.0,50.0,1-5-3-2,11,5.387505907982559
12,ml_lgbm,43.0,46.0,1-5-3-2,11,5.587755968898266
12,blend_xp_exp,52.0,54.0,1-5-4-1,11,2.0041966057540366
13,xp,63.0,65.0,1-5-3-2,11,5.295841197368585
13,exp_points,14.0,16.0,1-5-4-1,11,6.087809917355372
13,roll3_points,27.0,29.0,1-4-5-1,11,8.090909090909092
13,xmi,47.0,50.0,1-3-5-2,11,90.0
13,price,39.0,41.0,1-3-4-3,11,85.72727272727273
13,random,25.0,27.0,1-4-5-1,11,0.9724233074237034
13,ml_ridge,55.0,57.0,1-3-4-3,11,5.1825106517644395
13,ml_hgb,47.0,49.0,1-5-4-1,11,5.937316461939601
13,ml_resid,44.0,46.0,1-5-4-1,11,5.9315321883121435
13,ml_lgbm,45.0,47.0,1-5-4-1,11,5.986287091956521
13,blend_xp_exp,26.0,28.0,1-5-3-2,11,1.9721242767812925
14,xp,54.0,58.0,1-4-5-1,11,5.318797142550856
14,exp_points,70.0,84.0,1-5-3-2,11,5.868881118881119
14,roll3_points,35.0,36.0,1-3-5-2,11,7.878787878787878
14,xmi,46.0,52.0,1-3-4-3,11,90.0
14,price,51.0,65.0,1-3-4-3,11,92.72727272727273
14,random,36.0,41.0,1-4-5-1,11,0.9746043830177059
14,ml_ridge,39.0,53.0,1-3-5-2,11,5.176008412485626
14,ml_hgb,49.0,63.0,1-4-5-1,11,5.806861521774734
14,ml_resid,33.0,36.0,1-4-5-1,11,5.668275391328272
14,ml_lgbm,76.0,80.0,1-4-5-1,11,5.8274933536549645
14,blend_xp_exp,75.0,89.0,1-5-4-1,11,2.022631890365065
15,xp,61.0,63.0,1-5-3-2,11,5.3339442481940145
15,exp_points,61.0,63.0,1-4-4-2,11,5.826590076590077
15,roll3_points,64.0,76.0,1-4-5-1,11,8.121212121212121
15,xmi,36.0,38.0,1-3-4-3,11,90.0
15,price,48.0,50.0,1-3-4-3,11,87.81818181818181
15,random,46.0,48.0,1-5-4-1,11,0.9847607809866109
15,ml_ridge,76.0,78.0,1-4-4-2,11,5.1034331240488475
15,ml_hgb,77.0,79.0,1-5-4-1,11,5.469949116705236
15,ml_resid,65.0,67.0,1-4-5-1,11,5.704650629839593
15,ml_lgbm,50.0,52.0,1-5-4-1,11,5.588459311512595
15,blend_xp_exp,76.0,78.0,1-5-4-1,11,1.9225848727930788
16,xp,56.0,57.0,1-5-4-1,11,5.418281865869319
16,exp_points,60.0,73.0,1-4-5-1,11,6.02027972027972
16,roll3_points,61.0,72.0,1-4-5-1,11,8.575757575757576
16,xmi,25.0,27.0,1-4-5-1,11,90.0
16,price,65.0,78.0,1-3-4-3,11,93.27272727272727
16,random,22.0,24.0,1-3-5-2,11,0.9749367541012297
16,ml_ridge,55.0,68.0,1-4-5-1,11,5.246711818804454
16,ml_hgb,42.0,43.0,1-5-4-1,11,5.611820614800904
16,ml_resid,44.0,45.0,1-5-4-1,11,5.8317050685985485
16,ml_lgbm,44.0,46.0,1-4-5-1,11,5.8744631086842185
16,blend_xp_exp,66.0,79.0,1-5-4-1,11,2.076543388063651
17,xp,72.0,88.0,1-5-4-1,11,5.355254014564541
17,exp_points,60.0,76.0,1-3-5-2,11,5.876731601731601
17,roll3_points,63.0,66.0,1-3-4-3,11,9.121212121212121
17,xmi,42.0,49.0,1-4-5-1,11,90.0
17,price,59.0,75.0,1-3-4-3,11,88.81818181818181
17,random,27.0,30.0,1-4-5-1,11,0.9862603274703026
17,ml_ridge,73.0,89.0,1-4-5-1,11,5.144693925433318
17,ml_hgb,66.0,82.0,1-5-4-1,11,5.661118348430399
17,ml_resid,62.0,78.0,1-5-4-1,11,5.720887143878851
17,ml_lgbm,62.0,78.0,1-5-4-1,11,5.932854170583232
17,blend_xp_exp,60.0,76.0,1-5-4-1,11,2.072741489635483
18,xp,31.0,33.0,1-5-4-1,11,5.221147231524446
18,exp_points,35.0,37.0,1-4-5-1,11,6.032382546152599
18,roll3_points,43.0,48.0,1-4-3-3,11,9.242424242424242
18,xmi,31.0,33.0,1-3-5-2,11,90.0
18,price,43.0,45.0,1-3-4-3,11,86.45454545454545
18,random,42.0,44.0,1-5-4-1,11,0.9825964138841655
18,ml_ridge,30.0,32.0,1-4-4-2,11,5.128060413170051
18,ml_hgb,35.0,37.0,1-5-4-1,11,6.080483686741882
18,ml_resid,32.0,34.0,1-5-4-1,11,5.908514911103811
18,ml_lgbm,35.0,37.0,1-4-4-2,11,6.202616067578666
18,blend_xp_exp,42.0,44.0,1-5-4-1,11,2.069015096708043
19,xp,56.0,58.0,1-5-4-1,11,5.188109018951663
19,exp_points,47.0,49.0,1-5-4-1,11,5.8809120617944135
19,roll3_points,41.0,42.0,1-3-4-3,11,8.666666666666666
19,xmi,42.0,44.0,1-3-4-3,11,90.0
19,price,52.0,54.0,1-3-4-3,11,86.9090909090909
19,random,49.0,65.0,1-4-4-2,11,0.9881391298085965
19,ml_ridge,36.0,38.0,1-3-5-2,11,5.152169960994251
19,ml_hgb,35.0,37.0,1-3-5-2,11,5.797600008015788
19,ml_resid,36.0,38.0,1-4-5-1,11,5.829175692747949
19,ml_lgbm,30.0,32.0,1-4-5-1,11,5.987256543181586
19,blend_xp_exp,55.0,57.0,1-5-4-1,11,1.9556288070513255
20,xp,68.0,70.0,1-5-4-1,11,5.112755890713707
20,exp_points,51.0,53.0,1-4-5-1,11,5.884438574841052
20,roll3_points,38.0,38.0,1-3-5-2,11,7.909090909090907
20,xmi,81.0,82.0,1-3-4-3,11,90.0
20,price,43.0,45.0,1-3-4-3,11,86.63636363636364
20,random,56.0,58.0,1-4-3-3,11,0.9685081913343389
20,ml_ridge,57.0,59.0,1-4-5-1,11,4.8754659157304845
20,ml_hgb,50.0,52.0,1-5-4-1,11,5.197279524544806
20,ml_resid,35.0,37.0,1-4-5-1,11,5.304911063796104
20,ml_lgbm,52.0,54.0,1-4-5-1,11,5.608200321765127
20,blend_xp_exp,47.0,49.0,1-5-4-1,11,1.979890420442581
21,xp,45.0,51.0,1-5-4-1,11,5.22475927839586
21,exp_points,64.0,70.0,1-3-5-2,11,5.9093236656704144
21,roll3_points,61.0,64.0,1-3-5-2,11,8.454545454545455
21,xmi,69.0,75.0,1-3-4-3,11,90.0
21,price,38.0,44.0,1-3-4-3,11,87.36363636363636
21,random,31.0,34.0,1-5-3-2,11,0.9808258016588187
21,ml_ridge,49.0,55.0,1-3-5-2,11,4.988920053780549
21,ml_hgb,58.0,63.0,1-3-5-2,11,5.6884272545794055
21,ml_resid,68.0,71.0,1-3-5-2,11,5.514052892359429
21,ml_lgbm,61.0,64.0,1-4-4-2,11,5.752937326142088
21,blend_xp_exp,53.0,59.0,1-5-4-1,11,2.081405104889506
22,xp,45.0,53.0,1-5-4-1,11,4.9455697403618055
22,exp_points,46.0,48.0,1-3-5-2,11,5.897155768208399
22,roll3_points,37.0,38.0,1-3-5-2,11,8.666666666666666
22,xmi,34.0,40.0,1-3-5-2,11,90.0
22,price,51.0,53.0,1-3-4-3,11,87.45454545454545
22,random,38.0,40.0,1-4-5-1,11,0.9778768750950658
22,ml_ridge,47.0,49.0,1-3-4-3,11,4.838916873496692
22,ml_hgb,35.0,43.0,1-3-5-2,11,5.242451253010921
22,ml_resid,34.0,34.0,1-5-4-1,11,5.364871860555297
22,ml_lgbm,33.0,41.0,1-4-4-2,11,5.438348529767724
22,blend_xp_exp,52.0,54.0,1-5-4-1,11,1.9128866580630108
23,xp,51.0,52.0,1-5-4-1,11,5.0813096310587165
23,exp_points,33.0,34.0,1-5-3-2,11,5.90852648149299
23,roll3_points,19.0,21.0,1-5-3-2,11,8.0
23,xmi,28.0,29.0,1-3-5-2,11,90.0
23,price,30.0,31.0,1-3-4-3,11,90.81818181818181
23,random,29.0,31.0,1-4-5-1,11,0.9793603420995354
23,ml_ridge,36.0,37.0,1-3-5-2,11,4.854722139290392
23,ml_hgb,32.0,33.0,1-5-3-2,11,5.565905676107198
23,ml_resid,42.0,43.0,1-5-3-2,11,5.513415129898034
23,ml_lgbm,39.0,40.0,1-5-4-1,11,5.684420517996031
23,blend_xp_exp,29.0,30.0,1-5-3-2,11,2.0114982022858863
24,xp,71.0,81.0,1-5-4-1,11,5.271091173002832
24,exp_points,45.0,50.0,1-4-4-2,11,5.782590880405342
24,roll3_points,43.0,49.0,1-3-5-2,11,7.1515151515151505
24,xmi,38.0,44.0,1-3-5-2,11,90.0
24,price,70.0,75.0,1-3-4-3,11,90.9090909090909
24,random,20.0,23.0,1-4-5-1,11,0.9666164986143652
24,ml_ridge,69.0,79.0,1-4-5-1,11,4.8223873139458915
24,ml_hgb,44.0,52.0,1-4-5-1,11,5.409706033446953
24,ml_resid,59.0,68.0,1-5-4-1,11,5.332013557777026
24,ml_lgbm,53.0,62.0,1-5-4-1,11,5.815017759667525
24,blend_xp_exp,64.0,74.0,1-4-5-1,11,1.960193781044211
25,xp,61.0,71.0,1-5-4-1,11,5.1156232177656245
25,exp_points,64.0,70.0,1-4-4-2,11,5.768458155809935
25,roll3_points,47.0,55.0,1-3-5-2,11,7.484848484848485
25,xmi,45.0,52.0,1-3-4-3,11,90.0
25,price,78.0,89.0,1-3-4-3,11,91.36363636363636
25,random,28.0,29.0,1-3-5-2,11,0.9828267687046547
25,ml_ridge,63.0,73.0,1-3-5-2,11,4.886110114515762
25,ml_hgb,62.0,72.0,1-3-5-2,11,4.931273826491523
25,ml_resid,44.0,54.0,1-4-5-1,11,5.294551650913966
25,ml_lgbm,60.0,70.0,1-4-5-1,11,5.403349961358483
25,blend_xp_exp,66.0,72.0,1-5-4-1,11,1.9569192631202
26,xp,33.0,35.0,1-5-4-1,11,5.3369509857457045
26,exp_points,49.0,54.0,1-3-5-2,11,5.982707443133844
26,roll3_points,62.0,74.0,1-3-5-2,11,7.787878787878787
26,xmi,35.0,37.0,1-3-4-3,11,90.0
26,price,51.0,56.0,1-3-5-2,11,94.9090909090909
26,random,35.0,37.0,1-4-4-2,11,0.988632179753538
26,ml_ridge,46.0,51.0,1-4-5-1,11,5.175821303091456
26,ml_hgb,40.0,42.0,1-4-5-1,11,5.682127413701681
26,ml_resid,37.0,39.0,1-4-5-1,11,5.645755027500512
26,ml_lgbm,40.0,42.0,1-4-5-1,11,5.7053278660018885
26,blend_xp_exp,49.0,54.0,1-5-4-1,11,2.137470180298324
27,xp,38.0,41.0,1-5-4-1,11,5.335583219359714
27,exp_points,40.0,46.0,1-3-5-2,11,5.772020487198353
27,roll3_points,57.0,60.0,1-3-5-2,11,7.666666666666666
27,xmi,28.0,31.0,1-3-4-3,11,90.0
27,price,44.0,50.0,1-3-4-3,11,93.0
27,random,49.0,58.0,1-4-3-3,11,0.9694376242652296
27,ml_ridge,32.0,38.0,1-3-5-2,11,5.123239992558357
27,ml_hgb,39.0,42.0,1-3-5-2,11,6.092877009977892
27,ml_resid,39.0,42.0,1-4-5-1,11,5.873691660909509
27,ml_lgbm,44.0,46.0,1-5-4-1,11,6.21194544940387
27,blend_xp_exp,39.0,45.0,1-4-5-1,11,2.079153741556206
28,xp,55.0,68.0,1-5-4-1,11,5.127513280963154
28,exp_points,54.0,63.0,1-3-5-2,11,5.475525784688464
28,roll3_points,37.0,38.0,1-5-4-1,11,8.242424242424242
28,xmi,37.0,40.0,1-3-4-3,11,90.0
28,price,67.0,69.0,1-3-5-2,11,87.54545454545455
28,random,31.0,32.0,1-4-5-1,11,0.9693628716012198
28,ml_ridge,73.0,86.0,1-3-5-2,11,4.890919211458524
28,ml_hgb,57.0,62.0,1-5-4-1,11,4.946993707735696
28,ml_resid,76.0,80.0,1-4-5-1,11,4.95416855361909
28,ml_lgbm,57.0,63.0,1-5-4-1,11,5.085534580023844
28,blend_xp_exp,63.0,76.0,1-4-5-1,11,1.8803441145888136
29,xp,68.0,70.0,1-5-4-1,11,5.1992428823919195
29,exp_points,56.0,58.0,1-3-4-3,11,5.5921712908669425
29,roll3_points,26.0,27.0,1-3-5-2,11,7.909090909090909
29,xmi,37.0,44.0,1-3-4-3,11,90.0
29,price,72.0,74.0,1-3-4-3,11,93.18181818181819
29,random,48.0,49.0,1-5-3-2,11,0.9668389462700199
29,ml_ridge,76.0,78.0,1-3-5-2,11,5.030679503152993
29,ml_hgb,60.0,62.0,1-5-4-1,11,5.305606279262226
29,ml_resid,63.0,65.0,1-5-4-1,11,5.381792973475404
29,ml_lgbm,68.0,75.0,1-5-4-1,11,5.289404549199791
29,blend_xp_exp,59.0,61.0,1-5-4-1,11,1.9911257100494433
30,xp,48.0,58.0,1-5-4-1,11,5.296951680672569
30,exp_points,39.0,41.0,1-3-5-2,11,5.648153570567363
30,roll3_points,53.0,55.0,1-4-5-1,11,8.03030303030303
30,xmi,48.0,55.0,1-3-4-3,11,90.0
30,price,45.0,47.0,1-3-4-3,11,93.45454545454545
30,random,28.0,30.0,1-4-5-1,11,0.988951070867707
30,ml_ridge,54.0,56.0,1-3-5-2,11,5.193766607668675
30,ml_hgb,42.0,45.0,1-3-5-2,11,5.477180035835187
30,ml_resid,44.0,54.0,1-3-5-2,11,5.352204906912832
30,ml_lgbm,42.0,52.0,1-3-5-2,11,5.690349938383769
30,blend_xp_exp,49.0,59.0,1-4-5-1,11,2.033732194406222
31,xp,57.0,57.0,1-5-4-1,11,4.893281617358704
31,exp_points,47.0,60.0,1-3-5-2,11,4.979593504303517
31,roll3_points,57.0,70.0,1-4-5-1,11,7.212121212121215
31,xmi,53.0,62.0,1-3-4-3,11,90.0
31,price,52.0,54.0,1-3-5-2,11,79.0909090909091
31,random,12.0,13.0,1-3-4-3,11,0.981227999482761
31,ml_ridge,54.0,67.0,1-3-5-2,11,4.518816759255871
31,ml_hgb,45.0,50.0,1-3-5-2,11,4.56349169239498
31,ml_resid,48.0,61.0,1-4-5-1,11,4.581828741764691
31,ml_lgbm,42.0,55.0,1-4-5-1,11,4.77817515179766
31,blend_xp_exp,48.0,61.0,1-5-4-1,11,1.702510810224908
32,xp,74.0,78.0,1-5-4-1,11,4.965987289902002
32,exp_points,53.0,57.0,1-3-4-3,11,5.594256148004758
32,roll3_points,38.0,42.0,1-4-5-1,11,8.363636363636365
32,xmi,46.0,47.0,1-3-4-3,11,90.0
32,price,40.0,42.0,1-3-4-3,11,93.27272727272727
32,random,20.0,21.0,1-5-4-1,11,0.9609301706259932
32,ml_ridge,65.0,69.0,1-3-4-3,11,4.821090725982707
32,ml_hgb,50.0,54.0,1-3-5-2,11,5.330392491240553
32,ml_resid,51.0,55.0,1-4-5-1,11,5.195606286508585
32,ml_lgbm,56.0,60.0,1-3-5-2,11,5.434822518780179
32,blend_xp_exp,49.0,53.0,1-5-4-1,11,1.9650217337399598
33,xp,66.0,73.0,1-5-3-2,11,5.316606412717013
33,exp_points,41.0,41.0,1-3-5-2,11,5.833908902243504
33,roll3_points,37.0,43.0,1-5-3-2,11,8.666666666666668
33,xmi,43.0,44.0,1-3-4-3,11,90.0
33,price,48.0,54.0,1-3-4-3,11,98.27272727272727
33,random,25.0,25.0,1-4-5-1,11,0.9856150161670233
33,ml_ridge,43.0,50.0,1-3-4-3,11,4.977373606922409
33,ml_hgb,51.0,58.0,1-5-3-2,11,5.338497011594615
33,ml_resid,63.0,70.0,1-3-5-2,11,5.283010073881321
33,ml_lgbm,49.0,56.0,1-4-4-2,11,5.419814736729451
33,blend_xp_exp,43.0,50.0,1-5-3-2,11,2.088551328714673
34,xp,53.0,58.0,1-5-4-1,11,4.873160765106281
34,exp_points,49.0,54.0,1-3-5-2,11,5.326478676044372
34,roll3_points,44.0,48.0,1-5-3-2,11,7.96969696969697
34,xmi,43.0,53.0,1-3-4-3,11,90.0
34,price,50.0,51.0,1-3-4-3,11,87.0909090909091
34,random,41.0,42.0,1-3-5-2,11,0.9607007129401339
34,ml_ridge,54.0,59.0,1-4-5-1,11,4.737239652881371
34,ml_hgb,44.0,49.0,1-3-5-2,11,5.214921209410101
34,ml_resid,51.0,56.0,1-3-5-2,11,5.193322577041013
34,ml_lgbm,52.0,60.0,1-4-5-1,11,5.517043109875374
34,blend_xp_exp,27.0,32.0,1-5-4-1,11,1.741819997677508
35,xp,49.0,63.0,1-5-4-1,11,5.203119665913072
35,exp_points,47.0,54.0,1-3-5-2,11,5.557820896790838
35,roll3_points,32.0,36.0,1-3-4-3,11,9.121212121212123
35,xmi,54.0,60.0,1-3-4-3,11,90.0
35,price,59.0,66.0,1-3-4-3,11,88.0
35,random,19.0,25.0,1-5-4-1,11,0.976395931211713
35,ml_ridge,63.0,70.0,1-3-4-3,11,5.032928673454792
35,ml_hgb,67.0,73.0,1-4-5-1,11,5.265016630638645
35,ml_resid,52.0,58.0,1-4-5-1,11,5.214134863642692
35,ml_lgbm,59.0,63.0,1-4-5-1,11,5.448315573398018
35,blend_xp_exp,61.0,68.0,1-5-4-1,11,1.9231786814020069
36,xp,67.0,78.0,1-5-4-1,11,5.140777944179862
36,exp_points,72.0,83.0,1-3-5-2,11,5.560307214222252
36,roll3_points,43.0,44.0,1-4-3-3,11,7.606060606060606
36,xmi,44.0,53.0,1-3-4-3,11,90.0
36,price,48.0,59.0,1-3-4-3,11,89.45454545454545
36,random,38.0,39.0,1-4-3-3,11,0.9650273158675094
36,ml_ridge,67.0,78.0,1-4-5-1,11,4.820407270175585
36,ml_hgb,61.0,72.0,1-5-4-1,11,5.317331858528434
36,ml_resid,76.0,79.0,1-4-5-1,11,5.166691109116109
36,ml_lgbm,64.0,75.0,1-4-5-1,11,5.481080623425817
36,blend_xp_exp,77.0,88.0,1-5-4-1,11,2.033423924134322
37,xp,56.0,65.0,1-5-3-2,11,5.146423919741491
37,exp_points,48.0,57.0,1-3-5-2,11,5.498608695243399
37,roll3_points,55.0,62.0,1-3-5-2,11,8.393939393939393
37,xmi,50.0,56.0,1-3-4-3,11,90.0
37,price,68.0,77.0,1-3-4-3,11,93.45454545454545
37,random,31.0,33.0,1-3-5-2,11,0.9792369530795807
37,ml_ridge,47.0,56.0,1-3-5-2,11,5.0121672148844985
37,ml_hgb,64.0,70.0,1-3-5-2,11,5.724774473118692
37,ml_resid,66.0,75.0,1-3-5-2,11,5.587041897974029
37,ml_lgbm,64.0,73.0,1-4-4-2,11,5.662271754400684
37,blend_xp_exp,49.0,55.0,1-4-4-2,11,2.053913398040588
38,xp,49.0,51.0,1-5-4-1,11,4.790132611323028
38,exp_points,46.0,47.0,1-3-5-2,11,5.250673868131174
38,roll3_points,42.0,44.0,1-3-5-2,11,7.6060606060606055
38,xmi,28.0,34.0,1-3-4-3,11,90.0
38,price,58.0,64.0,1-3-5-2,11,85.63636363636364
38,random,31.0,37.0,1-3-4-3,11,0.9745195828819925
38,ml_ridge,70.0,82.0,1-4-5-1,11,4.512604617195593
38,ml_hgb,58.0,59.0,1-4-5-1,11,5.186206569787238
38,ml_resid,44.0,45.0,1-5-4-1,11,5.2537663962531855
38,ml_lgbm,41.0,42.0,1-5-4-1,11,5.355539573390445
38,blend_xp_exp,58.0,59.0,1-5-4-1,11,1.8299638024171074
