gw,player_id,name,position,team,squads,started
5,411,Haaland,FWD,MCI,12,12
5,124,Groß,MID,BHA,11,6
5,154,Palmer,MID,CHE,9,9
5,368,Szoboszlai,MID,LIV,8,8
5,1,Raya,GKP,ARS,8,7
5,346,Calvert-Lewin,FWD,LEE,8,8
5,8,Calafiori,DEF,ARS,8,8
5,40,Rogers,MID,CHE,7,7
5,165,João Pedro,FWD,CHE,7,0
5,411,Haaland,FWD,MCI,12,12
5,124,Groß,MID,BHA,11,6
5,154,Palmer,MID,CHE,9,9
5,368,Szoboszlai,MID,LIV,8,8
5,1,Raya,GKP,ARS,8,7
5,346,Calvert-Lewin,FWD,LEE,8,8
5,8,Calafiori,DEF,ARS,8,8
5,40,Rogers,MID,CHE,7,7
5,165,João Pedro,FWD,CHE,7,0
5,411,Haaland,FWD,MCI,12,12
5,124,Groß,MID,BHA,11,6
5,154,Palmer,MID,CHE,9,9
5,368,Szoboszlai,MID,LIV,8,8
5,1,Raya,GKP,ARS,8,7
5,346,Calvert-Lewin,FWD,LEE,8,8
5,8,Calafiori,DEF,ARS,8,8
5,40,Rogers,MID,CHE,7,7
5,165,João Pedro,FWD,CHE,7,0
5,411,Haaland,FWD,MCI,12,12
5,124,Groß,MID,BHA,11,6
5,154,Palmer,MID,CHE,9,9
5,368,Szoboszlai,MID,LIV,8,8
5,1,Raya,GKP,ARS,8,7
5,346,Calvert-Lewin,FWD,LEE,8,8
5,8,Calafiori,DEF,ARS,8,8
5,40,Rogers,MID,CHE,7,7
5,165,João Pedro,FWD,CHE,7,0
