gw,method,mode,xi_points,xi_points_cap,hit_cost,n_transfers,hits,ft_before,ft_after,chip,bank,formation,squad_sell_value,n_eligible,n_autosubs,n_blank_intended,n_blank_final,sub_points,arm
5,xp_ft,ft,54.0,56.0,0.0,0,0,0,1,,3,1-5-4-1,997.0,195,0,0,0,0.0,single
6,xp_ft,ft,32.0,40.0,0.0,0,0,1,2,,3,1-5-4-1,976.0,210,0,0,0,0.0,single
8,xp_ft,ft,43.0,45.0,4.0,3,1,2,1,,0,1-5-2-3,871.0,149,1,1,0,1.0,single
9,xp_ft,ft,49.0,51.0,0.0,0,0,1,2,,0,1-3-5-2,912.0,210,2,2,0,6.0,single
10,xp_ft,ft,73.0,91.0,0.0,0,0,2,3,,0,1-4-5-1,921.0,205,1,1,0,2.0,single
11,xp_ft,ft,58.0,68.0,0.0,0,0,3,4,,0,1-4-5-1,923.0,214,1,1,0,1.0,single
12,xp_ft,ft,75.0,90.0,0.0,3,0,4,2,,10,1-5-3-2,856.0,202,0,0,0,0.0,single
13,xp_ft,ft,39.0,43.0,0.0,2,0,2,1,,3,1-5-4-1,890.0,222,0,0,0,0.0,single
14,xp_ft,ft,56.0,62.0,0.0,0,0,1,2,,3,1-4-4-2,884.0,223,2,2,0,4.0,single
15,xp_ft,ft,28.0,29.0,0.0,0,0,2,3,,3,1-5-4-1,891.0,234,0,0,0,0.0,single
16,xp_ft,ft,65.0,71.0,0.0,0,0,3,4,,3,1-4-5-1,882.0,225,1,1,0,1.0,single
17,xp_ft,ft,43.0,45.0,0.0,3,0,4,2,,7,1-3-4-3,879.0,218,1,1,0,8.0,single
18,xp_ft,ft,41.0,42.0,4.0,3,1,2,1,,7,1-3-5-2,878.0,225,0,0,0,0.0,single
19,xp_ft,ft,28.0,30.0,0.0,1,0,1,1,,7,1-3-4-3,879.0,229,1,1,0,1.0,single
20,xp_ft,ft,58.0,59.0,8.0,3,2,1,1,,40,1-3-5-2,813.0,222,2,2,0,2.0,single
21,xp_ft,ft,43.0,45.0,4.0,2,1,1,1,,24,1-3-4-3,848.0,214,0,1,1,0.0,single
22,xp_ft,ft,48.0,49.0,0.0,1,0,1,1,,6,1-3-4-3,870.0,217,1,2,1,2.0,single
23,xp_ft,ft,40.0,40.0,8.0,3,2,1,1,,17,1-3-4-3,868.0,214,0,0,0,0.0,single
24,xp_ft,ft,31.0,33.0,0.0,1,0,1,1,,13,1-3-4-3,845.0,213,0,1,1,0.0,single
25,xp_ft,ft,30.0,32.0,0.0,1,0,1,1,,5,1-3-5-2,881.0,187,0,2,2,0.0,single
26,xp_ft,ft,47.0,41.0,8.0,3,2,1,1,,19,1-4-3-3,839.0,231,1,1,0,8.0,single
27,xp_ft,ft,36.0,37.0,0.0,0,0,1,2,,19,1-5-2-3,834.0,237,2,2,0,7.0,single
28,xp_ft,ft,36.0,44.0,0.0,2,0,2,1,,1,1-4-3-3,827.0,161,1,1,0,0.0,single
29,xp_ft,ft,38.0,40.0,0.0,1,0,1,1,,1,1-3-4-3,855.0,241,2,2,0,15.0,single
30,xp_ft,ft,22.0,24.0,0.0,0,0,1,2,,1,1-3-4-3,852.0,225,2,2,0,3.0,single
31,xp_ft,ft,23.0,24.0,0.0,2,0,2,1,,2,1-4-3-3,848.0,216,1,1,0,0.0,single
32,xp_ft,ft,40.0,41.0,0.0,1,0,1,1,,2,1-4-4-2,806.0,181,1,1,0,1.0,single
33,xp_ft,ft,36.0,37.0,0.0,1,0,1,1,,0,1-3-4-3,852.0,225,2,2,0,5.0,single
34,xp_ft,ft,38.0,45.0,0.0,0,0,1,2,,0,1-3-4-3,830.0,237,2,3,1,3.0,single
35,xp_ft,ft,50.0,62.0,0.0,2,0,2,1,,0,1-3-4-3,851.0,238,2,2,0,0.0,single
36,xp_ft,ft,29.0,30.0,0.0,0,0,1,2,,0,1-3-5-2,831.0,223,1,4,3,3.0,single
37,xp_ft,ft,35.0,37.0,0.0,2,0,2,1,,1,1-3-5-2,823.0,229,1,2,1,6.0,single
38,xp_ft,ft,44.0,52.0,0.0,1,0,1,1,,8,1-4-3-3,813.0,213,3,4,1,6.0,single
