universe,predictor,label,n,spearman,mae,bias,mean_fwd_scale
ALL,xp,xP v2+FWD cal,9965,0.3165514752439026,2.106330168114675,-0.006187389042137011,1.0075004908812744
ALL,exp_points,exp points,9965,0.2567105833580224,2.163479491795372,-0.03029179158507676,1.0075004908812744
GKP,xp,xP v2+FWD cal,655,0.17624734497757266,2.1744231499605173,0.1278546694427019,1.0
GKP,exp_points,exp points,655,0.03449679888948641,2.224091614531017,0.11708567649292849,1.0
DEF,xp,xP v2+FWD cal,3415,0.2602906036062263,2.3347789151904443,0.11266461678201896,1.0
DEF,exp_points,exp points,3415,0.171981290698808,2.3996295378036137,0.00974131706077755,1.0
MID,xp,xP v2+FWD cal,4647,0.3725349862785854,1.919267319399514,-0.08642002429631496,1.0
MID,exp_points,exp points,4647,0.3202311962940936,1.9790334771843863,-0.06482682785287727,1.0
FWD,xp,xP v2+FWD cal,1248,0.38521595781065965,2.142009401773784,-0.10301118084574057,1.0598897368845337
FWD,exp_points,exp points,1248,0.3419369249989364,2.172267378323627,-0.08859387017499423,1.0598897368845337
