season,gw,position,n_band,close,flip,leader,chosen,leader_points,chosen_points,point_gap,decisive,crowd_win
2022-23,5,GKP,9,True,True,307,113,6.0,1.0,-5.0,True,False
2022-23,5,DEF,6,True,True,302,306,10.0,12.0,2.0,True,True
2022-23,5,MID,70,True,True,300,293,3.0,2.0,-1.0,True,False
2022-23,5,FWD,18,True,True,279,318,9.0,17.0,8.0,True,True
2022-23,6,GKP,9,True,True,307,398,2.0,1.0,-1.0,True,False
2022-23,6,DEF,16,True,True,308,306,1.0,2.0,1.0,True,True
2022-23,6,MID,76,True,True,303,19,1.0,2.0,1.0,True,True
2022-23,6,FWD,18,True,True,458,318,5.0,9.0,4.0,True,True
2022-23,8,GKP,6,True,False,376,376,2.0,2.0,0.0,False,False
2022-23,8,DEF,10,True,True,306,357,9.0,5.0,-4.0,True,False
2022-23,8,MID,54,True,True,301,19,10.0,3.0,-7.0,True,False
2022-23,8,FWD,13,True,True,458,318,2.0,6.0,4.0,True,True
2022-23,9,GKP,9,True,True,281,376,2.0,2.0,0.0,False,False
2022-23,9,DEF,10,True,True,285,306,0.0,1.0,1.0,True,True
2022-23,9,MID,84,True,True,301,261,8.0,18.0,10.0,True,True
2022-23,9,FWD,19,True,True,279,318,12.0,23.0,11.0,True,True
2022-23,10,GKP,7,True,True,307,376,6.0,2.0,-4.0,True,False
2022-23,10,DEF,4,True,False,306,306,18.0,18.0,0.0,False,False
2022-23,10,MID,80,True,True,305,261,1.0,1.0,0.0,False,False
2022-23,10,FWD,18,True,True,408,318,2.0,6.0,4.0,True,True
2022-23,11,GKP,9,True,False,425,425,6.0,6.0,0.0,False,False
2022-23,11,DEF,9,True,True,443,26,6.0,5.0,-1.0,True,False
2022-23,11,MID,85,True,True,428,19,3.0,3.0,0.0,False,False
2022-23,11,FWD,20,True,True,166,318,2.0,2.0,0.0,False,False
2022-23,12,GKP,5,True,True,113,133,6.0,8.0,2.0,True,True
2022-23,12,DEF,10,True,True,109,357,7.0,9.0,2.0,True,True
2022-23,12,MID,79,True,True,104,283,3.0,3.0,0.0,False,False
2022-23,12,FWD,18,True,True,279,210,2.0,6.0,4.0,True,True
2022-23,13,GKP,8,True,True,307,281,5.0,4.0,-1.0,True,False
2022-23,13,DEF,8,True,False,306,306,2.0,2.0,0.0,False,False
2022-23,13,MID,76,True,True,305,19,2.0,2.0,0.0,False,False
2022-23,13,FWD,20,True,True,30,318,12.0,13.0,1.0,True,True
2022-23,14,GKP,8,True,True,15,281,6.0,2.0,-4.0,True,False
2022-23,14,DEF,11,True,True,10,306,6.0,6.0,0.0,False,False
2022-23,14,MID,75,True,True,282,369,2.0,12.0,10.0,True,True
2022-23,14,FWD,20,True,True,411,427,2.0,1.0,-1.0,True,False
2022-23,15,GKP,8,True,True,307,327,2.0,1.0,-1.0,True,False
2022-23,15,DEF,5,True,True,312,306,1.0,-2.0,-3.0,True,False
2022-23,15,MID,84,True,True,305,301,2.0,7.0,5.0,True,True
2022-23,15,FWD,19,True,True,411,318,2.0,5.0,3.0,True,True
2022-23,16,GKP,9,True,True,307,281,2.0,3.0,1.0,True,True
2022-23,16,DEF,8,True,True,309,306,1.0,1.0,0.0,False,False
2022-23,16,MID,83,True,True,13,369,3.0,6.0,3.0,True,True
2022-23,16,FWD,17,True,True,408,318,1.0,1.0,0.0,False,False
2022-23,17,GKP,9,True,False,133,133,9.0,9.0,0.0,False,False
2022-23,17,DEF,2,True,True,302,306,2.0,1.0,-1.0,True,False
2022-23,17,MID,2,True,True,160,7,2.0,11.0,9.0,True,True
2022-23,17,FWD,1,False,False,297,297,2.0,2.0,0.0,False,False
2022-23,18,GKP,9,True,True,307,133,2.0,3.0,1.0,True,True
2022-23,18,DEF,1,False,False,284,284,2.0,2.0,0.0,False,False
2022-23,18,MID,1,False,False,283,283,2.0,2.0,0.0,False,False
2022-23,18,FWD,1,False,False,297,297,5.0,5.0,0.0,False,False
2022-23,19,GKP,2,True,False,133,133,3.0,3.0,0.0,False,False
2022-23,19,DEF,1,False,False,215,215,7.0,7.0,0.0,False,False
2022-23,19,MID,2,True,True,283,346,2.0,5.0,3.0,True,True
2022-23,19,FWD,1,False,False,345,345,2.0,2.0,0.0,False,False
2022-23,20,GKP,1,False,False,307,307,2.0,2.0,0.0,False,False
2022-23,20,DEF,2,True,False,332,332,4.0,4.0,0.0,False,False
2022-23,20,MID,1,False,False,303,303,19.0,19.0,0.0,False,False
2022-23,20,FWD,1,False,False,318,318,8.0,8.0,0.0,False,False
2022-23,21,GKP,7,True,True,307,376,6.0,6.0,0.0,False,False
2022-23,21,DEF,3,True,True,456,366,7.0,6.0,-1.0,True,False
2022-23,21,MID,2,True,False,303,303,6.0,6.0,0.0,False,False
2022-23,21,FWD,1,False,False,596,596,6.0,6.0,0.0,False,False
2022-23,22,GKP,1,False,False,327,327,3.0,3.0,0.0,False,False
2022-23,22,DEF,1,False,False,332,332,6.0,6.0,0.0,False,False
2022-23,22,MID,1,False,False,335,335,20.0,20.0,0.0,False,False
2022-23,22,FWD,1,False,False,619,619,11.0,11.0,0.0,False,False
2022-23,23,GKP,2,True,False,307,307,3.0,3.0,0.0,False,False
2022-23,23,DEF,1,False,False,313,313,3.0,3.0,0.0,False,False
2022-23,23,MID,1,False,False,303,303,14.0,14.0,0.0,False,False
2022-23,23,FWD,1,False,False,318,318,10.0,10.0,0.0,False,False
2022-23,24,GKP,7,True,True,307,81,2.0,3.0,1.0,True,True
2022-23,24,DEF,1,False,False,689,689,2.0,2.0,0.0,False,False
2022-23,24,MID,2,True,True,680,704,6.0,1.0,-5.0,True,False
2022-23,24,FWD,3,True,True,80,318,2.0,2.0,0.0,False,False
2022-23,25,GKP,2,True,True,15,281,13.0,12.0,-1.0,True,False
2022-23,25,DEF,1,False,False,313,313,18.0,18.0,0.0,False,False
2022-23,25,MID,1,False,False,680,680,4.0,4.0,0.0,False,False
2022-23,25,FWD,1,False,False,11,11,5.0,5.0,0.0,False,False
2022-23,26,GKP,7,True,True,15,81,1.0,2.0,1.0,True,True
2022-23,26,DEF,2,True,False,689,689,6.0,6.0,0.0,False,False
2022-23,26,MID,1,False,False,704,704,3.0,3.0,0.0,False,False
2022-23,26,FWD,1,False,False,690,690,2.0,2.0,0.0,False,False
2022-23,27,GKP,1,False,False,81,81,9.0,9.0,0.0,False,False
2022-23,27,DEF,2,True,False,109,109,7.0,7.0,0.0,False,False
2022-23,27,MID,1,False,False,116,116,10.0,10.0,0.0,False,False
2022-23,27,FWD,1,False,False,596,596,3.0,3.0,0.0,False,False
2022-23,28,GKP,6,True,True,15,376,3.0,2.0,-1.0,True,False
2022-23,28,DEF,1,False,False,689,689,1.0,1.0,0.0,False,False
2022-23,28,MID,1,False,False,704,704,1.0,1.0,0.0,False,False
2022-23,28,FWD,1,False,False,690,690,8.0,8.0,0.0,False,False
2022-23,29,GKP,1,False,False,102,102,10.0,10.0,0.0,False,False
2022-23,29,DEF,1,False,False,472,472,15.0,15.0,0.0,False,False
2022-23,29,MID,2,True,True,705,116,3.0,9.0,6.0,True,True
2022-23,29,FWD,1,False,False,690,690,4.0,4.0,0.0,False,False
2022-23,30,GKP,8,True,True,307,31,2.0,9.0,7.0,True,True
2022-23,30,DEF,2,True,True,733,694,2.0,5.0,3.0,True,True
2022-23,30,MID,1,False,False,335,335,6.0,6.0,0.0,False,False
2022-23,30,FWD,1,False,False,690,690,2.0,2.0,0.0,False,False
2022-23,31,GKP,8,True,True,307,376,3.0,2.0,-1.0,True,False
2022-23,31,DEF,1,False,False,733,733,1.0,1.0,0.0,False,False
2022-23,31,MID,1,False,False,283,283,14.0,14.0,0.0,False,False
2022-23,31,FWD,1,False,False,318,318,12.0,12.0,0.0,False,False
2022-23,32,GKP,4,True,True,15,281,2.0,2.0,0.0,False,False
2022-23,32,DEF,3,True,False,285,285,5.0,5.0,0.0,False,False
2022-23,32,MID,2,True,False,283,283,7.0,7.0,0.0,False,False
2022-23,32,FWD,2,True,True,594,80,13.0,9.0,-4.0,True,False
2022-23,33,GKP,6,True,True,102,307,10.0,2.0,-8.0,True,False
2022-23,33,DEF,3,True,False,694,694,7.0,7.0,0.0,False,False
2022-23,33,MID,3,True,False,283,283,2.0,2.0,0.0,False,False
2022-23,33,FWD,1,False,False,690,690,1.0,1.0,0.0,False,False
2022-23,34,GKP,2,True,False,102,102,15.0,15.0,0.0,False,False
2022-23,34,DEF,2,True,False,285,285,11.0,11.0,0.0,False,False
2022-23,34,MID,1,False,False,283,283,18.0,18.0,0.0,False,False
2022-23,34,FWD,1,False,False,318,318,16.0,16.0,0.0,False,False
2022-23,35,GKP,5,True,False,102,102,-2.0,-2.0,0.0,False,False
2022-23,35,DEF,1,False,False,733,733,12.0,12.0,0.0,False,False
2022-23,35,MID,1,False,False,283,283,10.0,10.0,0.0,False,False
2022-23,35,FWD,1,False,False,318,318,2.0,2.0,0.0,False,False
2022-23,36,GKP,1,False,False,376,376,10.0,10.0,0.0,False,False
2022-23,36,DEF,2,True,False,357,357,11.0,11.0,0.0,False,False
2022-23,36,MID,2,True,False,371,371,4.0,4.0,0.0,False,False
2022-23,36,FWD,2,True,True,594,356,7.0,24.0,17.0,True,True
2022-23,37,GKP,1,False,False,327,327,10.0,10.0,0.0,False,False
2022-23,37,DEF,1,False,False,341,341,8.0,8.0,0.0,False,False
2022-23,37,MID,1,False,False,333,333,11.0,11.0,0.0,False,False
2022-23,37,FWD,1,False,False,318,318,6.0,6.0,0.0,False,False
2022-23,38,GKP,7,True,True,15,182,6.0,5.0,-1.0,True,False
2022-23,38,DEF,1,False,False,188,188,8.0,8.0,0.0,False,False
2022-23,38,MID,1,False,False,283,283,5.0,5.0,0.0,False,False
2022-23,38,FWD,1,False,False,40,40,9.0,9.0,0.0,False,False
2023-24,5,GKP,8,True,True,424,275,6.0,6.0,0.0,False,False
2023-24,5,DEF,1,False,False,281,281,8.0,8.0,0.0,False,False
2023-24,5,MID,1,False,False,504,504,1.0,1.0,0.0,False,False
2023-24,5,FWD,1,False,False,355,355,6.0,6.0,0.0,False,False
2023-24,6,GKP,7,True,False,352,352,6.0,6.0,0.0,False,False
2023-24,6,DEF,2,True,False,131,131,6.0,6.0,0.0,False,False
2023-24,6,MID,1,False,False,308,308,10.0,10.0,0.0,False,False
2023-24,6,FWD,1,False,False,355,355,6.0,6.0,0.0,False,False
2023-24,7,GKP,2,True,False,614,614,4.0,4.0,0.0,False,False
2023-24,7,DEF,1,False,False,575,575,8.0,8.0,0.0,False,False
2023-24,7,MID,3,True,False,19,19,9.0,9.0,0.0,False,False
2023-24,7,FWD,1,False,False,355,355,2.0,2.0,0.0,False,False
2023-24,8,GKP,9,True,False,275,275,2.0,2.0,0.0,False,False
2023-24,8,DEF,2,True,True,281,36,2.0,2.0,0.0,False,False
2023-24,8,MID,2,True,False,308,308,15.0,15.0,0.0,False,False
2023-24,8,FWD,2,True,True,211,355,6.0,2.0,-4.0,True,False
2023-24,9,GKP,7,True,True,424,28,7.0,1.0,-6.0,True,False
2023-24,9,DEF,1,False,False,36,36,2.0,2.0,0.0,False,False
2023-24,9,MID,1,False,False,308,308,16.0,16.0,0.0,False,False
2023-24,9,FWD,1,False,False,355,355,8.0,8.0,0.0,False,False
2023-24,10,GKP,8,True,True,113,291,6.0,7.0,1.0,True,True
2023-24,10,DEF,1,False,False,36,36,5.0,5.0,0.0,False,False
2023-24,10,MID,2,True,False,308,308,8.0,8.0,0.0,False,False
2023-24,10,FWD,1,False,False,355,355,16.0,16.0,0.0,False,False
2023-24,11,GKP,5,True,True,352,291,2.0,6.0,4.0,True,True
2023-24,11,DEF,1,False,False,36,36,0.0,0.0,0.0,False,False
2023-24,11,MID,1,False,False,308,308,2.0,2.0,0.0,False,False
2023-24,11,FWD,1,False,False,355,355,1.0,1.0,0.0,False,False
2023-24,12,GKP,8,True,True,113,524,3.0,2.0,-1.0,True,False
2023-24,12,DEF,1,False,False,36,36,2.0,2.0,0.0,False,False
2023-24,12,MID,1,False,False,308,308,16.0,16.0,0.0,False,False
2023-24,12,FWD,1,False,False,355,355,16.0,16.0,0.0,False,False
2023-24,13,GKP,8,True,True,17,524,6.0,3.0,-3.0,True,False
2023-24,13,DEF,4,True,False,36,36,0.0,0.0,0.0,False,False
2023-24,13,MID,2,True,False,19,19,8.0,8.0,0.0,False,False
2023-24,13,FWD,1,False,False,355,355,7.0,7.0,0.0,False,False
2023-24,14,GKP,7,True,True,113,524,2.0,2.0,0.0,False,False
2023-24,14,DEF,4,True,True,290,31,13.0,5.0,-8.0,True,False
2023-24,14,MID,1,False,False,308,308,5.0,5.0,0.0,False,False
2023-24,14,FWD,1,False,False,355,355,7.0,7.0,0.0,False,False
2023-24,15,GKP,5,True,True,113,352,1.0,4.0,3.0,True,True
2023-24,15,DEF,1,False,False,290,290,12.0,12.0,0.0,False,False
2023-24,15,MID,1,False,False,308,308,3.0,3.0,0.0,False,False
2023-24,15,FWD,1,False,False,355,355,2.0,2.0,0.0,False,False
2023-24,16,GKP,6,True,False,352,352,2.0,2.0,0.0,False,False
2023-24,16,DEF,2,True,False,129,129,2.0,2.0,0.0,False,False
2023-24,16,MID,1,False,False,308,308,13.0,13.0,0.0,False,False
2023-24,16,FWD,2,True,False,343,343,5.0,5.0,0.0,False,False
2023-24,17,GKP,5,True,True,352,291,0.0,6.0,6.0,True,True
2023-24,17,DEF,1,False,False,191,191,8.0,8.0,0.0,False,False
2023-24,17,MID,1,False,False,308,308,3.0,3.0,0.0,False,False
2023-24,17,FWD,1,False,False,211,211,6.0,6.0,0.0,False,False
2023-24,18,GKP,5,True,True,49,275,2.0,1.0,-1.0,True,False
2023-24,18,DEF,4,True,False,430,430,2.0,2.0,0.0,False,False
2023-24,18,MID,3,True,False,308,308,7.0,7.0,0.0,False,False
2023-24,18,FWD,1,False,False,60,60,2.0,2.0,0.0,False,False
2023-24,19,GKP,8,True,True,113,291,6.0,6.0,0.0,False,False
2023-24,19,DEF,2,True,False,290,290,8.0,8.0,0.0,False,False
2023-24,19,MID,1,False,False,308,308,3.0,3.0,0.0,False,False
2023-24,19,FWD,2,True,False,85,85,6.0,6.0,0.0,False,False
2023-24,20,GKP,6,True,False,352,352,6.0,6.0,0.0,False,False
2023-24,20,DEF,2,True,False,290,290,0.0,0.0,0.0,False,False
2023-24,20,MID,1,False,False,308,308,16.0,16.0,0.0,False,False
2023-24,20,FWD,3,True,True,343,60,7.0,8.0,1.0,True,True
2023-24,21,GKP,5,True,True,113,352,8.0,1.0,-7.0,True,False
2023-24,21,DEF,2,True,False,131,131,8.0,8.0,0.0,False,False
2023-24,21,MID,1,False,False,19,19,3.0,3.0,0.0,False,False
2023-24,21,FWD,5,True,True,135,343,2.0,2.0,0.0,False,False
2023-24,22,GKP,6,True,True,352,291,1.0,2.0,1.0,True,True
2023-24,22,DEF,2,True,True,342,506,2.0,1.0,-1.0,True,False
2023-24,22,MID,1,False,False,236,236,16.0,16.0,0.0,False,False
2023-24,22,FWD,1,False,False,355,355,1.0,1.0,0.0,False,False
2023-24,23,GKP,7,True,True,352,409,2.0,1.0,-1.0,True,False
2023-24,23,DEF,1,False,False,36,36,1.0,1.0,0.0,False,False
2023-24,23,MID,2,True,True,373,362,6.0,8.0,2.0,True,True
2023-24,23,FWD,1,False,False,355,355,5.0,5.0,0.0,False,False
2023-24,24,GKP,4,True,False,352,352,7.0,7.0,0.0,False,False
2023-24,24,DEF,1,False,False,290,290,4.0,4.0,0.0,False,False
2023-24,24,MID,1,False,False,19,19,15.0,15.0,0.0,False,False
2023-24,24,FWD,1,False,False,355,355,13.0,13.0,0.0,False,False
2023-24,25,GKP,2,True,False,352,352,11.0,11.0,0.0,False,False
2023-24,25,DEF,4,True,True,341,313,11.0,10.0,-1.0,True,False
2023-24,25,MID,1,False,False,353,353,5.0,5.0,0.0,False,False
2023-24,25,FWD,1,False,False,355,355,10.0,10.0,0.0,False,False
2023-24,26,GKP,8,True,True,569,524,7.0,2.0,-5.0,True,False
2023-24,26,DEF,1,False,False,36,36,1.0,1.0,0.0,False,False
2023-24,26,MID,1,False,False,19,19,10.0,10.0,0.0,False,False
2023-24,26,FWD,1,False,False,355,355,5.0,5.0,0.0,False,False
2023-24,27,GKP,7,True,True,113,263,6.0,0.0,-6.0,True,False
2023-24,27,DEF,2,True,True,757,5,8.0,6.0,-2.0,True,False
2023-24,27,MID,1,False,False,19,19,7.0,7.0,0.0,False,False
2023-24,27,FWD,1,False,False,355,355,6.0,6.0,0.0,False,False
2023-24,28,GKP,1,False,False,77,77,4.0,4.0,0.0,False,False
2023-24,28,DEF,2,True,True,84,89,0.0,8.0,8.0,True,True
2023-24,28,MID,1,False,False,86,86,3.0,3.0,0.0,False,False
2023-24,28,FWD,1,False,False,85,85,8.0,8.0,0.0,False,False
2023-24,29,GKP,7,True,True,101,524,2.0,3.0,1.0,True,True
2023-24,29,DEF,1,False,False,506,506,1.0,1.0,0.0,False,False
2023-24,29,MID,1,False,False,108,108,1.0,1.0,0.0,False,False
2023-24,29,FWD,2,True,True,200,60,8.0,2.0,-6.0,True,False
2023-24,30,GKP,10,True,True,687,275,2.0,1.0,-1.0,True,False
2023-24,30,DEF,1,False,False,506,506,2.0,2.0,0.0,False,False
2023-24,30,MID,1,False,False,308,308,7.0,7.0,0.0,False,False
2023-24,30,FWD,1,False,False,211,211,2.0,2.0,0.0,False,False
2023-24,31,GKP,4,True,True,361,113,2.0,6.0,4.0,True,True
2023-24,31,DEF,1,False,False,757,757,0.0,0.0,0.0,False,False
2023-24,31,MID,1,False,False,308,308,1.0,1.0,0.0,False,False
2023-24,31,FWD,1,False,False,293,293,6.0,6.0,0.0,False,False
2023-24,32,GKP,7,True,True,361,263,1.0,8.0,7.0,True,True
2023-24,32,DEF,1,False,False,506,506,11.0,11.0,0.0,False,False
2023-24,32,MID,1,False,False,308,308,8.0,8.0,0.0,False,False
2023-24,32,FWD,1,False,False,355,355,8.0,8.0,0.0,False,False
2023-24,33,GKP,7,True,True,352,113,2.0,1.0,-1.0,True,False
2023-24,33,DEF,1,False,False,757,757,1.0,1.0,0.0,False,False
2023-24,33,MID,1,False,False,308,308,2.0,2.0,0.0,False,False
2023-24,33,FWD,1,False,False,355,355,10.0,10.0,0.0,False,False
2023-24,34,GKP,2,True,True,113,291,16.0,5.0,-11.0,True,False
2023-24,34,DEF,1,False,False,5,5,12.0,12.0,0.0,False,False
2023-24,34,MID,1,False,False,308,308,3.0,3.0,0.0,False,False
2023-24,34,FWD,1,False,False,293,293,2.0,2.0,0.0,False,False
2023-24,35,GKP,2,True,False,687,687,11.0,11.0,0.0,False,False
2023-24,35,DEF,1,False,False,506,506,2.0,2.0,0.0,False,False
2023-24,35,MID,1,False,False,362,362,8.0,8.0,0.0,False,False
2023-24,35,FWD,1,False,False,211,211,8.0,8.0,0.0,False,False
2023-24,36,GKP,5,True,True,352,687,2.0,6.0,4.0,True,True
2023-24,36,DEF,4,True,True,342,616,2.0,6.0,4.0,True,True
2023-24,36,MID,2,True,False,362,362,8.0,8.0,0.0,False,False
2023-24,36,FWD,1,False,False,355,355,21.0,21.0,0.0,False,False
2023-24,37,GKP,1,False,False,352,352,13.0,13.0,0.0,False,False
2023-24,37,DEF,1,False,False,616,616,27.0,27.0,0.0,False,False
2023-24,37,MID,1,False,False,362,362,14.0,14.0,0.0,False,False
2023-24,37,FWD,1,False,False,355,355,15.0,15.0,0.0,False,False
2023-24,38,GKP,5,True,False,113,113,2.0,2.0,0.0,False,False
2023-24,38,DEF,1,False,False,290,290,6.0,6.0,0.0,False,False
2023-24,38,MID,1,False,False,308,308,6.0,6.0,0.0,False,False
2023-24,38,FWD,1,False,False,355,355,2.0,2.0,0.0,False,False
2024-25,5,GKP,7,True,True,347,185,0.0,10.0,10.0,True,True
2024-25,5,DEF,2,True,False,311,311,11.0,11.0,0.0,False,False
2024-25,5,MID,2,True,False,328,328,6.0,6.0,0.0,False,False
2024-25,5,FWD,1,False,False,351,351,9.0,9.0,0.0,False,False
2024-25,6,GKP,3,True,False,15,15,1.0,1.0,0.0,False,False
2024-25,6,DEF,1,False,False,3,3,1.0,1.0,0.0,False,False
2024-25,6,MID,1,False,False,17,17,3.0,3.0,0.0,False,False
2024-25,6,FWD,1,False,False,351,351,2.0,2.0,0.0,False,False
2024-25,7,GKP,7,True,False,15,15,2.0,2.0,0.0,False,False
2024-25,7,DEF,1,False,False,3,3,2.0,2.0,0.0,False,False
2024-25,7,MID,1,False,False,182,182,6.0,6.0,0.0,False,False
2024-25,7,FWD,1,False,False,351,351,2.0,2.0,0.0,False,False
2024-25,8,GKP,9,True,True,347,15,2.0,1.0,-1.0,True,False
2024-25,8,DEF,9,True,True,267,3,1.0,1.0,0.0,False,False
2024-25,8,MID,1,False,False,398,398,2.0,2.0,0.0,False,False
2024-25,8,FWD,1,False,False,351,351,2.0,2.0,0.0,False,False
2024-25,9,GKP,9,True,True,347,47,6.0,2.0,-4.0,True,False
2024-25,9,DEF,3,True,False,355,355,6.0,6.0,0.0,False,False
2024-25,9,MID,1,False,False,182,182,10.0,10.0,0.0,False,False
2024-25,9,FWD,1,False,False,351,351,6.0,6.0,0.0,False,False
2024-25,10,GKP,12,True,True,325,443,3.0,6.0,3.0,True,True
2024-25,10,DEF,1,False,False,311,311,2.0,2.0,0.0,False,False
2024-25,10,MID,1,False,False,328,328,9.0,9.0,0.0,False,False
2024-25,10,FWD,1,False,False,351,351,2.0,2.0,0.0,False,False
2024-25,11,GKP,4,True,False,383,383,9.0,9.0,0.0,False,False
2024-25,11,DEF,6,True,True,311,495,1.0,4.0,3.0,True,True
2024-25,11,MID,1,False,False,328,328,14.0,14.0,0.0,False,False
2024-25,11,FWD,1,False,False,351,351,5.0,5.0,0.0,False,False
2024-25,12,GKP,9,True,False,15,15,6.0,6.0,0.0,False,False
2024-25,12,DEF,2,True,False,3,3,6.0,6.0,0.0,False,False
2024-25,12,MID,1,False,False,328,328,13.0,13.0,0.0,False,False
2024-25,12,FWD,1,False,False,351,351,2.0,2.0,0.0,False,False
2024-25,13,GKP,7,True,True,383,15,6.0,2.0,-4.0,True,False
2024-25,13,DEF,3,True,True,573,3,6.0,9.0,3.0,True,True
2024-25,13,MID,2,True,False,328,328,13.0,13.0,0.0,False,False
2024-25,13,FWD,2,True,True,110,148,8.0,2.0,-6.0,True,False
2024-25,14,GKP,6,True,True,15,521,6.0,2.0,-4.0,True,False
2024-25,14,DEF,1,False,False,350,350,6.0,6.0,0.0,False,False
2024-25,14,MID,1,False,False,182,182,7.0,7.0,0.0,False,False
2024-25,14,FWD,1,False,False,351,351,5.0,5.0,0.0,False,False
2024-25,15,GKP,6,True,True,47,15,6.0,2.0,-4.0,True,False
2024-25,15,DEF,1,False,False,36,36,1.0,1.0,0.0,False,False
2024-25,15,MID,3,True,True,17,182,2.0,18.0,16.0,True,True
2024-25,15,FWD,2,True,False,58,58,1.0,1.0,0.0,False,False
2024-25,16,GKP,7,True,False,15,15,6.0,6.0,0.0,False,False
2024-25,16,DEF,3,True,True,3,18,9.0,6.0,-3.0,True,False
2024-25,16,MID,1,False,False,328,328,5.0,5.0,0.0,False,False
2024-25,16,FWD,2,True,True,351,401,2.0,11.0,9.0,True,True
2024-25,17,GKP,5,True,False,15,15,3.0,3.0,0.0,False,False
2024-25,17,DEF,2,True,False,3,3,4.0,4.0,0.0,False,False
2024-25,17,MID,1,False,False,328,328,21.0,21.0,0.0,False,False
2024-25,17,FWD,2,True,False,401,401,17.0,17.0,0.0,False,False
2024-25,18,GKP,5,True,True,310,15,2.0,6.0,4.0,True,True
2024-25,18,DEF,2,True,True,311,3,2.0,6.0,4.0,True,True
2024-25,18,MID,1,False,False,328,328,9.0,9.0,0.0,False,False
2024-25,18,FWD,1,False,False,351,351,0.0,0.0,0.0,False,False
2024-25,19,GKP,7,True,True,310,15,6.0,2.0,-4.0,True,False
2024-25,19,DEF,2,True,True,350,211,6.0,2.0,-4.0,True,False
2024-25,19,MID,1,False,False,328,328,16.0,16.0,0.0,False,False
2024-25,19,FWD,1,False,False,351,351,8.0,8.0,0.0,False,False
2024-25,20,GKP,8,True,True,310,15,1.0,3.0,2.0,True,True
2024-25,20,DEF,1,False,False,350,350,2.0,2.0,0.0,False,False
2024-25,20,MID,1,False,False,328,328,7.0,7.0,0.0,False,False
2024-25,20,FWD,1,False,False,351,351,13.0,13.0,0.0,False,False
2024-25,21,GKP,8,True,True,383,15,3.0,2.0,-1.0,True,False
2024-25,21,DEF,4,True,True,380,3,1.0,1.0,0.0,False,False
2024-25,21,MID,1,False,False,328,328,2.0,2.0,0.0,False,False
2024-25,21,FWD,2,True,False,401,401,16.0,16.0,0.0,False,False
2024-25,22,GKP,8,True,False,443,443,1.0,1.0,0.0,False,False
2024-25,22,DEF,1,False,False,573,573,1.0,1.0,0.0,False,False
2024-25,22,MID,1,False,False,328,328,3.0,3.0,0.0,False,False
2024-25,22,FWD,1,False,False,351,351,6.0,6.0,0.0,False,False
2024-25,23,GKP,5,True,False,310,310,2.0,2.0,0.0,False,False
2024-25,23,DEF,1,False,False,311,311,5.0,5.0,0.0,False,False
2024-25,23,MID,1,False,False,328,328,8.0,8.0,0.0,False,False
2024-25,23,FWD,1,False,False,401,401,13.0,13.0,0.0,False,False
2024-25,24,GKP,1,False,False,310,310,10.0,10.0,0.0,False,False
2024-25,24,DEF,1,False,False,311,311,7.0,7.0,0.0,False,False
2024-25,24,MID,1,False,False,328,328,29.0,29.0,0.0,False,False
2024-25,24,FWD,1,False,False,321,321,7.0,7.0,0.0,False,False
2024-25,25,GKP,1,False,False,310,310,4.0,4.0,0.0,False,False
2024-25,25,DEF,1,False,False,311,311,13.0,13.0,0.0,False,False
2024-25,25,MID,1,False,False,328,328,20.0,20.0,0.0,False,False
2024-25,25,FWD,1,False,False,58,58,15.0,15.0,0.0,False,False
2024-25,26,GKP,4,True,False,15,15,2.0,2.0,0.0,False,False
2024-25,26,DEF,1,False,False,3,3,2.0,2.0,0.0,False,False
2024-25,26,MID,1,False,False,328,328,14.0,14.0,0.0,False,False
2024-25,26,FWD,1,False,False,401,401,13.0,13.0,0.0,False,False
2024-25,27,GKP,10,True,True,581,91,6.0,3.0,-3.0,True,False
2024-25,27,DEF,3,True,False,311,311,6.0,6.0,0.0,False,False
2024-25,27,MID,2,True,True,182,328,3.0,6.0,3.0,True,True
2024-25,27,FWD,1,False,False,351,351,8.0,8.0,0.0,False,False
2024-25,28,GKP,5,True,True,310,15,3.0,3.0,0.0,False,False
2024-25,28,DEF,1,False,False,311,311,2.0,2.0,0.0,False,False
2024-25,28,MID,1,False,False,328,328,15.0,15.0,0.0,False,False
2024-25,28,FWD,1,False,False,351,351,2.0,2.0,0.0,False,False
2024-25,29,GKP,8,True,True,15,443,6.0,1.0,-5.0,True,False
2024-25,29,DEF,3,True,False,350,350,1.0,1.0,0.0,False,False
2024-25,29,MID,1,False,False,770,770,3.0,3.0,0.0,False,False
2024-25,29,FWD,1,False,False,351,351,7.0,7.0,0.0,False,False
2024-25,30,GKP,9,True,False,15,15,2.0,2.0,0.0,False,False
2024-25,30,DEF,1,False,False,350,350,6.0,6.0,0.0,False,False
2024-25,30,MID,1,False,False,328,328,3.0,3.0,0.0,False,False
2024-25,30,FWD,1,False,False,401,401,8.0,8.0,0.0,False,False
2024-25,31,GKP,10,True,True,413,15,6.0,2.0,-4.0,True,False
2024-25,31,DEF,2,True,False,495,495,1.0,1.0,0.0,False,False
2024-25,31,MID,1,False,False,328,328,2.0,2.0,0.0,False,False
2024-25,31,FWD,1,False,False,401,401,2.0,2.0,0.0,False,False
2024-25,32,GKP,1,False,False,413,413,15.0,15.0,0.0,False,False
2024-25,32,DEF,1,False,False,415,415,16.0,16.0,0.0,False,False
2024-25,32,MID,1,False,False,398,398,2.0,2.0,0.0,False,False
2024-25,32,FWD,1,False,False,401,401,11.0,11.0,0.0,False,False
2024-25,33,GKP,1,False,False,15,15,7.0,7.0,0.0,False,False
2024-25,33,DEF,1,False,False,18,18,7.0,7.0,0.0,False,False
2024-25,33,MID,1,False,False,762,762,3.0,3.0,0.0,False,False
2024-25,33,FWD,1,False,False,755,755,4.0,4.0,0.0,False,False
2024-25,34,GKP,7,True,True,310,248,2.0,2.0,0.0,False,False
2024-25,34,DEF,2,True,True,311,533,5.0,11.0,6.0,True,True
2024-25,34,MID,1,False,False,328,328,8.0,8.0,0.0,False,False
2024-25,34,FWD,1,False,False,401,401,6.0,6.0,0.0,False,False
2024-25,35,GKP,7,True,True,347,235,6.0,2.0,-4.0,True,False
2024-25,35,DEF,1,False,False,350,350,8.0,8.0,0.0,False,False
2024-25,35,MID,1,False,False,99,99,5.0,5.0,0.0,False,False
2024-25,35,FWD,1,False,False,110,110,7.0,7.0,0.0,False,False
2024-25,36,GKP,4,True,True,347,443,6.0,2.0,-4.0,True,False
2024-25,36,DEF,1,False,False,350,350,6.0,6.0,0.0,False,False
2024-25,36,MID,1,False,False,99,99,6.0,6.0,0.0,False,False
2024-25,36,FWD,1,False,False,351,351,2.0,2.0,0.0,False,False
2024-25,37,GKP,5,True,False,235,235,6.0,6.0,0.0,False,False
2024-25,37,DEF,1,False,False,350,350,2.0,2.0,0.0,False,False
2024-25,37,MID,1,False,False,182,182,2.0,2.0,0.0,False,False
2024-25,37,FWD,1,False,False,351,351,2.0,2.0,0.0,False,False
2024-25,38,GKP,10,True,True,152,15,6.0,2.0,-4.0,True,False
2024-25,38,DEF,2,True,True,415,350,1.0,8.0,7.0,True,True
2024-25,38,MID,1,False,False,328,328,10.0,10.0,0.0,False,False
2024-25,38,FWD,1,False,False,401,401,2.0,2.0,0.0,False,False
2025-26,5,GKP,8,True,True,366,1,2.0,2.0,0.0,False,False
2025-26,5,DEF,1,False,False,317,317,4.0,4.0,0.0,False,False
2025-26,5,MID,1,False,False,82,82,5.0,5.0,0.0,False,False
2025-26,5,FWD,1,False,False,430,430,9.0,9.0,0.0,False,False
2025-26,6,GKP,9,True,True,287,1,2.0,2.0,0.0,False,False
2025-26,6,DEF,2,True,True,291,226,1.0,-3.0,-4.0,True,False
2025-26,6,MID,2,True,True,449,82,-1.0,7.0,8.0,True,True
2025-26,6,FWD,1,False,False,430,430,16.0,16.0,0.0,False,False
2025-26,7,GKP,5,True,False,1,1,6.0,6.0,0.0,False,False
2025-26,7,DEF,1,False,False,8,8,11.0,11.0,0.0,False,False
2025-26,7,MID,1,False,False,485,485,3.0,3.0,0.0,False,False
2025-26,7,FWD,1,False,False,430,430,8.0,8.0,0.0,False,False
2025-26,8,GKP,7,True,False,1,1,6.0,6.0,0.0,False,False
2025-26,8,DEF,2,True,False,8,8,6.0,6.0,0.0,False,False
2025-26,8,MID,6,True,True,267,82,2.0,4.0,2.0,True,True
2025-26,8,FWD,1,False,False,430,430,13.0,13.0,0.0,False,False
2025-26,9,GKP,8,True,False,1,1,6.0,6.0,0.0,False,False
2025-26,9,DEF,1,False,False,636,636,4.0,4.0,0.0,False,False
2025-26,9,MID,1,False,False,237,237,2.0,2.0,0.0,False,False
2025-26,9,FWD,1,False,False,430,430,2.0,2.0,0.0,False,False
2025-26,10,GKP,4,True,False,1,1,6.0,6.0,0.0,False,False
2025-26,10,DEF,3,True,False,8,8,6.0,6.0,0.0,False,False
2025-26,10,MID,1,False,False,449,449,5.0,5.0,0.0,False,False
2025-26,10,FWD,1,False,False,430,430,13.0,13.0,0.0,False,False
2025-26,11,GKP,5,True,False,1,1,1.0,1.0,0.0,False,False
2025-26,11,DEF,2,True,True,226,8,6.0,1.0,-5.0,True,False
2025-26,11,MID,1,False,False,237,237,3.0,3.0,0.0,False,False
2025-26,11,FWD,1,False,False,430,430,4.0,4.0,0.0,False,False
2025-26,12,GKP,10,True,False,1,1,2.0,2.0,0.0,False,False
2025-26,12,DEF,1,False,False,72,72,3.0,3.0,0.0,False,False
2025-26,12,MID,2,True,False,449,449,2.0,2.0,0.0,False,False
2025-26,12,FWD,1,False,False,430,430,2.0,2.0,0.0,False,False
2025-26,13,GKP,7,True,True,32,1,7.0,3.0,-4.0,True,False
2025-26,13,DEF,1,False,False,113,113,2.0,2.0,0.0,False,False
2025-26,13,MID,1,False,False,384,384,14.0,14.0,0.0,False,False
2025-26,13,FWD,1,False,False,430,430,2.0,2.0,0.0,False,False
2025-26,14,GKP,8,True,False,1,1,6.0,6.0,0.0,False,False
2025-26,14,DEF,1,False,False,8,8,1.0,1.0,0.0,False,False
2025-26,14,MID,1,False,False,449,449,4.0,4.0,0.0,False,False
2025-26,14,FWD,1,False,False,430,430,14.0,14.0,0.0,False,False
2025-26,15,GKP,7,True,True,674,1,2.0,2.0,0.0,False,False
2025-26,15,DEF,1,False,False,684,684,2.0,2.0,0.0,False,False
2025-26,15,MID,1,False,False,449,449,18.0,18.0,0.0,False,False
2025-26,15,FWD,1,False,False,430,430,2.0,2.0,0.0,False,False
2025-26,16,GKP,3,True,False,1,1,2.0,2.0,0.0,False,False
2025-26,16,DEF,2,True,True,11,8,1.0,2.0,1.0,True,True
2025-26,16,MID,1,False,False,16,16,11.0,11.0,0.0,False,False
2025-26,16,FWD,1,False,False,430,430,13.0,13.0,0.0,False,False
2025-26,17,GKP,8,True,False,1,1,7.0,7.0,0.0,False,False
2025-26,17,DEF,1,False,False,72,72,4.0,4.0,0.0,False,False
2025-26,17,MID,2,True,True,82,414,10.0,3.0,-7.0,True,False
2025-26,17,FWD,1,False,False,430,430,16.0,16.0,0.0,False,False
2025-26,18,GKP,7,True,True,366,1,3.0,2.0,-1.0,True,False
2025-26,18,DEF,3,True,False,373,373,2.0,2.0,0.0,False,False
2025-26,18,MID,2,True,False,16,16,7.0,7.0,0.0,False,False
2025-26,18,FWD,1,False,False,430,430,2.0,2.0,0.0,False,False
2025-26,19,GKP,9,True,False,1,1,2.0,2.0,0.0,False,False
2025-26,19,DEF,1,False,False,8,8,9.0,9.0,0.0,False,False
2025-26,19,MID,2,True,False,16,16,6.0,6.0,0.0,False,False
2025-26,19,FWD,1,False,False,430,430,2.0,2.0,0.0,False,False
2025-26,20,GKP,9,True,True,139,1,7.0,1.0,-6.0,True,False
2025-26,20,DEF,3,True,False,8,8,3.0,3.0,0.0,False,False
2025-26,20,MID,1,False,False,16,16,4.0,4.0,0.0,False,False
2025-26,20,FWD,1,False,False,430,430,2.0,2.0,0.0,False,False
2025-26,21,GKP,11,True,False,1,1,6.0,6.0,0.0,False,False
2025-26,21,DEF,4,True,False,291,291,4.0,4.0,0.0,False,False
2025-26,21,MID,1,False,False,449,449,7.0,7.0,0.0,False,False
2025-26,21,FWD,1,False,False,430,430,6.0,6.0,0.0,False,False
2025-26,22,GKP,7,True,True,366,1,2.0,6.0,4.0,True,True
2025-26,22,DEF,6,True,True,373,5,2.0,8.0,6.0,True,True
2025-26,22,MID,2,True,True,384,237,2.0,6.0,4.0,True,True
2025-26,22,FWD,1,False,False,430,430,2.0,2.0,0.0,False,False
2025-26,23,GKP,8,True,True,736,1,8.0,1.0,-7.0,True,False
2025-26,23,DEF,1,False,False,260,260,6.0,6.0,0.0,False,False
2025-26,23,MID,3,True,False,82,82,8.0,8.0,0.0,False,False
2025-26,23,FWD,1,False,False,430,430,1.0,1.0,0.0,False,False
2025-26,24,GKP,10,True,False,1,1,6.0,6.0,0.0,False,False
2025-26,24,DEF,2,True,True,531,72,9.0,8.0,-1.0,True,False
2025-26,24,MID,1,False,False,449,449,10.0,10.0,0.0,False,False
2025-26,24,FWD,1,False,False,430,430,5.0,5.0,0.0,False,False
2025-26,25,GKP,3,True,False,1,1,7.0,7.0,0.0,False,False
2025-26,25,DEF,1,False,False,8,8,6.0,6.0,0.0,False,False
2025-26,25,MID,1,False,False,449,449,10.0,10.0,0.0,False,False
2025-26,25,FWD,2,True,False,430,430,11.0,11.0,0.0,False,False
2025-26,26,GKP,1,False,False,1,1,3.0,3.0,0.0,False,False
2025-26,26,DEF,1,False,False,8,8,3.0,3.0,0.0,False,False
2025-26,26,MID,1,False,False,16,16,13.0,13.0,0.0,False,False
2025-26,26,FWD,1,False,False,666,666,3.0,3.0,0.0,False,False
2025-26,27,GKP,7,True,True,220,1,2.0,3.0,1.0,True,True
2025-26,27,DEF,6,True,True,226,260,2.0,2.0,0.0,False,False
2025-26,27,MID,2,True,False,235,235,3.0,3.0,0.0,False,False
2025-26,27,FWD,1,False,False,430,430,6.0,6.0,0.0,False,False
2025-26,28,GKP,9,True,True,469,1,1.0,3.0,2.0,True,True
2025-26,28,DEF,1,False,False,72,72,4.0,4.0,0.0,False,False
2025-26,28,MID,1,False,False,449,449,13.0,13.0,0.0,False,False
2025-26,28,FWD,2,True,False,136,136,6.0,6.0,0.0,False,False
2025-26,29,GKP,5,True,True,287,1,6.0,7.0,1.0,True,True
2025-26,29,DEF,2,True,True,291,260,15.0,1.0,-14.0,True,False
2025-26,29,MID,1,False,False,381,381,9.0,9.0,0.0,False,False
2025-26,29,FWD,1,False,False,430,430,2.0,2.0,0.0,False,False
2025-26,30,GKP,9,True,False,1,1,7.0,7.0,0.0,False,False
2025-26,30,DEF,4,True,True,72,5,10.0,9.0,-1.0,True,False
2025-26,30,MID,2,True,False,449,449,10.0,10.0,0.0,False,False
2025-26,30,FWD,1,False,False,430,430,2.0,2.0,0.0,False,False
2025-26,31,GKP,8,True,True,674,314,2.0,3.0,1.0,True,True
2025-26,31,DEF,2,True,False,684,684,0.0,0.0,0.0,False,False
2025-26,31,MID,2,True,False,449,449,13.0,13.0,0.0,False,False
2025-26,31,FWD,1,False,False,337,337,5.0,5.0,0.0,False,False
2025-26,32,GKP,9,True,False,1,1,1.0,1.0,0.0,False,False
2025-26,32,DEF,2,True,True,606,5,21.0,4.0,-17.0,True,False
2025-26,32,MID,1,False,False,449,449,4.0,4.0,0.0,False,False
2025-26,32,FWD,1,False,False,430,430,2.0,2.0,0.0,False,False
2025-26,33,GKP,1,False,False,736,736,8.0,8.0,0.0,False,False
2025-26,33,DEF,1,False,False,260,260,8.0,8.0,0.0,False,False
2025-26,33,MID,1,False,False,82,82,5.0,5.0,0.0,False,False
2025-26,33,FWD,1,False,False,430,430,13.0,13.0,0.0,False,False
2025-26,34,GKP,3,True,False,1,1,10.0,10.0,0.0,False,False
2025-26,34,DEF,2,True,False,5,5,8.0,8.0,0.0,False,False
2025-26,34,MID,1,False,False,449,449,5.0,5.0,0.0,False,False
2025-26,34,FWD,1,False,False,597,597,4.0,4.0,0.0,False,False
2025-26,35,GKP,8,True,True,341,1,2.0,6.0,4.0,True,True
2025-26,35,DEF,1,False,False,72,72,14.0,14.0,0.0,False,False
2025-26,35,MID,2,True,True,235,237,0.0,2.0,2.0,True,True
2025-26,35,FWD,1,False,False,430,430,7.0,7.0,0.0,False,False
2025-26,36,GKP,1,False,False,736,736,14.0,14.0,0.0,False,False
2025-26,36,DEF,1,False,False,260,260,15.0,15.0,0.0,False,False
2025-26,36,MID,1,False,False,82,82,12.0,12.0,0.0,False,False
2025-26,36,FWD,1,False,False,430,430,11.0,11.0,0.0,False,False
2025-26,37,GKP,6,True,False,1,1,6.0,6.0,0.0,False,False
2025-26,37,DEF,1,False,False,5,5,6.0,6.0,0.0,False,False
2025-26,37,MID,1,False,False,449,449,9.0,9.0,0.0,False,False
2025-26,37,FWD,1,False,False,430,430,9.0,9.0,0.0,False,False
2025-26,38,GKP,8,True,True,182,469,2.0,2.0,0.0,False,False
2025-26,38,DEF,2,True,True,606,72,8.0,2.0,-6.0,True,False
2025-26,38,MID,2,True,True,381,82,6.0,6.0,0.0,False,False
2025-26,38,FWD,2,True,False,624,624,12.0,12.0,0.0,False,False
