gw,method,mode,xi_points,xi_points_cap,hit_cost,n_transfers,hits,ft_before,ft_after,bank,formation,squad_sell_value,n_eligible,n_autosubs,n_blank_intended,n_blank_final
4,xp_ft,ft,77.0,90.0,0,0,0,0,1,3,1-5-3-2,997.0,171,0,0,0
5,xp_ft,ft,41.0,46.0,0,1,0,1,1,13,1-5-3-2,988.0,184,0,0,0
6,xp_ft,ft,38.0,50.0,4,2,1,1,1,4,1-5-4-1,960.0,210,0,0,0
7,xp_ft,ft,65.0,65.0,8,3,2,1,1,8,1-5-3-2,994.0,213,0,0,0
8,xp_ft,ft,44.0,53.0,4,2,1,1,1,19,1-5-3-2,986.0,211,0,0,0
9,xp_ft,ft,33.0,27.0,8,3,2,1,1,23,1-4-3-3,989.0,221,0,0,0
10,xp_ft,ft,57.0,70.0,0,1,0,1,1,11,1-4-3-3,1000.0,221,0,0,0
11,xp_ft,ft,41.0,45.0,0,1,0,1,1,1,1-4-4-2,946.0,228,1,1,0
12,xp_ft,ft,55.0,57.0,0,1,0,1,1,3,1-5-3-2,948.0,229,1,1,0
13,xp_ft,ft,55.0,49.0,8,3,2,1,1,6,1-4-4-2,1005.0,222,0,0,0
14,xp_ft,ft,54.0,54.0,4,2,1,1,1,3,1-3-5-2,1008.0,215,0,0,0
15,xp_ft,ft,48.0,50.0,0,1,0,1,1,10,1-3-5-2,1001.0,218,1,1,0
16,xp_ft,ft,46.0,59.0,0,1,0,1,1,1,1-4-4-2,985.0,231,1,1,0
17,xp_ft,ft,70.0,82.0,4,2,1,1,1,17,1-4-3-3,932.0,210,1,1,0
18,xp_ft,ft,35.0,37.0,0,1,0,1,1,5,1-3-4-3,957.0,213,2,2,0
19,xp_ft,ft,43.0,45.0,0,1,0,1,1,7,1-4-4-2,966.0,211,0,0,0
20,xp_ft,ft,56.0,58.0,0,1,0,1,1,11,1-4-3-3,959.0,220,2,2,0
21,xp_ft,ft,52.0,54.0,4,2,1,1,1,4,1-4-4-2,966.0,233,1,1,0
22,xp_ft,ft,46.0,44.0,4,2,1,1,1,4,1-4-5-1,999.0,238,0,0,0
23,xp_ft,ft,47.0,48.0,0,1,0,1,1,0,1-4-4-2,1005.0,241,0,0,0
24,xp_ft,ft,57.0,63.0,4,2,1,1,1,2,1-4-5-1,1002.0,227,0,0,0
25,xp_ft,ft,51.0,61.0,0,1,0,1,1,0,1-4-5-1,1003.0,221,0,0,0
26,xp_ft,ft,37.0,38.0,4,2,1,1,1,4,1-4-5-1,1001.0,221,0,0,0
27,xp_ft,ft,48.0,46.0,4,2,1,1,1,0,1-4-4-2,1003.0,231,0,0,0
28,xp_ft,ft,53.0,62.0,4,2,1,1,1,4,1-4-5-1,903.0,233,1,1,0
29,xp_ft,ft,66.0,64.0,4,2,1,1,1,10,1-5-3-2,974.0,233,1,1,0
30,xp_ft,ft,39.0,49.0,0,1,0,1,1,3,1-4-4-2,992.0,226,0,1,1
31,xp_ft,ft,53.0,62.0,4,2,1,1,1,2,1-3-5-2,895.0,186,3,4,1
32,xp_ft,ft,71.0,75.0,0,1,0,1,1,9,1-4-4-2,966.0,228,3,3,0
33,xp_ft,ft,69.0,89.0,0,1,0,1,1,0,1-4-4-2,968.0,235,2,2,0
34,xp_ft,ft,63.0,68.0,0,0,0,1,2,0,1-4-4-2,876.0,155,3,3,0
35,xp_ft,ft,43.0,46.0,4,3,1,2,1,17,1-4-4-2,937.0,218,2,2,0
36,xp_ft,ft,61.0,72.0,0,1,0,1,1,14,1-4-3-3,949.0,222,3,3,0
37,xp_ft,ft,65.0,74.0,0,1,0,1,1,1,1-4-4-2,968.0,235,2,2,0
38,xp_ft,ft,35.0,35.0,0,0,0,1,2,1,1-4-3-3,868.0,224,3,4,1
4,xp_blend85_ft,ft,77.0,90.0,0,0,0,0,1,3,1-5-3-2,997.0,171,0,0,0
5,xp_blend85_ft,ft,41.0,46.0,0,1,0,1,1,13,1-5-3-2,988.0,184,0,0,0
6,xp_blend85_ft,ft,34.0,46.0,4,2,1,1,1,11,1-5-4-1,953.0,210,0,0,0
7,xp_blend85_ft,ft,63.0,67.0,4,2,1,1,1,2,1-4-4-2,999.0,213,1,1,0
8,xp_blend85_ft,ft,44.0,57.0,0,1,0,1,1,27,1-5-3-2,978.0,211,0,0,0
9,xp_blend85_ft,ft,36.0,30.0,8,3,2,1,1,19,1-5-3-2,989.0,221,0,0,0
10,xp_blend85_ft,ft,56.0,69.0,0,1,0,1,1,18,1-4-3-3,991.0,221,0,0,0
11,xp_blend85_ft,ft,35.0,39.0,0,1,0,1,1,8,1-5-4-1,962.0,228,0,0,0
12,xp_blend85_ft,ft,52.0,54.0,0,1,0,1,1,1,1-5-3-2,942.0,229,1,1,0
13,xp_blend85_ft,ft,37.0,39.0,0,1,0,1,1,23,1-3-4-3,984.0,222,0,0,0
14,xp_blend85_ft,ft,42.0,56.0,0,1,0,1,1,3,1-4-4-2,989.0,215,1,1,0
15,xp_blend85_ft,ft,37.0,39.0,0,1,0,1,1,5,1-4-4-2,987.0,218,1,1,0
16,xp_blend85_ft,ft,36.0,37.0,0,1,0,1,1,1,1-5-3-2,971.0,231,2,2,0
17,xp_blend85_ft,ft,49.0,65.0,0,0,0,1,2,1,1-4-3-3,937.0,210,1,2,1
18,xp_blend85_ft,ft,42.0,44.0,0,2,0,2,1,0,1-4-3-3,949.0,213,1,1,0
19,xp_blend85_ft,ft,46.0,48.0,0,1,0,1,1,3,1-4-3-3,956.0,211,1,1,0
20,xp_blend85_ft,ft,63.0,65.0,0,1,0,1,1,5,1-4-3-3,949.0,220,3,3,0
21,xp_blend85_ft,ft,48.0,54.0,0,1,0,1,1,4,1-5-3-2,951.0,233,0,0,0
22,xp_blend85_ft,ft,48.0,54.0,0,1,0,1,1,2,1-5-3-2,956.0,238,1,1,0
23,xp_blend85_ft,ft,51.0,52.0,0,1,0,1,1,1,1-4-4-2,983.0,241,0,0,0
24,xp_blend85_ft,ft,54.0,59.0,0,1,0,1,1,0,1-4-4-2,960.0,227,0,0,0
25,xp_blend85_ft,ft,43.0,45.0,0,1,0,1,1,7,1-3-5-2,953.0,221,0,0,0
26,xp_blend85_ft,ft,52.0,57.0,0,1,0,1,1,6,1-4-5-1,955.0,221,0,0,0
27,xp_blend85_ft,ft,52.0,54.0,0,1,0,1,1,8,1-4-4-2,952.0,231,0,0,0
28,xp_blend85_ft,ft,44.0,48.0,0,1,0,1,1,9,1-4-5-1,857.0,233,1,1,0
29,xp_blend85_ft,ft,62.0,64.0,0,1,0,1,1,2,1-3-5-2,959.0,233,1,1,0
30,xp_blend85_ft,ft,39.0,37.0,4,2,1,1,1,5,1-4-4-2,972.0,226,0,1,1
31,xp_blend85_ft,ft,29.0,29.0,0,1,0,1,1,4,1-3-5-2,840.0,186,2,5,3
32,xp_blend85_ft,ft,66.0,68.0,0,0,0,1,2,4,1-4-4-2,964.0,228,3,3,0
33,xp_blend85_ft,ft,53.0,73.0,0,2,0,2,1,1,1-4-4-2,980.0,235,0,0,0
34,xp_blend85_ft,ft,27.0,31.0,0,1,0,1,1,3,1-4-4-2,871.0,155,3,3,0
35,xp_blend85_ft,ft,45.0,52.0,0,1,0,1,1,8,1-4-4-2,974.0,218,0,0,0
36,xp_blend85_ft,ft,61.0,72.0,0,1,0,1,1,10,1-4-5-1,971.0,222,1,1,0
37,xp_blend85_ft,ft,73.0,82.0,0,1,0,1,1,6,1-4-4-2,974.0,235,1,1,0
38,xp_blend85_ft,ft,20.0,20.0,0,0,0,1,2,6,1-3-4-3,858.0,224,3,4,1
4,exp_points_ft,ft,72.0,77.0,0,0,0,0,1,15,1-5-3-2,985.0,171,0,0,0
5,exp_points_ft,ft,55.0,64.0,0,0,0,1,2,15,1-5-3-2,986.0,184,0,0,0
6,exp_points_ft,ft,55.0,71.0,0,1,0,2,2,18,1-5-3-2,947.0,210,0,0,0
7,exp_points_ft,ft,57.0,65.0,0,2,0,2,1,26,1-3-5-2,978.0,213,0,0,0
8,exp_points_ft,ft,55.0,68.0,0,1,0,1,1,14,1-5-4-1,978.0,211,0,0,0
9,exp_points_ft,ft,42.0,44.0,0,1,0,1,1,21,1-5-4-1,981.0,221,0,0,0
10,exp_points_ft,ft,68.0,81.0,0,0,0,1,2,21,1-5-4-1,990.0,221,0,0,0
11,exp_points_ft,ft,21.0,25.0,0,2,0,2,1,17,1-5-4-1,994.0,228,0,0,0
12,exp_points_ft,ft,38.0,40.0,0,1,0,1,1,14,1-4-3-3,948.0,229,2,2,0
13,exp_points_ft,ft,11.0,13.0,0,1,0,1,1,12,1-4-4-2,985.0,222,1,1,0
14,exp_points_ft,ft,60.0,74.0,0,1,0,1,1,30,1-4-3-3,941.0,215,1,1,0
15,exp_points_ft,ft,35.0,37.0,0,1,0,1,1,9,1-3-4-3,952.0,218,2,2,0
16,exp_points_ft,ft,52.0,65.0,0,1,0,1,1,16,1-3-5-2,961.0,231,2,2,0
17,exp_points_ft,ft,65.0,81.0,0,1,0,1,1,11,1-3-4-3,948.0,210,2,2,0
18,exp_points_ft,ft,43.0,45.0,0,1,0,1,1,3,1-4-4-2,969.0,213,1,1,0
19,exp_points_ft,ft,52.0,54.0,0,1,0,1,1,2,1-5-3-2,949.0,211,1,1,0
20,exp_points_ft,ft,49.0,51.0,0,1,0,1,1,4,1-5-4-1,970.0,220,0,0,0
21,exp_points_ft,ft,63.0,69.0,0,1,0,1,1,7,1-4-4-2,967.0,233,0,0,0
22,exp_points_ft,ft,46.0,48.0,0,0,0,1,2,7,1-3-4-3,968.0,238,1,1,0
23,exp_points_ft,ft,32.0,33.0,0,2,0,2,1,12,1-5-3-2,959.0,241,1,1,0
24,exp_points_ft,ft,45.0,50.0,0,0,0,1,2,12,1-5-3-2,962.0,227,1,1,0
25,exp_points_ft,ft,54.0,60.0,0,0,0,2,3,12,1-5-3-2,987.0,221,0,0,0
26,exp_points_ft,ft,47.0,52.0,0,0,0,3,4,12,1-4-4-2,985.0,221,0,0,0
27,exp_points_ft,ft,40.0,46.0,0,2,0,4,3,9,1-4-3-3,968.0,231,1,1,0
28,exp_points_ft,ft,53.0,62.0,0,0,0,3,4,9,1-4-4-2,877.0,233,2,2,0
29,exp_points_ft,ft,58.0,60.0,0,0,0,4,5,9,1-4-3-3,971.0,233,1,2,1
30,exp_points_ft,ft,45.0,47.0,0,3,0,5,3,20,1-3-4-3,953.0,226,2,2,0
31,exp_points_ft,ft,36.0,36.0,0,0,0,3,4,20,1-3-4-3,845.0,186,1,5,4
32,exp_points_ft,ft,66.0,70.0,0,1,0,4,4,2,1-3-4-3,978.0,228,1,1,0
33,exp_points_ft,ft,40.0,40.0,0,0,0,4,5,2,1-3-5-2,968.0,235,1,1,0
34,exp_points_ft,ft,36.0,41.0,0,0,0,5,5,2,1-4-5-1,874.0,155,3,3,0
35,exp_points_ft,ft,51.0,58.0,0,0,0,5,5,2,1-3-4-3,994.0,218,0,0,0
36,exp_points_ft,ft,56.0,67.0,0,0,0,5,5,2,1-3-4-3,995.0,222,0,0,0
37,exp_points_ft,ft,47.0,56.0,0,0,0,5,5,2,1-3-5-2,973.0,235,1,1,0
38,exp_points_ft,ft,37.0,38.0,0,0,0,5,5,2,1-3-4-3,878.0,224,2,3,1
