gw,method,mode,xi_points,xi_points_cap,hit_cost,n_transfers,hits,formation,ft_before,ft_after,bank,squad_sell_value,n_eligible,n_autosubs,n_blank_intended,n_blank_final
5,xp_fast,fast_xi,58.0,63.0,0.0,0,0,1-4-5-1,,,,,,,,
5,risk_fast,fast_xi,58.0,63.0,0.0,0,0,1-4-5-1,,,,,,,,
6,xp_fast,fast_xi,45.0,61.0,0.0,0,0,1-4-4-2,,,,,,,,
6,risk_fast,fast_xi,45.0,61.0,0.0,0,0,1-4-4-2,,,,,,,,
7,xp_fast,fast_xi,61.0,69.0,0.0,0,0,1-4-4-2,,,,,,,,
7,risk_fast,fast_xi,62.0,70.0,0.0,0,0,1-4-4-2,,,,,,,,
8,xp_fast,fast_xi,70.0,83.0,0.0,0,0,1-5-4-1,,,,,,,,
8,risk_fast,fast_xi,59.0,72.0,0.0,0,0,1-5-4-1,,,,,,,,
9,xp_fast,fast_xi,35.0,37.0,0.0,0,0,1-4-4-2,,,,,,,,
9,risk_fast,fast_xi,40.0,42.0,0.0,0,0,1-5-3-2,,,,,,,,
10,xp_fast,fast_xi,60.0,73.0,0.0,0,0,1-3-4-3,,,,,,,,
10,risk_fast,fast_xi,60.0,73.0,0.0,0,0,1-3-5-2,,,,,,,,
11,xp_fast,fast_xi,41.0,45.0,0.0,0,0,1-4-5-1,,,,,,,,
11,risk_fast,fast_xi,42.0,46.0,0.0,0,0,1-4-5-1,,,,,,,,
12,xp_fast,fast_xi,44.0,46.0,0.0,0,0,1-3-5-2,,,,,,,,
12,risk_fast,fast_xi,45.0,47.0,0.0,0,0,1-4-5-1,,,,,,,,
13,xp_fast,fast_xi,71.0,73.0,0.0,0,0,1-4-3-3,,,,,,,,
13,risk_fast,fast_xi,63.0,65.0,0.0,0,0,1-4-3-3,,,,,,,,
14,xp_fast,fast_xi,42.0,46.0,0.0,0,0,1-3-5-2,,,,,,,,
14,risk_fast,fast_xi,46.0,50.0,0.0,0,0,1-4-5-1,,,,,,,,
15,xp_fast,fast_xi,64.0,66.0,0.0,0,0,1-3-5-2,,,,,,,,
15,risk_fast,fast_xi,47.0,49.0,0.0,0,0,1-5-3-2,,,,,,,,
16,xp_fast,fast_xi,55.0,66.0,0.0,0,0,1-4-5-1,,,,,,,,
16,risk_fast,fast_xi,58.0,69.0,0.0,0,0,1-5-4-1,,,,,,,,
17,xp_fast,fast_xi,64.0,80.0,0.0,0,0,1-4-5-1,,,,,,,,
17,risk_fast,fast_xi,66.0,82.0,0.0,0,0,1-5-4-1,,,,,,,,
18,xp_fast,fast_xi,28.0,30.0,0.0,0,0,1-4-5-1,,,,,,,,
18,risk_fast,fast_xi,27.0,29.0,0.0,0,0,1-5-3-2,,,,,,,,
19,xp_fast,fast_xi,58.0,60.0,0.0,0,0,1-4-5-1,,,,,,,,
19,risk_fast,fast_xi,50.0,52.0,0.0,0,0,1-4-5-1,,,,,,,,
20,xp_fast,fast_xi,59.0,61.0,0.0,0,0,1-5-4-1,,,,,,,,
20,risk_fast,fast_xi,50.0,52.0,0.0,0,0,1-5-4-1,,,,,,,,
21,xp_fast,fast_xi,41.0,47.0,0.0,0,0,1-4-5-1,,,,,,,,
21,risk_fast,fast_xi,57.0,63.0,0.0,0,0,1-5-4-1,,,,,,,,
22,xp_fast,fast_xi,44.0,46.0,0.0,0,0,1-3-5-2,,,,,,,,
22,risk_fast,fast_xi,47.0,49.0,0.0,0,0,1-4-4-2,,,,,,,,
23,xp_fast,fast_xi,54.0,55.0,0.0,0,0,1-5-4-1,,,,,,,,
23,risk_fast,fast_xi,39.0,40.0,0.0,0,0,1-5-4-1,,,,,,,,
24,xp_fast,fast_xi,73.0,83.0,0.0,0,0,1-5-4-1,,,,,,,,
24,risk_fast,fast_xi,72.0,82.0,0.0,0,0,1-4-5-1,,,,,,,,
25,xp_fast,fast_xi,65.0,75.0,0.0,0,0,1-4-5-1,,,,,,,,
25,risk_fast,fast_xi,58.0,68.0,0.0,0,0,1-5-4-1,,,,,,,,
26,xp_fast,fast_xi,37.0,42.0,0.0,0,0,1-4-5-1,,,,,,,,
26,risk_fast,fast_xi,35.0,40.0,0.0,0,0,1-4-5-1,,,,,,,,
27,xp_fast,fast_xi,32.0,35.0,0.0,0,0,1-4-5-1,,,,,,,,
27,risk_fast,fast_xi,36.0,38.0,0.0,0,0,1-4-5-1,,,,,,,,
28,xp_fast,fast_xi,66.0,79.0,0.0,0,0,1-4-4-2,,,,,,,,
28,risk_fast,fast_xi,56.0,58.0,0.0,0,0,1-4-5-1,,,,,,,,
29,xp_fast,fast_xi,75.0,77.0,0.0,0,0,1-4-5-1,,,,,,,,
29,risk_fast,fast_xi,65.0,67.0,0.0,0,0,1-5-4-1,,,,,,,,
30,xp_fast,fast_xi,46.0,56.0,0.0,0,0,1-3-5-2,,,,,,,,
30,risk_fast,fast_xi,43.0,44.0,0.0,0,0,1-4-5-1,,,,,,,,
31,xp_fast,fast_xi,50.0,63.0,0.0,0,0,1-4-5-1,,,,,,,,
31,risk_fast,fast_xi,52.0,56.0,0.0,0,0,1-5-4-1,,,,,,,,
32,xp_fast,fast_xi,72.0,76.0,0.0,0,0,1-4-4-2,,,,,,,,
32,risk_fast,fast_xi,59.0,63.0,0.0,0,0,1-5-4-1,,,,,,,,
33,xp_fast,fast_xi,70.0,77.0,0.0,0,0,1-4-3-3,,,,,,,,
33,risk_fast,fast_xi,69.0,76.0,0.0,0,0,1-5-3-2,,,,,,,,
34,xp_fast,fast_xi,41.0,46.0,0.0,0,0,1-4-5-1,,,,,,,,
34,risk_fast,fast_xi,37.0,38.0,0.0,0,0,1-4-5-1,,,,,,,,
35,xp_fast,fast_xi,58.0,65.0,0.0,0,0,1-3-4-3,,,,,,,,
35,risk_fast,fast_xi,51.0,65.0,0.0,0,0,1-4-4-2,,,,,,,,
36,xp_fast,fast_xi,68.0,79.0,0.0,0,0,1-5-3-2,,,,,,,,
36,risk_fast,fast_xi,82.0,93.0,0.0,0,0,1-5-4-1,,,,,,,,
37,xp_fast,fast_xi,52.0,61.0,0.0,0,0,1-4-3-3,,,,,,,,
37,risk_fast,fast_xi,55.0,64.0,0.0,0,0,1-5-3-2,,,,,,,,
38,xp_fast,fast_xi,54.0,62.0,0.0,0,0,1-4-5-1,,,,,,,,
38,risk_fast,fast_xi,55.0,57.0,0.0,0,0,1-4-5-1,,,,,,,,
5,xp_ft,ft,53.0,58.0,0.0,0,0,1-4-5-1,0.0,1.0,1.0,999.0,184.0,0.0,0.0,0.0
6,xp_ft,ft,47.0,63.0,0.0,1,0,1-5-3-2,1.0,1.0,3.0,997.0,210.0,1.0,1.0,0.0
7,xp_ft,ft,58.0,66.0,0.0,1,0,1-4-4-2,1.0,1.0,0.0,1005.0,213.0,1.0,1.0,0.0
8,xp_ft,ft,48.0,61.0,0.0,1,0,1-4-4-2,1.0,1.0,3.0,985.0,211.0,2.0,2.0,0.0
9,xp_ft,ft,38.0,40.0,0.0,1,0,1-4-4-2,1.0,1.0,15.0,969.0,221.0,1.0,1.0,0.0
10,xp_ft,ft,60.0,73.0,0.0,1,0,1-4-4-2,1.0,1.0,17.0,966.0,221.0,0.0,0.0,0.0
11,xp_ft,ft,36.0,40.0,0.0,1,0,1-5-3-2,1.0,1.0,10.0,973.0,228.0,0.0,0.0,0.0
12,xp_ft,ft,49.0,51.0,0.0,1,0,1-5-3-2,1.0,1.0,3.0,970.0,229.0,0.0,0.0,0.0
13,xp_ft,ft,46.0,48.0,0.0,1,0,1-5-3-2,1.0,1.0,9.0,973.0,222.0,1.0,1.0,0.0
14,xp_ft,ft,36.0,40.0,0.0,1,0,1-4-4-2,1.0,1.0,0.0,973.0,215.0,3.0,3.0,0.0
15,xp_ft,ft,44.0,46.0,0.0,1,0,1-5-3-2,1.0,1.0,7.0,976.0,218.0,0.0,0.0,0.0
16,xp_ft,ft,53.0,66.0,0.0,1,0,1-5-3-2,1.0,1.0,1.0,954.0,231.0,1.0,1.0,0.0
17,xp_ft,ft,49.0,65.0,0.0,1,0,1-4-4-2,1.0,1.0,2.0,941.0,210.0,2.0,2.0,0.0
18,xp_ft,ft,25.0,27.0,0.0,0,0,1-3-5-2,1.0,2.0,2.0,911.0,213.0,2.0,3.0,1.0
19,xp_ft,ft,64.0,66.0,0.0,2,0,1-5-3-2,2.0,1.0,0.0,922.0,211.0,1.0,1.0,0.0
20,xp_ft,ft,52.0,54.0,0.0,1,0,1-4-4-2,1.0,1.0,1.0,911.0,220.0,2.0,3.0,1.0
21,xp_ft,ft,35.0,41.0,0.0,1,0,1-4-4-2,1.0,1.0,7.0,953.0,233.0,1.0,1.0,0.0
22,xp_ft,ft,51.0,53.0,0.0,1,0,1-5-3-2,1.0,1.0,4.0,949.0,238.0,1.0,1.0,0.0
23,xp_ft,ft,34.0,35.0,0.0,1,0,1-4-4-2,1.0,1.0,2.0,948.0,241.0,1.0,1.0,0.0
24,xp_ft,ft,58.0,68.0,0.0,1,0,1-5-4-1,1.0,1.0,6.0,919.0,227.0,1.0,1.0,0.0
25,xp_ft,ft,37.0,47.0,0.0,1,0,1-5-4-1,1.0,1.0,6.0,897.0,221.0,1.0,2.0,1.0
26,xp_ft,ft,54.0,59.0,0.0,1,0,1-5-4-1,1.0,1.0,1.0,926.0,221.0,1.0,1.0,0.0
27,xp_ft,ft,28.0,34.0,0.0,1,0,1-4-5-1,1.0,1.0,9.0,917.0,231.0,1.0,2.0,1.0
28,xp_ft,ft,59.0,72.0,0.0,1,0,1-5-4-1,1.0,1.0,0.0,831.0,233.0,1.0,2.0,1.0
29,xp_ft,ft,57.0,51.0,8.0,3,2,1-5-4-1,1.0,1.0,5.0,919.0,233.0,1.0,1.0,0.0
30,xp_ft,ft,54.0,64.0,0.0,1,0,1-4-4-2,1.0,1.0,8.0,935.0,226.0,2.0,2.0,0.0
31,xp_ft,ft,46.0,59.0,0.0,1,0,1-4-4-2,1.0,1.0,18.0,842.0,186.0,2.0,3.0,1.0
32,xp_ft,ft,68.0,68.0,4.0,2,1,1-4-3-3,1.0,1.0,0.0,954.0,228.0,2.0,2.0,0.0
33,xp_ft,ft,46.0,48.0,0.0,1,0,1-5-3-2,1.0,1.0,9.0,964.0,235.0,2.0,2.0,0.0
34,xp_ft,ft,42.0,47.0,0.0,0,0,1-3-4-3,1.0,2.0,9.0,869.0,155.0,2.0,3.0,1.0
35,xp_ft,ft,50.0,57.0,0.0,2,0,1-4-4-2,2.0,1.0,11.0,964.0,218.0,2.0,2.0,0.0
36,xp_ft,ft,69.0,80.0,0.0,1,0,1-5-4-1,1.0,1.0,8.0,965.0,222.0,2.0,2.0,0.0
37,xp_ft,ft,66.0,75.0,0.0,1,0,1-4-4-2,1.0,1.0,4.0,964.0,235.0,1.0,1.0,0.0
38,xp_ft,ft,38.0,46.0,0.0,0,0,1-4-3-3,1.0,2.0,4.0,848.0,224.0,3.0,4.0,1.0
5,risk_value_ft,ft,53.0,58.0,0.0,0,0,1-4-5-1,0.0,1.0,1.0,999.0,184.0,0.0,0.0,0.0
6,risk_value_ft,ft,47.0,63.0,0.0,1,0,1-5-3-2,1.0,1.0,3.0,997.0,210.0,1.0,1.0,0.0
7,risk_value_ft,ft,58.0,66.0,0.0,1,0,1-4-4-2,1.0,1.0,0.0,1005.0,213.0,1.0,1.0,0.0
8,risk_value_ft,ft,48.0,61.0,0.0,1,0,1-4-4-2,1.0,1.0,3.0,985.0,211.0,2.0,2.0,0.0
9,risk_value_ft,ft,38.0,40.0,0.0,1,0,1-4-4-2,1.0,1.0,15.0,969.0,221.0,1.0,1.0,0.0
10,risk_value_ft,ft,60.0,73.0,0.0,1,0,1-4-4-2,1.0,1.0,17.0,966.0,221.0,0.0,0.0,0.0
11,risk_value_ft,ft,33.0,37.0,0.0,1,0,1-4-4-2,1.0,1.0,28.0,955.0,228.0,0.0,0.0,0.0
12,risk_value_ft,ft,47.0,49.0,0.0,1,0,1-4-4-2,1.0,1.0,8.0,969.0,229.0,1.0,1.0,0.0
13,risk_value_ft,ft,49.0,51.0,0.0,1,0,1-4-4-2,1.0,1.0,10.0,976.0,222.0,1.0,1.0,0.0
14,risk_value_ft,ft,41.0,45.0,0.0,1,0,1-4-4-2,1.0,1.0,1.0,976.0,215.0,2.0,2.0,0.0
15,risk_value_ft,ft,50.0,52.0,0.0,0,0,1-4-4-2,1.0,2.0,1.0,987.0,218.0,0.0,0.0,0.0
16,risk_value_ft,ft,52.0,65.0,0.0,2,0,1-5-3-2,2.0,1.0,0.0,955.0,231.0,1.0,1.0,0.0
17,risk_value_ft,ft,65.0,81.0,0.0,1,0,1-5-3-2,1.0,1.0,1.0,929.0,210.0,2.0,2.0,0.0
18,risk_value_ft,ft,24.0,26.0,0.0,0,0,1-4-4-2,1.0,2.0,1.0,902.0,213.0,0.0,2.0,2.0
19,risk_value_ft,ft,42.0,44.0,0.0,2,0,1-5-3-2,2.0,1.0,3.0,911.0,211.0,1.0,1.0,0.0
20,risk_value_ft,ft,34.0,36.0,0.0,1,0,1-4-4-2,1.0,1.0,2.0,910.0,220.0,1.0,2.0,1.0
21,risk_value_ft,ft,48.0,54.0,0.0,1,0,1-4-4-2,1.0,1.0,3.0,947.0,233.0,1.0,1.0,0.0
22,risk_value_ft,ft,50.0,52.0,0.0,1,0,1-5-4-1,1.0,1.0,0.0,952.0,238.0,0.0,0.0,0.0
23,risk_value_ft,ft,35.0,36.0,0.0,1,0,1-5-4-1,1.0,1.0,5.0,956.0,241.0,0.0,0.0,0.0
24,risk_value_ft,ft,65.0,71.0,4.0,2,1,1-4-5-1,1.0,1.0,1.0,960.0,227.0,0.0,0.0,0.0
25,risk_value_ft,ft,53.0,63.0,0.0,1,0,1-4-5-1,1.0,1.0,3.0,958.0,221.0,0.0,0.0,0.0
26,risk_value_ft,ft,47.0,52.0,0.0,1,0,1-4-5-1,1.0,1.0,4.0,959.0,221.0,0.0,0.0,0.0
27,risk_value_ft,ft,46.0,52.0,0.0,0,0,1-5-4-1,1.0,2.0,4.0,959.0,231.0,0.0,0.0,0.0
28,risk_value_ft,ft,49.0,62.0,0.0,2,0,1-4-5-1,2.0,1.0,7.0,860.0,233.0,1.0,1.0,0.0
29,risk_value_ft,ft,66.0,68.0,0.0,1,0,1-5-4-1,1.0,1.0,10.0,933.0,233.0,0.0,0.0,0.0
30,risk_value_ft,ft,57.0,67.0,0.0,1,0,1-4-4-2,1.0,1.0,5.0,949.0,226.0,1.0,1.0,0.0
31,risk_value_ft,ft,56.0,69.0,0.0,1,0,1-4-5-1,1.0,1.0,3.0,869.0,186.0,2.0,2.0,0.0
32,risk_value_ft,ft,69.0,73.0,0.0,1,0,1-4-4-2,1.0,1.0,9.0,972.0,228.0,0.0,0.0,0.0
33,risk_value_ft,ft,64.0,84.0,0.0,1,0,1-4-4-2,1.0,1.0,19.0,965.0,235.0,1.0,1.0,0.0
34,risk_value_ft,ft,63.0,68.0,0.0,1,0,1-4-4-2,1.0,1.0,19.0,862.0,155.0,2.0,2.0,0.0
35,risk_value_ft,ft,50.0,49.0,8.0,3,2,1-4-4-2,1.0,1.0,36.0,953.0,218.0,2.0,2.0,0.0
36,risk_value_ft,ft,72.0,83.0,0.0,1,0,1-4-5-1,1.0,1.0,34.0,954.0,222.0,2.0,2.0,0.0
37,risk_value_ft,ft,63.0,72.0,0.0,1,0,1-4-4-2,1.0,1.0,7.0,979.0,235.0,1.0,1.0,0.0
38,risk_value_ft,ft,34.0,36.0,0.0,0,0,1-4-5-1,1.0,2.0,7.0,885.0,224.0,2.0,2.0,0.0
5,swap_2_5_ft,ft,53.0,58.0,0.0,0,0,1-4-5-1,0.0,1.0,1.0,999.0,184.0,0.0,0.0,0.0
6,swap_2_5_ft,ft,48.0,64.0,0.0,0,0,1-5-3-2,1.0,2.0,1.0,999.0,210.0,1.0,1.0,0.0
7,swap_2_5_ft,ft,57.0,65.0,0.0,2,0,1-5-4-1,2.0,1.0,1.0,1004.0,213.0,1.0,1.0,0.0
8,swap_2_5_ft,ft,47.0,60.0,0.0,0,0,1-5-3-2,1.0,2.0,1.0,988.0,211.0,2.0,2.0,0.0
9,swap_2_5_ft,ft,37.0,39.0,0.0,2,0,1-5-3-2,2.0,1.0,9.0,975.0,221.0,1.0,1.0,0.0
10,swap_2_5_ft,ft,63.0,76.0,0.0,1,0,1-5-3-2,1.0,1.0,12.0,973.0,221.0,0.0,0.0,0.0
11,swap_2_5_ft,ft,32.0,36.0,0.0,0,0,1-4-4-2,1.0,2.0,12.0,973.0,228.0,0.0,0.0,0.0
12,swap_2_5_ft,ft,49.0,51.0,0.0,2,0,1-5-3-2,2.0,1.0,2.0,957.0,229.0,1.0,1.0,0.0
13,swap_2_5_ft,ft,33.0,35.0,0.0,1,0,1-5-3-2,1.0,1.0,8.0,968.0,222.0,1.0,1.0,0.0
14,swap_2_5_ft,ft,38.0,42.0,0.0,0,0,1-3-5-2,1.0,2.0,8.0,978.0,215.0,2.0,2.0,0.0
15,swap_2_5_ft,ft,45.0,47.0,0.0,2,0,1-5-3-2,2.0,1.0,9.0,966.0,218.0,0.0,0.0,0.0
16,swap_2_5_ft,ft,48.0,61.0,0.0,1,0,1-5-4-1,1.0,1.0,5.0,974.0,231.0,0.0,0.0,0.0
17,swap_2_5_ft,ft,68.0,84.0,0.0,1,0,1-4-4-2,1.0,1.0,1.0,963.0,210.0,1.0,1.0,0.0
18,swap_2_5_ft,ft,24.0,26.0,0.0,1,0,1-3-5-2,1.0,1.0,4.0,908.0,213.0,2.0,3.0,1.0
19,swap_2_5_ft,ft,36.0,38.0,0.0,0,0,1-5-3-2,1.0,2.0,4.0,919.0,211.0,1.0,1.0,0.0
20,swap_2_5_ft,ft,71.0,73.0,0.0,2,0,1-4-4-2,2.0,1.0,10.0,911.0,220.0,2.0,2.0,0.0
21,swap_2_5_ft,ft,35.0,41.0,0.0,0,0,1-4-5-1,1.0,2.0,10.0,950.0,233.0,1.0,1.0,0.0
22,swap_2_5_ft,ft,58.0,60.0,0.0,2,0,1-5-4-1,2.0,1.0,1.0,951.0,238.0,0.0,0.0,0.0
23,swap_2_5_ft,ft,40.0,41.0,0.0,0,0,1-4-4-2,1.0,2.0,1.0,943.0,241.0,1.0,2.0,1.0
24,swap_2_5_ft,ft,61.0,71.0,0.0,2,0,1-5-3-2,2.0,1.0,2.0,956.0,227.0,1.0,1.0,0.0
25,swap_2_5_ft,ft,35.0,45.0,0.0,1,0,1-5-3-2,1.0,1.0,2.0,956.0,221.0,1.0,1.0,0.0
26,swap_2_5_ft,ft,38.0,43.0,0.0,1,0,1-4-4-2,1.0,1.0,4.0,955.0,221.0,2.0,2.0,0.0
27,swap_2_5_ft,ft,41.0,47.0,0.0,0,0,1-4-4-2,1.0,2.0,4.0,958.0,231.0,1.0,1.0,0.0
28,swap_2_5_ft,ft,59.0,72.0,0.0,2,0,1-4-5-1,2.0,1.0,0.0,865.0,233.0,2.0,2.0,0.0
29,swap_2_5_ft,ft,58.0,60.0,0.0,1,0,1-4-4-2,1.0,1.0,3.0,957.0,233.0,1.0,1.0,0.0
30,swap_2_5_ft,ft,45.0,55.0,0.0,1,0,1-3-5-2,1.0,1.0,7.0,941.0,226.0,0.0,1.0,1.0
31,swap_2_5_ft,ft,38.0,51.0,0.0,1,0,1-5-3-2,1.0,1.0,10.0,836.0,186.0,1.0,2.0,1.0
32,swap_2_5_ft,ft,55.0,59.0,0.0,1,0,1-5-2-3,1.0,1.0,15.0,946.0,228.0,1.0,1.0,0.0
33,swap_2_5_ft,ft,44.0,46.0,0.0,1,0,1-4-3-3,1.0,1.0,14.0,971.0,235.0,1.0,1.0,0.0
34,swap_2_5_ft,ft,40.0,45.0,0.0,0,0,1-4-3-3,1.0,2.0,14.0,854.0,155.0,3.0,4.0,1.0
35,swap_2_5_ft,ft,54.0,61.0,0.0,2,0,1-4-4-2,2.0,1.0,26.0,960.0,218.0,1.0,1.0,0.0
36,swap_2_5_ft,ft,62.0,73.0,0.0,1,0,1-4-5-1,1.0,1.0,27.0,960.0,222.0,1.0,1.0,0.0
37,swap_2_5_ft,ft,65.0,74.0,0.0,1,0,1-4-4-2,1.0,1.0,0.0,985.0,235.0,0.0,0.0,0.0
38,swap_2_5_ft,ft,48.0,56.0,0.0,0,0,1-5-4-1,1.0,2.0,0.0,869.0,224.0,2.0,2.0,0.0
