season,match_id,date,home,away,ok,n_pens,error
2022-23,18202,2022-08-05,Crystal Palace,Arsenal,True,0,
2022-23,18203,2022-08-06,Fulham,Liverpool,True,1,
2022-23,18204,2022-08-06,Bournemouth,Aston Villa,True,0,
2022-23,18205,2022-08-06,Leeds,Wolverhampton Wanderers,True,0,
2022-23,18206,2022-08-06,Newcastle United,Nottingham Forest,True,0,
2022-23,18207,2022-08-06,Tottenham,Southampton,True,0,
2022-23,18208,2022-08-06,Everton,Chelsea,True,1,
2022-23,18209,2022-08-07,Manchester United,Brighton,True,0,
2022-23,18210,2022-08-07,Leicester,Brentford,True,0,
2022-23,18211,2022-08-07,West Ham,Manchester City,True,1,
2022-23,18212,2022-08-13,Aston Villa,Everton,True,0,
2022-23,18213,2022-08-13,Brighton,Newcastle United,True,0,
2022-23,18214,2022-08-13,Manchester City,Bournemouth,True,0,
2022-23,18215,2022-08-13,Southampton,Leeds,True,0,
2022-23,18216,2022-08-13,Wolverhampton Wanderers,Fulham,True,1,
2022-23,18217,2022-08-13,Arsenal,Leicester,True,0,
2022-23,18218,2022-08-13,Brentford,Manchester United,True,0,
2022-23,18219,2022-08-14,Nottingham Forest,West Ham,True,1,
2022-23,18220,2022-08-14,Chelsea,Tottenham,True,0,
2022-23,18221,2022-08-15,Liverpool,Crystal Palace,True,0,
2022-23,18222,2022-08-20,Tottenham,Wolverhampton Wanderers,True,0,
2022-23,18223,2022-08-20,Crystal Palace,Aston Villa,True,1,
2022-23,18224,2022-08-20,Everton,Nottingham Forest,True,0,
2022-23,18225,2022-08-20,Fulham,Brentford,True,0,
2022-23,18226,2022-08-20,Leicester,Southampton,True,0,
2022-23,18227,2022-08-20,Bournemouth,Arsenal,True,0,
2022-23,18228,2022-08-21,Leeds,Chelsea,True,0,
2022-23,18229,2022-08-21,West Ham,Brighton,True,1,
2022-23,18230,2022-08-21,Newcastle United,Manchester City,True,0,
2022-23,18231,2022-08-22,Manchester United,Liverpool,True,0,
2022-23,18232,2022-08-27,Southampton,Manchester United,True,0,
2022-23,18233,2022-08-27,Brentford,Everton,True,0,
2022-23,18234,2022-08-27,Brighton,Leeds,True,0,
2022-23,18235,2022-08-27,Chelsea,Leicester,True,0,
2022-23,18236,2022-08-27,Liverpool,Bournemouth,True,0,
2022-23,18237,2022-08-27,Manchester City,Crystal Palace,True,0,
2022-23,18238,2022-08-27,Arsenal,Fulham,True,0,
2022-23,18239,2022-08-28,Aston Villa,West Ham,True,0,
2022-23,18240,2022-08-28,Wolverhampton Wanderers,Newcastle United,True,0,
2022-23,18241,2022-08-28,Nottingham Forest,Tottenham,True,1,
2022-23,18242,2022-08-30,Fulham,Brighton,True,1,
2022-23,18243,2022-08-30,Crystal Palace,Brentford,True,0,
2022-23,18244,2022-08-30,Southampton,Chelsea,True,0,
2022-23,18245,2022-08-30,Leeds,Everton,True,0,
2022-23,18246,2022-08-31,Manchester City,Nottingham Forest,True,0,
2022-23,18247,2022-08-31,Arsenal,Aston Villa,True,0,
2022-23,18248,2022-08-31,Bournemouth,Wolverhampton Wanderers,True,0,
2022-23,18249,2022-08-31,West Ham,Tottenham,True,0,
2022-23,18250,2022-08-31,Liverpool,Newcastle United,True,0,
2022-23,18251,2022-09-01,Leicester,Manchester United,True,0,
2022-23,18252,2022-09-03,Everton,Liverpool,True,0,
2022-23,18253,2022-09-03,Newcastle United,Crystal Palace,True,0,
2022-23,18254,2022-09-03,Nottingham Forest,Bournemouth,True,1,
2022-23,18255,2022-09-03,Tottenham,Fulham,True,0,
2022-23,18256,2022-09-03,Wolverhampton Wanderers,Southampton,True,0,
2022-23,18257,2022-09-03,Brentford,Leeds,True,1,
2022-23,18258,2022-09-03,Aston Villa,Manchester City,True,0,
2022-23,18260,2022-09-03,Chelsea,West Ham,True,0,
2022-23,18259,2022-09-04,Brighton,Leicester,True,1,
2022-23,18261,2022-09-04,Manchester United,Arsenal,True,0,
2022-23,18272,2022-09-16,Aston Villa,Southampton,True,0,
2022-23,18273,2022-09-16,Nottingham Forest,Fulham,True,0,
2022-23,18274,2022-09-17,Wolverhampton Wanderers,Manchester City,True,0,
2022-23,18275,2022-09-17,Newcastle United,Bournemouth,True,1,
2022-23,18278,2022-09-17,Tottenham,Leicester,True,1,
2022-23,18277,2022-09-18,Everton,West Ham,True,0,
2022-23,18280,2022-09-18,Brentford,Arsenal,True,0,
2022-23,18282,2022-10-01,Arsenal,Tottenham,True,1,
2022-23,18283,2022-10-01,Bournemouth,Brentford,True,0,
2022-23,18284,2022-10-01,Crystal Palace,Chelsea,True,0,
2022-23,18285,2022-10-01,Fulham,Newcastle United,True,0,
2022-23,18288,2022-10-01,Liverpool,Brighton,True,0,
2022-23,18290,2022-10-01,Southampton,Everton,True,0,
2022-23,18291,2022-10-01,West Ham,Wolverhampton Wanderers,True,0,
2022-23,18286,2022-10-02,Leeds,Aston Villa,True,0,
2022-23,18289,2022-10-02,Manchester City,Manchester United,True,1,
2022-23,18287,2022-10-03,Leicester,Nottingham Forest,True,0,
2022-23,18293,2022-10-08,Bournemouth,Leicester,True,0,
2022-23,18294,2022-10-08,Brighton,Tottenham,True,0,
2022-23,18295,2022-10-08,Chelsea,Wolverhampton Wanderers,True,0,
2022-23,18298,2022-10-08,Manchester City,Southampton,True,0,
2022-23,18299,2022-10-08,Newcastle United,Brentford,True,1,
2022-23,18292,2022-10-09,Arsenal,Liverpool,True,1,
2022-23,18296,2022-10-09,Crystal Palace,Leeds,True,0,
2022-23,18297,2022-10-09,Everton,Manchester United,True,0,
2022-23,18301,2022-10-09,West Ham,Fulham,True,1,
2022-23,18300,2022-10-10,Nottingham Forest,Aston Villa,True,0,
2022-23,18303,2022-10-14,Brentford,Brighton,True,1,
2022-23,18304,2022-10-15,Fulham,Bournemouth,True,1,
2022-23,18306,2022-10-15,Leicester,Crystal Palace,True,0,
2022-23,18310,2022-10-15,Tottenham,Everton,True,1,
2022-23,18311,2022-10-15,Wolverhampton Wanderers,Nottingham Forest,True,2,
2022-23,18302,2022-10-16,Aston Villa,Chelsea,True,0,
2022-23,18305,2022-10-16,Leeds,Arsenal,True,1,
2022-23,18307,2022-10-16,Liverpool,Manchester City,True,0,
2022-23,18308,2022-10-16,Manchester United,Newcastle United,True,0,
2022-23,18309,2022-10-16,Southampton,West Ham,True,0,
2022-23,18315,2022-10-18,Brighton,Nottingham Forest,True,0,
2022-23,18318,2022-10-18,Crystal Palace,Wolverhampton Wanderers,True,0,
2022-23,18313,2022-10-19,Bournemouth,Southampton,True,0,
2022-23,18314,2022-10-19,Brentford,Chelsea,True,0,
2022-23,18319,2022-10-19,Newcastle United,Everton,True,0,
2022-23,18320,2022-10-19,Liverpool,West Ham,True,1,
2022-23,18321,2022-10-19,Manchester United,Tottenham,True,0,
2022-23,18316,2022-10-20,Fulham,Aston Villa,True,1,
2022-23,18317,2022-10-20,Leicester,Leeds,True,0,
2022-23,18323,2022-10-22,Chelsea,Manchester United,True,1,
2022-23,18324,2022-10-22,Everton,Crystal Palace,True,0,
2022-23,18326,2022-10-22,Manchester City,Brighton,True,1,
2022-23,18327,2022-10-22,Nottingham Forest,Liverpool,True,0,
2022-23,18322,2022-10-23,Aston Villa,Brentford,True,1,
2022-23,18325,2022-10-23,Leeds,Fulham,True,0,
2022-23,18328,2022-10-23,Southampton,Arsenal,True,0,
2022-23,18329,2022-10-23,Tottenham,Newcastle United,True,0,
2022-23,18331,2022-10-23,Wolverhampton Wanderers,Leicester,True,0,
2022-23,18330,2022-10-24,West Ham,Bournemouth,True,1,
2022-23,18333,2022-10-29,Bournemouth,Tottenham,True,0,
2022-23,18334,2022-10-29,Brentford,Wolverhampton Wanderers,True,0,
2022-23,18335,2022-10-29,Brighton,Chelsea,True,0,
2022-23,18336,2022-10-29,Crystal Palace,Southampton,True,0,
2022-23,18337,2022-10-29,Fulham,Everton,True,0,
2022-23,18338,2022-10-29,Leicester,Manchester City,True,0,
2022-23,18339,2022-10-29,Liverpool,Leeds,True,0,
2022-23,18341,2022-10-29,Newcastle United,Aston Villa,True,1,
2022-23,18332,2022-10-30,Arsenal,Nottingham Forest,True,0,
2022-23,18340,2022-10-30,Manchester United,West Ham,True,0,
2022-23,18344,2022-11-05,Everton,Leicester,True,0,
2022-23,18345,2022-11-05,Leeds,Bournemouth,True,1,
2022-23,18346,2022-11-05,Manchester City,Fulham,True,2,
2022-23,18347,2022-11-05,Nottingham Forest,Brentford,True,1,
2022-23,18351,2022-11-05,Wolverhampton Wanderers,Brighton,True,1,
2022-23,18342,2022-11-06,Aston Villa,Manchester United,True,0,
2022-23,18343,2022-11-06,Chelsea,Arsenal,True,0,
2022-23,18348,2022-11-06,Southampton,Newcastle United,True,0,
2022-23,18349,2022-11-06,Tottenham,Liverpool,True,0,
2022-23,18350,2022-11-06,West Ham,Crystal Palace,True,0,
2022-23,18352,2022-11-12,Bournemouth,Everton,True,0,
2022-23,18355,2022-11-12,Liverpool,Southampton,True,0,
2022-23,18356,2022-11-12,Manchester City,Brentford,True,0,
2022-23,18357,2022-11-12,Newcastle United,Chelsea,True,0,
2022-23,18358,2022-11-12,Nottingham Forest,Crystal Palace,True,1,
2022-23,18359,2022-11-12,Tottenham,Leeds,True,0,
2022-23,18360,2022-11-12,West Ham,Leicester,True,1,
2022-23,18361,2022-11-12,Wolverhampton Wanderers,Arsenal,True,0,
2022-23,18353,2022-11-13,Brighton,Aston Villa,True,1,
2022-23,18354,2022-11-13,Fulham,Manchester United,True,0,
2022-23,18362,2022-12-26,Arsenal,West Ham,True,1,
2022-23,18363,2022-12-26,Aston Villa,Liverpool,True,0,
2022-23,18364,2022-12-26,Brentford,Tottenham,True,0,
2022-23,18366,2022-12-26,Crystal Palace,Fulham,True,0,
2022-23,18367,2022-12-26,Everton,Wolverhampton Wanderers,True,0,
2022-23,18369,2022-12-26,Leicester,Newcastle United,True,1,
2022-23,18371,2022-12-26,Southampton,Brighton,True,1,
2022-23,18365,2022-12-27,Chelsea,Bournemouth,True,0,
2022-23,18370,2022-12-27,Manchester United,Nottingham Forest,True,0,
2022-23,18368,2022-12-28,Leeds,Manchester City,True,0,
2022-23,18375,2022-12-30,Liverpool,Leicester,True,0,
2022-23,18380,2022-12-30,West Ham,Brentford,True,0,
2022-23,18372,2022-12-31,Bournemouth,Crystal Palace,True,0,
2022-23,18373,2022-12-31,Brighton,Arsenal,True,0,
2022-23,18374,2022-12-31,Fulham,Southampton,True,1,
2022-23,18376,2022-12-31,Manchester City,Everton,True,0,
2022-23,18377,2022-12-31,Newcastle United,Leeds,True,0,
2022-23,18381,2022-12-31,Wolverhampton Wanderers,Manchester United,True,0,
2022-23,18378,2023-01-01,Nottingham Forest,Chelsea,True,0,
2022-23,18379,2023-01-01,Tottenham,Aston Villa,True,0,
2022-23,18384,2023-01-02,Brentford,Liverpool,True,0,
2022-23,18382,2023-01-03,Arsenal,Newcastle United,True,0,
2022-23,18387,2023-01-03,Everton,Brighton,True,1,
2022-23,18389,2023-01-03,Leicester,Fulham,True,0,
2022-23,18390,2023-01-03,Manchester United,Bournemouth,True,0,
2022-23,18383,2023-01-04,Aston Villa,Wolverhampton Wanderers,True,0,
2022-23,18386,2023-01-04,Crystal Palace,Tottenham,True,0,
2022-23,18388,2023-01-04,Leeds,West Ham,True,1,
2022-23,18391,2023-01-04,Southampton,Nottingham Forest,True,0,
2022-23,18385,2023-01-05,Chelsea,Manchester City,True,0,
2022-23,18262,2023-01-12,Fulham,Chelsea,True,0,
2022-23,18392,2023-01-13,Aston Villa,Leeds,True,0,
2022-23,18393,2023-01-14,Brentford,Bournemouth,True,1,
2022-23,18394,2023-01-14,Brighton,Liverpool,True,0,
2022-23,18396,2023-01-14,Everton,Southampton,True,0,
2022-23,18397,2023-01-14,Manchester United,Manchester City,True,0,
2022-23,18399,2023-01-14,Nottingham Forest,Leicester,True,0,
2022-23,18401,2023-01-14,Wolverhampton Wanderers,West Ham,True,0,
2022-23,18395,2023-01-15,Chelsea,Crystal Palace,True,0,
2022-23,18398,2023-01-15,Newcastle United,Fulham,True,1,
2022-23,18400,2023-01-15,Tottenham,Arsenal,True,0,
2022-23,18270,2023-01-18,Crystal Palace,Manchester United,True,0,
2022-23,18267,2023-01-19,Manchester City,Tottenham,True,0,
2022-23,18403,2023-01-21,Bournemouth,Nottingham Forest,True,0,
2022-23,18404,2023-01-21,Crystal Palace,Newcastle United,True,0,
2022-23,18407,2023-01-21,Leicester,Brighton,True,0,
2022-23,18408,2023-01-21,Liverpool,Chelsea,True,0,
2022-23,18410,2023-01-21,Southampton,Aston Villa,True,0,
2022-23,18411,2023-01-21,West Ham,Everton,True,0,
2022-23,18402,2023-01-22,Arsenal,Manchester United,True,0,
2022-23,18406,2023-01-22,Leeds,Brentford,True,0,
2022-23,18409,2023-01-22,Manchester City,Wolverhampton Wanderers,True,1,
2022-23,18405,2023-01-23,Fulham,Tottenham,True,0,
2022-23,18415,2023-02-03,Chelsea,Fulham,True,0,
2022-23,18412,2023-02-04,Aston Villa,Leicester,True,0,
2022-23,18413,2023-02-04,Brentford,Southampton,True,0,
2022-23,18414,2023-02-04,Brighton,Bournemouth,True,0,
2022-23,18416,2023-02-04,Everton,Arsenal,True,0,
2022-23,18417,2023-02-04,Manchester United,Crystal Palace,True,1,
2022-23,18418,2023-02-04,Newcastle United,West Ham,True,0,
2022-23,18421,2023-02-04,Wolverhampton Wanderers,Liverpool,True,0,
2022-23,18419,2023-02-05,Nottingham Forest,Leeds,True,0,
2022-23,18420,2023-02-05,Tottenham,Manchester City,True,0,
2022-23,18279,2023-02-08,Manchester United,Leeds,True,0,
2022-23,18422,2023-02-11,Arsenal,Brentford,True,0,
2022-23,18423,2023-02-11,Bournemouth,Newcastle United,True,0,
2022-23,18424,2023-02-11,Crystal Palace,Brighton,True,0,
2022-23,18425,2023-02-11,Fulham,Nottingham Forest,True,0,
2022-23,18427,2023-02-11,Leicester,Tottenham,True,0,
2022-23,18430,2023-02-11,Southampton,Wolverhampton Wanderers,True,0,
2022-23,18431,2023-02-11,West Ham,Chelsea,True,0,
2022-23,18426,2023-02-12,Leeds,Manchester United,True,0,
2022-23,18429,2023-02-12,Manchester City,Aston Villa,True,1,
2022-23,18428,2023-02-13,Liverpool,Everton,True,0,
2022-23,18312,2023-02-15,Arsenal,Manchester City,True,1,
2022-23,18432,2023-02-18,Aston Villa,Arsenal,True,0,
2022-23,18433,2023-02-18,Brentford,Crystal Palace,True,0,
2022-23,18434,2023-02-18,Brighton,Fulham,True,0,
2022-23,18435,2023-02-18,Chelsea,Southampton,True,0,
2022-23,18436,2023-02-18,Everton,Leeds,True,0,
2022-23,18438,2023-02-18,Newcastle United,Liverpool,True,0,
2022-23,18439,2023-02-18,Nottingham Forest,Manchester City,True,0,
2022-23,18441,2023-02-18,Wolverhampton Wanderers,Bournemouth,True,0,
2022-23,18437,2023-02-19,Manchester United,Leicester,True,0,
2022-23,18440,2023-02-19,Tottenham,West Ham,True,0,
2022-23,18445,2023-02-24,Fulham,Wolverhampton Wanderers,True,0,
2022-23,18442,2023-02-25,Bournemouth,Manchester City,True,0,
2022-23,18443,2023-02-25,Crystal Palace,Liverpool,True,0,
2022-23,18444,2023-02-25,Everton,Aston Villa,True,1,
2022-23,18446,2023-02-25,Leeds,Southampton,True,0,
2022-23,18447,2023-02-25,Leicester,Arsenal,True,0,
2022-23,18451,2023-02-25,West Ham,Nottingham Forest,True,0,
2022-23,18450,2023-02-26,Tottenham,Chelsea,True,0,
2022-23,18264,2023-03-01,Liverpool,Wolverhampton Wanderers,True,0,
2022-23,18269,2023-03-01,Arsenal,Everton,True,0,
2022-23,18452,2023-03-04,Arsenal,Bournemouth,True,0,
2022-23,18453,2023-03-04,Aston Villa,Crystal Palace,True,0,
2022-23,18455,2023-03-04,Brighton,West Ham,True,1,
2022-23,18456,2023-03-04,Chelsea,Leeds,True,0,
2022-23,18458,2023-03-04,Manchester City,Newcastle United,True,0,
2022-23,18460,2023-03-04,Southampton,Leicester,True,1,
2022-23,18461,2023-03-04,Wolverhampton Wanderers,Tottenham,True,0,
2022-23,18457,2023-03-05,Liverpool,Manchester United,True,0,
2022-23,18459,2023-03-05,Nottingham Forest,Everton,True,1,
2022-23,18454,2023-03-06,Brentford,Fulham,True,1,
2022-23,18462,2023-03-11,Bournemouth,Liverpool,True,1,
2022-23,18463,2023-03-11,Crystal Palace,Manchester City,True,1,
2022-23,18464,2023-03-11,Everton,Brentford,True,0,
2022-23,18466,2023-03-11,Leeds,Brighton,True,0,
2022-23,18467,2023-03-11,Leicester,Chelsea,True,0,
2022-23,18470,2023-03-11,Tottenham,Nottingham Forest,True,2,
2022-23,18465,2023-03-12,Fulham,Arsenal,True,0,
2022-23,18468,2023-03-12,Manchester United,Southampton,True,0,
2022-23,18469,2023-03-12,Newcastle United,Wolverhampton Wanderers,True,0,
2022-23,18471,2023-03-12,West Ham,Aston Villa,True,1,
2022-23,18265,2023-03-15,Southampton,Brentford,True,0,
2022-23,18276,2023-03-15,Brighton,Crystal Palace,True,0,
2022-23,18479,2023-03-17,Nottingham Forest,Newcastle United,True,1,
2022-23,18473,2023-03-18,Aston Villa,Bournemouth,True,0,
2022-23,18474,2023-03-18,Brentford,Leicester,True,0,
2022-23,18476,2023-03-18,Chelsea,Everton,True,1,
2022-23,18480,2023-03-18,Southampton,Tottenham,True,1,
2022-23,18481,2023-03-18,Wolverhampton Wanderers,Leeds,True,0,
2022-23,18472,2023-03-19,Arsenal,Crystal Palace,True,0,
2022-23,18482,2023-04-01,Arsenal,Leeds,True,1,
2022-23,18483,2023-04-01,Bournemouth,Fulham,True,0,
2022-23,18484,2023-04-01,Brighton,Brentford,True,1,
2022-23,18485,2023-04-01,Chelsea,Aston Villa,True,0,
2022-23,18486,2023-04-01,Crystal Palace,Leicester,True,0,
2022-23,18488,2023-04-01,Manchester City,Liverpool,True,0,
2022-23,18490,2023-04-01,Nottingham Forest,Wolverhampton Wanderers,True,0,
2022-23,18489,2023-04-02,Newcastle United,Manchester United,True,0,
2022-23,18491,2023-04-02,West Ham,Southampton,True,0,
2022-23,18487,2023-04-03,Everton,Tottenham,True,1,
2022-23,18263,2023-04-04,Leicester,Aston Villa,True,0,
2022-23,18266,2023-04-04,Bournemouth,Brighton,True,0,
2022-23,18271,2023-04-04,Leeds,Nottingham Forest,True,0,
2022-23,18281,2023-04-04,Chelsea,Liverpool,True,0,
2022-23,18268,2023-04-05,West Ham,Newcastle United,True,0,
2022-23,18448,2023-04-05,Manchester United,Brentford,True,0,
2022-23,18492,2023-04-08,Aston Villa,Nottingham Forest,True,0,
2022-23,18493,2023-04-08,Brentford,Newcastle United,True,2,
2022-23,18494,2023-04-08,Fulham,West Ham,True,0,
2022-23,18496,2023-04-08,Leicester,Bournemouth,True,0,
2022-23,18498,2023-04-08,Manchester United,Everton,True,0,
2022-23,18499,2023-04-08,Southampton,Manchester City,True,1,
2022-23,18500,2023-04-08,Tottenham,Brighton,True,0,
2022-23,18501,2023-04-08,Wolverhampton Wanderers,Chelsea,True,0,
2022-23,18495,2023-04-09,Leeds,Crystal Palace,True,0,
2022-23,18497,2023-04-09,Liverpool,Arsenal,True,1,
2022-23,18502,2023-04-15,Aston Villa,Newcastle United,True,0,
2022-23,18503,2023-04-15,Chelsea,Brighton,True,0,
2022-23,18504,2023-04-15,Everton,Fulham,True,0,
2022-23,18506,2023-04-15,Manchester City,Leicester,True,1,
2022-23,18508,2023-04-15,Southampton,Crystal Palace,True,0,
2022-23,18509,2023-04-15,Tottenham,Bournemouth,True,0,
2022-23,18511,2023-04-15,Wolverhampton Wanderers,Brentford,True,0,
2022-23,18507,2023-04-16,Nottingham Forest,Manchester United,True,0,
2022-23,18510,2023-04-16,West Ham,Arsenal,True,2,
2022-23,18505,2023-04-17,Leeds,Liverpool,True,0,
2022-23,18512,2023-04-21,Arsenal,Southampton,True,0,
2022-23,18514,2023-04-22,Brentford,Aston Villa,True,0,
2022-23,18516,2023-04-22,Crystal Palace,Everton,True,0,
2022-23,18517,2023-04-22,Fulham,Leeds,True,0,
2022-23,18518,2023-04-22,Leicester,Wolverhampton Wanderers,True,1,
2022-23,18519,2023-04-22,Liverpool,Nottingham Forest,True,0,
2022-23,18513,2023-04-23,Bournemouth,West Ham,True,0,
2022-23,18521,2023-04-23,Newcastle United,Tottenham,True,0,
2022-23,18523,2023-04-25,Leeds,Leicester,True,0,
2022-23,18527,2023-04-25,Wolverhampton Wanderers,Crystal Palace,True,1,
2022-23,18528,2023-04-25,Aston Villa,Fulham,True,0,
2022-23,18524,2023-04-26,Nottingham Forest,Brighton,True,2,
2022-23,18526,2023-04-26,West Ham,Liverpool,True,0,
2022-23,18529,2023-04-26,Chelsea,Brentford,True,0,
2022-23,18531,2023-04-26,Manchester City,Arsenal,True,0,
2022-23,18522,2023-04-27,Everton,Newcastle United,True,0,
2022-23,18525,2023-04-27,Tottenham,Manchester United,True,0,
2022-23,18530,2023-04-27,Southampton,Bournemouth,True,0,
2022-23,18534,2023-04-29,Brentford,Nottingham Forest,True,0,
2022-23,18535,2023-04-29,Brighton,Wolverhampton Wanderers,True,0,
2022-23,18536,2023-04-29,Crystal Palace,West Ham,True,1,
2022-23,18533,2023-04-30,Bournemouth,Leeds,True,0,
2022-23,18537,2023-04-30,Fulham,Manchester City,True,1,
2022-23,18539,2023-04-30,Liverpool,Tottenham,True,1,
2022-23,18540,2023-04-30,Manchester United,Aston Villa,True,0,
2022-23,18541,2023-04-30,Newcastle United,Southampton,True,0,
2022-23,18538,2023-05-01,Leicester,Everton,True,2,
2022-23,18532,2023-05-02,Arsenal,Chelsea,True,0,
2022-23,18477,2023-05-03,Liverpool,Fulham,True,1,
2022-23,18478,2023-05-03,Manchester City,West Ham,True,0,
2022-23,18475,2023-05-04,Brighton,Manchester United,True,1,
2022-23,18542,2023-05-06,Bournemouth,Chelsea,True,0,
2022-23,18545,2023-05-06,Liverpool,Brentford,True,0,
2022-23,18546,2023-05-06,Manchester City,Leeds,True,1,
2022-23,18549,2023-05-06,Tottenham,Crystal Palace,True,0,
2022-23,18551,2023-05-06,Wolverhampton Wanderers,Aston Villa,True,0,
2022-23,18547,2023-05-07,Newcastle United,Arsenal,True,0,
2022-23,18550,2023-05-07,West Ham,Manchester United,True,0,
2022-23,18543,2023-05-08,Brighton,Everton,True,0,
2022-23,18544,2023-05-08,Fulham,Leicester,True,2,
2022-23,18548,2023-05-08,Nottingham Forest,Southampton,True,2,
2022-23,18553,2023-05-13,Aston Villa,Tottenham,True,1,
2022-23,18555,2023-05-13,Chelsea,Nottingham Forest,True,0,
2022-23,18556,2023-05-13,Crystal Palace,Bournemouth,True,0,
2022-23,18558,2023-05-13,Leeds,Newcastle United,True,3,
2022-23,18560,2023-05-13,Manchester United,Wolverhampton Wanderers,True,0,
2022-23,18561,2023-05-13,Southampton,Fulham,True,0,
2022-23,18552,2023-05-14,Arsenal,Brighton,True,0,
2022-23,18554,2023-05-14,Brentford,West Ham,True,0,
2022-23,18557,2023-05-14,Everton,Manchester City,True,0,
2022-23,18559,2023-05-15,Leicester,Liverpool,True,0,
2022-23,18449,2023-05-18,Newcastle United,Brighton,True,0,
2022-23,18562,2023-05-20,Bournemouth,Manchester United,True,0,
2022-23,18564,2023-05-20,Fulham,Crystal Palace,True,1,
2022-23,18565,2023-05-20,Liverpool,Aston Villa,True,1,
2022-23,18568,2023-05-20,Nottingham Forest,Arsenal,True,0,
2022-23,18569,2023-05-20,Tottenham,Brentford,True,0,
2022-23,18571,2023-05-20,Wolverhampton Wanderers,Everton,True,0,
2022-23,18563,2023-05-21,Brighton,Southampton,True,0,
2022-23,18566,2023-05-21,Manchester City,Chelsea,True,0,
2022-23,18570,2023-05-21,West Ham,Leeds,True,0,
2022-23,18567,2023-05-22,Newcastle United,Leicester,True,0,
2022-23,18515,2023-05-24,Brighton,Manchester City,True,0,
2022-23,18520,2023-05-25,Manchester United,Chelsea,True,1,
2022-23,18572,2023-05-28,Arsenal,Wolverhampton Wanderers,True,0,
2022-23,18573,2023-05-28,Aston Villa,Brighton,True,0,
2022-23,18574,2023-05-28,Brentford,Manchester City,True,0,
2022-23,18575,2023-05-28,Chelsea,Newcastle United,True,0,
2022-23,18576,2023-05-28,Crystal Palace,Nottingham Forest,True,0,
2022-23,18577,2023-05-28,Everton,Bournemouth,True,0,
2022-23,18578,2023-05-28,Leeds,Tottenham,True,0,
2022-23,18579,2023-05-28,Leicester,West Ham,True,0,
2022-23,18580,2023-05-28,Manchester United,Fulham,True,1,
2022-23,18581,2023-05-28,Southampton,Liverpool,True,0,
2023-24,22275,2023-08-11,Burnley,Manchester City,True,0,
2023-24,22276,2023-08-12,Arsenal,Nottingham Forest,True,0,
2023-24,22277,2023-08-12,Bournemouth,West Ham,True,0,
2023-24,22278,2023-08-12,Brighton,Luton,True,2,
2023-24,22279,2023-08-12,Everton,Fulham,True,0,
2023-24,22280,2023-08-12,Sheffield United,Crystal Palace,True,0,
2023-24,22281,2023-08-12,Newcastle United,Aston Villa,True,0,
2023-24,22282,2023-08-13,Brentford,Tottenham,True,1,
2023-24,22283,2023-08-13,Chelsea,Liverpool,True,0,
2023-24,22284,2023-08-14,Manchester United,Wolverhampton Wanderers,True,0,
2023-24,22285,2023-08-18,Nottingham Forest,Sheffield United,True,0,
2023-24,22286,2023-08-19,Wolverhampton Wanderers,Brighton,True,0,
2023-24,22287,2023-08-19,Fulham,Brentford,True,1,
2023-24,22288,2023-08-19,Liverpool,Bournemouth,True,1,
2023-24,22290,2023-08-19,Tottenham,Manchester United,True,0,
2023-24,22291,2023-08-19,Manchester City,Newcastle United,True,0,
2023-24,22292,2023-08-20,Aston Villa,Everton,True,1,
2023-24,22293,2023-08-20,West Ham,Chelsea,True,2,
2023-24,22294,2023-08-21,Crystal Palace,Arsenal,True,1,
2023-24,22295,2023-08-25,Chelsea,Luton,True,0,
2023-24,22296,2023-08-26,Bournemouth,Tottenham,True,0,
2023-24,22297,2023-08-26,Arsenal,Fulham,True,1,
2023-24,22298,2023-08-26,Brentford,Crystal Palace,True,0,
2023-24,22299,2023-08-26,Everton,Wolverhampton Wanderers,True,0,
2023-24,22300,2023-08-26,Manchester United,Nottingham Forest,True,1,
2023-24,22301,2023-08-26,Brighton,West Ham,True,0,
2023-24,22302,2023-08-27,Burnley,Aston Villa,True,0,
2023-24,22303,2023-08-27,Sheffield United,Manchester City,True,1,
2023-24,22304,2023-08-27,Newcastle United,Liverpool,True,0,
2023-24,21925,2023-09-01,Luton,West Ham,True,0,
2023-24,21926,2023-09-02,Sheffield United,Everton,True,0,
2023-24,21927,2023-09-02,Manchester City,Fulham,True,1,
2023-24,21928,2023-09-02,Brentford,Bournemouth,True,0,
2023-24,21929,2023-09-02,Burnley,Tottenham,True,0,
2023-24,21930,2023-09-02,Chelsea,Nottingham Forest,True,0,
2023-24,21931,2023-09-02,Brighton,Newcastle United,True,0,
2023-24,21932,2023-09-03,Crystal Palace,Wolverhampton Wanderers,True,0,
2023-24,21933,2023-09-03,Liverpool,Aston Villa,True,0,
2023-24,21934,2023-09-03,Arsenal,Manchester United,True,0,
2023-24,21935,2023-09-16,Wolverhampton Wanderers,Liverpool,True,0,
2023-24,21936,2023-09-16,Tottenham,Sheffield United,True,0,
2023-24,21937,2023-09-16,West Ham,Manchester City,True,0,
2023-24,21938,2023-09-16,Aston Villa,Crystal Palace,True,1,
2023-24,21939,2023-09-16,Fulham,Luton,True,0,
2023-24,21940,2023-09-16,Manchester United,Brighton,True,0,
2023-24,21943,2023-09-16,Newcastle United,Brentford,True,1,
2023-24,21941,2023-09-17,Everton,Arsenal,True,0,
2023-24,21942,2023-09-17,Bournemouth,Chelsea,True,0,
2023-24,21944,2023-09-18,Nottingham Forest,Burnley,True,0,
2023-24,21945,2023-09-23,Luton,Wolverhampton Wanderers,True,1,
2023-24,21946,2023-09-23,Manchester City,Nottingham Forest,True,0,
2023-24,21948,2023-09-23,Crystal Palace,Fulham,True,0,
2023-24,21949,2023-09-23,Brentford,Everton,True,0,
2023-24,21950,2023-09-23,Burnley,Manchester United,True,0,
2023-24,21947,2023-09-24,Chelsea,Aston Villa,True,0,
2023-24,21951,2023-09-24,Brighton,Bournemouth,True,0,
2023-24,21952,2023-09-24,Arsenal,Tottenham,True,1,
2023-24,21953,2023-09-24,Liverpool,West Ham,True,1,
2023-24,21954,2023-09-24,Sheffield United,Newcastle United,True,0,
2023-24,21955,2023-09-30,Aston Villa,Brighton,True,0,
2023-24,21956,2023-09-30,Everton,Luton,True,0,
2023-24,21957,2023-09-30,Manchester United,Crystal Palace,True,0,
2023-24,21958,2023-09-30,Newcastle United,Burnley,True,1,
2023-24,21959,2023-09-30,Bournemouth,Arsenal,True,2,
2023-24,21960,2023-09-30,West Ham,Sheffield United,True,0,
2023-24,21961,2023-09-30,Wolverhampton Wanderers,Manchester City,True,0,
2023-24,21962,2023-09-30,Tottenham,Liverpool,True,0,
2023-24,21963,2023-10-01,Nottingham Forest,Brentford,True,0,
2023-24,21964,2023-10-02,Fulham,Chelsea,True,0,
2023-24,22289,2023-10-03,Luton,Burnley,True,0,
2023-24,21967,2023-10-07,Burnley,Chelsea,True,1,
2023-24,21968,2023-10-07,Crystal Palace,Nottingham Forest,True,0,
2023-24,21969,2023-10-07,Everton,Bournemouth,True,0,
2023-24,21970,2023-10-07,Fulham,Sheffield United,True,0,
2023-24,21971,2023-10-07,Luton,Tottenham,True,0,
2023-24,21972,2023-10-07,Manchester United,Brentford,True,0,
2023-24,21965,2023-10-08,Arsenal,Manchester City,True,0,
2023-24,21966,2023-10-08,Brighton,Liverpool,True,1,
2023-24,21973,2023-10-08,West Ham,Newcastle United,True,0,
2023-24,21974,2023-10-08,Wolverhampton Wanderers,Aston Villa,True,0,
2023-24,21975,2023-10-21,Bournemouth,Wolverhampton Wanderers,True,0,
2023-24,21977,2023-10-21,Brentford,Burnley,True,0,
2023-24,21978,2023-10-21,Chelsea,Arsenal,True,1,
2023-24,21979,2023-10-21,Liverpool,Everton,True,1,
2023-24,21980,2023-10-21,Manchester City,Brighton,True,0,
2023-24,21981,2023-10-21,Newcastle United,Crystal Palace,True,0,
2023-24,21982,2023-10-21,Nottingham Forest,Luton,True,0,
2023-24,21983,2023-10-21,Sheffield United,Manchester United,True,1,
2023-24,21976,2023-10-22,Aston Villa,West Ham,True,1,
2023-24,21984,2023-10-23,Tottenham,Fulham,True,0,
2023-24,21990,2023-10-27,Crystal Palace,Tottenham,True,0,
2023-24,21985,2023-10-28,Bournemouth,Burnley,True,0,
2023-24,21986,2023-10-28,Arsenal,Sheffield United,True,1,
2023-24,21989,2023-10-28,Chelsea,Brentford,True,0,
2023-24,21994,2023-10-28,Wolverhampton Wanderers,Newcastle United,True,1,
2023-24,21987,2023-10-29,Aston Villa,Luton,True,0,
2023-24,21988,2023-10-29,Brighton,Fulham,True,0,
2023-24,21991,2023-10-29,Liverpool,Nottingham Forest,True,0,
2023-24,21992,2023-10-29,Manchester United,Manchester City,True,1,
2023-24,21993,2023-10-29,West Ham,Everton,True,0,
2023-24,21995,2023-11-04,Brentford,West Ham,True,0,
2023-24,21996,2023-11-04,Burnley,Crystal Palace,True,0,
2023-24,21997,2023-11-04,Everton,Brighton,True,0,
2023-24,21998,2023-11-04,Fulham,Manchester United,True,0,
2023-24,22000,2023-11-04,Manchester City,Bournemouth,True,0,
2023-24,22001,2023-11-04,Newcastle United,Arsenal,True,0,
2023-24,22003,2023-11-04,Sheffield United,Wolverhampton Wanderers,True,1,
2023-24,21999,2023-11-05,Luton,Liverpool,True,0,
2023-24,22002,2023-11-05,Nottingham Forest,Aston Villa,True,0,
2023-24,22004,2023-11-06,Tottenham,Chelsea,True,1,
2023-24,22005,2023-11-11,Bournemouth,Newcastle United,True,0,
2023-24,22006,2023-11-11,Arsenal,Burnley,True,0,
2023-24,22010,2023-11-11,Crystal Palace,Everton,True,1,
2023-24,22012,2023-11-11,Manchester United,Luton,True,0,
2023-24,22014,2023-11-11,Wolverhampton Wanderers,Tottenham,True,0,
2023-24,22007,2023-11-12,Aston Villa,Fulham,True,0,
2023-24,22008,2023-11-12,Brighton,Sheffield United,True,0,
2023-24,22009,2023-11-12,Chelsea,Manchester City,True,2,
2023-24,22011,2023-11-12,Liverpool,Brentford,True,0,
2023-24,22013,2023-11-12,West Ham,Nottingham Forest,True,0,
2023-24,22015,2023-11-25,Brentford,Arsenal,True,0,
2023-24,22016,2023-11-25,Burnley,West Ham,True,1,
2023-24,22019,2023-11-25,Luton,Crystal Palace,True,0,
2023-24,22020,2023-11-25,Manchester City,Liverpool,True,0,
2023-24,22021,2023-11-25,Newcastle United,Chelsea,True,0,
2023-24,22022,2023-11-25,Nottingham Forest,Brighton,True,2,
2023-24,22023,2023-11-25,Sheffield United,Bournemouth,True,0,
2023-24,22017,2023-11-26,Everton,Manchester United,True,1,
2023-24,22024,2023-11-26,Tottenham,Aston Villa,True,0,
2023-24,22018,2023-11-27,Fulham,Wolverhampton Wanderers,True,3,
2023-24,22026,2023-12-02,Arsenal,Wolverhampton Wanderers,True,0,
2023-24,22027,2023-12-02,Brentford,Luton,True,0,
2023-24,22028,2023-12-02,Burnley,Sheffield United,True,0,
2023-24,22032,2023-12-02,Newcastle United,Manchester United,True,0,
2023-24,22033,2023-12-02,Nottingham Forest,Everton,True,0,
2023-24,22025,2023-12-03,Bournemouth,Aston Villa,True,0,
2023-24,22029,2023-12-03,Chelsea,Brighton,True,1,
2023-24,22030,2023-12-03,Liverpool,Fulham,True,0,
2023-24,22031,2023-12-03,Manchester City,Tottenham,True,0,
2023-24,22034,2023-12-03,West Ham,Crystal Palace,True,0,
2023-24,22039,2023-12-05,Luton,Arsenal,True,0,
2023-24,22042,2023-12-05,Wolverhampton Wanderers,Burnley,True,0,
2023-24,22035,2023-12-06,Aston Villa,Manchester City,True,0,
2023-24,22036,2023-12-06,Brighton,Brentford,True,1,
2023-24,22038,2023-12-06,Fulham,Nottingham Forest,True,0,
2023-24,22040,2023-12-06,Sheffield United,Liverpool,True,0,
2023-24,22043,2023-12-06,Crystal Palace,Bournemouth,True,0,
2023-24,22044,2023-12-06,Manchester United,Chelsea,True,1,
2023-24,22037,2023-12-07,Everton,Newcastle United,True,0,
2023-24,22041,2023-12-07,Tottenham,West Ham,True,0,
2023-24,22045,2023-12-09,Aston Villa,Arsenal,True,0,
2023-24,22046,2023-12-09,Brighton,Burnley,True,0,
2023-24,22047,2023-12-09,Crystal Palace,Liverpool,True,1,
2023-24,22051,2023-12-09,Manchester United,Bournemouth,True,0,
2023-24,22052,2023-12-09,Sheffield United,Brentford,True,0,
2023-24,22054,2023-12-09,Wolverhampton Wanderers,Nottingham Forest,True,0,
2023-24,22048,2023-12-10,Everton,Chelsea,True,0,
2023-24,22049,2023-12-10,Fulham,West Ham,True,0,
2023-24,22050,2023-12-10,Luton,Manchester City,True,0,
2023-24,22053,2023-12-10,Tottenham,Newcastle United,True,1,
2023-24,22063,2023-12-15,Nottingham Forest,Tottenham,True,0,
2023-24,22058,2023-12-16,Burnley,Everton,True,0,
2023-24,22059,2023-12-16,Chelsea,Sheffield United,True,0,
2023-24,22061,2023-12-16,Manchester City,Crystal Palace,True,1,
2023-24,22062,2023-12-16,Newcastle United,Fulham,True,0,
2023-24,22056,2023-12-17,Arsenal,Brighton,True,0,
2023-24,22057,2023-12-17,Brentford,Aston Villa,True,0,
2023-24,22060,2023-12-17,Liverpool,Manchester United,True,0,
2023-24,22064,2023-12-17,West Ham,Wolverhampton Wanderers,True,0,
2023-24,22066,2023-12-21,Crystal Palace,Brighton,True,0,
2023-24,22065,2023-12-22,Aston Villa,Sheffield United,True,0,
2023-24,22067,2023-12-23,Fulham,Burnley,True,0,
2023-24,22068,2023-12-23,Liverpool,Arsenal,True,0,
2023-24,22069,2023-12-23,Luton,Newcastle United,True,0,
2023-24,22070,2023-12-23,Nottingham Forest,Bournemouth,True,0,
2023-24,22071,2023-12-23,Tottenham,Everton,True,0,
2023-24,22072,2023-12-23,West Ham,Manchester United,True,0,
2023-24,22073,2023-12-24,Wolverhampton Wanderers,Chelsea,True,0,
2023-24,22075,2023-12-26,Bournemouth,Fulham,True,1,
2023-24,22079,2023-12-26,Burnley,Liverpool,True,0,
2023-24,22082,2023-12-26,Manchester United,Aston Villa,True,0,
2023-24,22083,2023-12-26,Newcastle United,Nottingham Forest,True,1,
2023-24,22084,2023-12-26,Sheffield United,Luton,True,0,
2023-24,22077,2023-12-27,Brentford,Wolverhampton Wanderers,True,0,
2023-24,22080,2023-12-27,Chelsea,Crystal Palace,True,1,
2023-24,22081,2023-12-27,Everton,Manchester City,True,1,
2023-24,22076,2023-12-28,Arsenal,West Ham,True,1,
2023-24,22078,2023-12-28,Brighton,Tottenham,True,2,
2023-24,22085,2023-12-30,Aston Villa,Burnley,True,1,
2023-24,22086,2023-12-30,Crystal Palace,Brentford,True,0,
2023-24,22089,2023-12-30,Luton,Chelsea,True,0,
2023-24,22090,2023-12-30,Manchester City,Sheffield United,True,0,
2023-24,22091,2023-12-30,Nottingham Forest,Manchester United,True,0,
2023-24,22094,2023-12-30,Wolverhampton Wanderers,Everton,True,0,
2023-24,22087,2023-12-31,Fulham,Arsenal,True,0,
2023-24,22092,2023-12-31,Tottenham,Bournemouth,True,0,
2023-24,22088,2024-01-01,Liverpool,Newcastle United,True,2,
2023-24,22093,2024-01-02,West Ham,Brighton,True,0,
2023-24,22096,2024-01-12,Burnley,Luton,True,0,
2023-24,22097,2024-01-13,Chelsea,Fulham,True,1,
2023-24,22100,2024-01-13,Newcastle United,Manchester City,True,0,
2023-24,22098,2024-01-14,Everton,Aston Villa,True,0,
2023-24,22099,2024-01-14,Manchester United,Tottenham,True,0,
2023-24,22103,2024-01-20,Arsenal,Crystal Palace,True,0,
2023-24,22104,2024-01-20,Brentford,Nottingham Forest,True,0,
2023-24,22101,2024-01-21,Sheffield United,West Ham,True,2,
2023-24,22102,2024-01-21,Bournemouth,Liverpool,True,0,
2023-24,22095,2024-01-22,Brighton,Wolverhampton Wanderers,True,0,
2023-24,22105,2024-01-30,Aston Villa,Newcastle United,True,0,
2023-24,22106,2024-01-30,Fulham,Everton,True,0,
2023-24,22107,2024-01-30,Luton,Brighton,True,0,
2023-24,22108,2024-01-30,Nottingham Forest,Arsenal,True,0,
2023-24,22112,2024-01-30,Crystal Palace,Sheffield United,True,0,
2023-24,22109,2024-01-31,Tottenham,Brentford,True,0,
2023-24,22113,2024-01-31,Liverpool,Chelsea,True,1,
2023-24,22114,2024-01-31,Manchester City,Burnley,True,0,
2023-24,22110,2024-02-01,West Ham,Bournemouth,True,1,
2023-24,22111,2024-02-01,Wolverhampton Wanderers,Manchester United,True,1,
2023-24,22118,2024-02-03,Brighton,Crystal Palace,True,0,
2023-24,22119,2024-02-03,Burnley,Fulham,True,0,
2023-24,22121,2024-02-03,Everton,Tottenham,True,0,
2023-24,22123,2024-02-03,Newcastle United,Luton,True,1,
2023-24,22124,2024-02-03,Sheffield United,Aston Villa,True,0,
2023-24,22115,2024-02-04,Bournemouth,Nottingham Forest,True,0,
2023-24,22116,2024-02-04,Arsenal,Liverpool,True,0,
2023-24,22120,2024-02-04,Chelsea,Wolverhampton Wanderers,True,1,
2023-24,22122,2024-02-04,Manchester United,West Ham,True,0,
2023-24,22117,2024-02-05,Brentford,Manchester City,True,0,
2023-24,22127,2024-02-10,Fulham,Bournemouth,True,0,
2023-24,22128,2024-02-10,Liverpool,Burnley,True,0,
2023-24,22129,2024-02-10,Luton,Sheffield United,True,2,
2023-24,22130,2024-02-10,Manchester City,Everton,True,0,
2023-24,22131,2024-02-10,Nottingham Forest,Newcastle United,True,0,
2023-24,22132,2024-02-10,Tottenham,Brighton,True,1,
2023-24,22134,2024-02-10,Wolverhampton Wanderers,Brentford,True,0,
2023-24,22125,2024-02-11,Aston Villa,Manchester United,True,0,
2023-24,22133,2024-02-11,West Ham,Arsenal,True,1,
2023-24,22126,2024-02-12,Crystal Palace,Chelsea,True,0,
2023-24,22135,2024-02-17,Brentford,Liverpool,True,0,
2023-24,22136,2024-02-17,Burnley,Arsenal,True,1,
2023-24,22138,2024-02-17,Fulham,Aston Villa,True,0,
2023-24,22140,2024-02-17,Manchester City,Chelsea,True,0,
2023-24,22141,2024-02-17,Newcastle United,Bournemouth,True,1,
2023-24,22142,2024-02-17,Nottingham Forest,West Ham,True,0,
2023-24,22144,2024-02-17,Tottenham,Wolverhampton Wanderers,True,0,
2023-24,22139,2024-02-18,Luton,Manchester United,True,0,
2023-24,22143,2024-02-18,Sheffield United,Brighton,True,0,
2023-24,22137,2024-02-19,Everton,Crystal Palace,True,0,
2023-24,22074,2024-02-20,Manchester City,Brentford,True,0,
2023-24,22151,2024-02-21,Liverpool,Luton,True,0,
2023-24,22145,2024-02-24,Bournemouth,Manchester City,True,0,
2023-24,22146,2024-02-24,Arsenal,Newcastle United,True,0,
2023-24,22147,2024-02-24,Aston Villa,Nottingham Forest,True,0,
2023-24,22148,2024-02-24,Brighton,Everton,True,0,
2023-24,22150,2024-02-24,Crystal Palace,Burnley,True,1,
2023-24,22152,2024-02-24,Manchester United,Fulham,True,0,
2023-24,22154,2024-02-25,Wolverhampton Wanderers,Sheffield United,True,0,
2023-24,22153,2024-02-26,West Ham,Brentford,True,0,
2023-24,22155,2024-03-02,Brentford,Chelsea,True,0,
2023-24,22157,2024-03-02,Everton,West Ham,True,1,
2023-24,22158,2024-03-02,Fulham,Brighton,True,0,
2023-24,22159,2024-03-02,Luton,Aston Villa,True,0,
2023-24,22161,2024-03-02,Newcastle United,Wolverhampton Wanderers,True,0,
2023-24,22162,2024-03-02,Nottingham Forest,Liverpool,True,0,
2023-24,22164,2024-03-02,Tottenham,Crystal Palace,True,0,
2023-24,22156,2024-03-03,Burnley,Bournemouth,True,0,
2023-24,22160,2024-03-03,Manchester City,Manchester United,True,0,
2023-24,22163,2024-03-04,Sheffield United,Arsenal,True,0,
2023-24,22165,2024-03-09,Bournemouth,Sheffield United,True,1,
2023-24,22166,2024-03-09,Arsenal,Brentford,True,0,
2023-24,22170,2024-03-09,Crystal Palace,Luton,True,0,
2023-24,22172,2024-03-09,Manchester United,Everton,True,2,
2023-24,22174,2024-03-09,Wolverhampton Wanderers,Fulham,True,0,
2023-24,22167,2024-03-10,Aston Villa,Tottenham,True,0,
2023-24,22168,2024-03-10,Brighton,Nottingham Forest,True,0,
2023-24,22171,2024-03-10,Liverpool,Manchester City,True,1,
2023-24,22173,2024-03-10,West Ham,Burnley,True,0,
2023-24,22169,2024-03-11,Chelsea,Newcastle United,True,0,
2023-24,25861,2024-03-13,Bournemouth,Luton,True,0,
2023-24,22177,2024-03-16,Burnley,Brentford,True,1,
2023-24,22180,2024-03-16,Fulham,Tottenham,True,0,
2023-24,22181,2024-03-16,Luton,Nottingham Forest,True,0,
2023-24,22183,2024-03-17,West Ham,Aston Villa,True,0,
2023-24,22185,2024-03-30,Bournemouth,Everton,True,0,
2023-24,22186,2024-03-30,Aston Villa,Wolverhampton Wanderers,True,0,
2023-24,22187,2024-03-30,Brentford,Manchester United,True,0,
2023-24,22188,2024-03-30,Chelsea,Burnley,True,1,
2023-24,22191,2024-03-30,Newcastle United,West Ham,True,2,
2023-24,22192,2024-03-30,Nottingham Forest,Crystal Palace,True,0,
2023-24,22193,2024-03-30,Sheffield United,Fulham,True,0,
2023-24,22194,2024-03-30,Tottenham,Luton,True,0,
2023-24,22189,2024-03-31,Liverpool,Brighton,True,0,
2023-24,22190,2024-03-31,Manchester City,Arsenal,True,0,
2023-24,22195,2024-04-02,Bournemouth,Crystal Palace,True,0,
2023-24,22197,2024-04-02,Burnley,Wolverhampton Wanderers,True,0,
2023-24,22198,2024-04-02,Nottingham Forest,Fulham,True,0,
2023-24,22199,2024-04-02,West Ham,Tottenham,True,0,
2023-24,22202,2024-04-02,Newcastle United,Everton,True,1,
2023-24,22196,2024-04-03,Arsenal,Luton,True,0,
2023-24,22200,2024-04-03,Brentford,Brighton,True,0,
2023-24,22204,2024-04-03,Manchester City,Aston Villa,True,0,
2023-24,22201,2024-04-04,Chelsea,Manchester United,True,2,
2023-24,22203,2024-04-04,Liverpool,Sheffield United,True,0,
2023-24,22205,2024-04-06,Aston Villa,Brentford,True,0,
2023-24,22206,2024-04-06,Brighton,Arsenal,True,1,
2023-24,22207,2024-04-06,Crystal Palace,Manchester City,True,0,
2023-24,22208,2024-04-06,Everton,Burnley,True,0,
2023-24,22209,2024-04-06,Fulham,Newcastle United,True,0,
2023-24,22210,2024-04-06,Luton,Bournemouth,True,0,
2023-24,22214,2024-04-06,Wolverhampton Wanderers,West Ham,True,2,
2023-24,22211,2024-04-07,Manchester United,Liverpool,True,1,
2023-24,22212,2024-04-07,Sheffield United,Chelsea,True,0,
2023-24,22213,2024-04-07,Tottenham,Nottingham Forest,True,0,
2023-24,22215,2024-04-13,Bournemouth,Manchester United,True,1,
2023-24,22217,2024-04-13,Brentford,Sheffield United,True,0,
2023-24,22218,2024-04-13,Burnley,Brighton,True,0,
2023-24,22221,2024-04-13,Manchester City,Luton,True,1,
2023-24,22222,2024-04-13,Newcastle United,Tottenham,True,0,
2023-24,22223,2024-04-13,Nottingham Forest,Wolverhampton Wanderers,True,0,
2023-24,22216,2024-04-14,Arsenal,Aston Villa,True,0,
2023-24,22220,2024-04-14,Liverpool,Crystal Palace,True,0,
2023-24,22224,2024-04-14,West Ham,Fulham,True,0,
2023-24,22219,2024-04-15,Chelsea,Everton,True,1,
2023-24,22230,2024-04-20,Luton,Brentford,True,0,
2023-24,22232,2024-04-20,Sheffield United,Burnley,True,0,
2023-24,22234,2024-04-20,Wolverhampton Wanderers,Arsenal,True,0,
2023-24,22225,2024-04-21,Aston Villa,Bournemouth,True,1,
2023-24,22227,2024-04-21,Crystal Palace,West Ham,True,0,
2023-24,22228,2024-04-21,Everton,Nottingham Forest,True,0,
2023-24,22229,2024-04-21,Fulham,Liverpool,True,0,
2023-24,22175,2024-04-23,Arsenal,Chelsea,True,0,
2023-24,22178,2024-04-24,Crystal Palace,Newcastle United,True,0,
2023-24,22179,2024-04-24,Everton,Liverpool,True,0,
2023-24,22182,2024-04-24,Manchester United,Sheffield United,True,1,
2023-24,22184,2024-04-24,Wolverhampton Wanderers,Bournemouth,True,0,
2023-24,22176,2024-04-25,Brighton,Manchester City,True,0,
2023-24,22236,2024-04-27,Aston Villa,Chelsea,True,0,
2023-24,22237,2024-04-27,Everton,Brentford,True,0,
2023-24,22238,2024-04-27,Fulham,Crystal Palace,True,0,
2023-24,22239,2024-04-27,Manchester United,Burnley,True,1,
2023-24,22240,2024-04-27,Newcastle United,Sheffield United,True,1,
2023-24,22243,2024-04-27,West Ham,Liverpool,True,0,
2023-24,22244,2024-04-27,Wolverhampton Wanderers,Luton,True,0,
2023-24,22235,2024-04-28,Bournemouth,Brighton,True,0,
2023-24,22241,2024-04-28,Tottenham,Arsenal,True,1,
2023-24,22242,2024-04-28,Nottingham Forest,Manchester City,True,0,
2023-24,22149,2024-05-02,Chelsea,Tottenham,True,0,
2023-24,22252,2024-05-03,Luton,Everton,True,1,
2023-24,22245,2024-05-04,Arsenal,Bournemouth,True,1,
2023-24,22246,2024-05-04,Brentford,Fulham,True,0,
2023-24,22248,2024-05-04,Burnley,Newcastle United,True,1,
2023-24,22253,2024-05-04,Manchester City,Wolverhampton Wanderers,True,2,
2023-24,22254,2024-05-04,Sheffield United,Nottingham Forest,True,1,
2023-24,22247,2024-05-05,Brighton,Aston Villa,True,1,
2023-24,22249,2024-05-05,Chelsea,West Ham,True,0,
2023-24,22251,2024-05-05,Liverpool,Tottenham,True,0,
2023-24,22250,2024-05-06,Crystal Palace,Manchester United,True,0,
2023-24,22255,2024-05-11,Bournemouth,Brentford,True,0,
2023-24,22257,2024-05-11,Everton,Sheffield United,True,0,
2023-24,22258,2024-05-11,Fulham,Manchester City,True,1,
2023-24,22260,2024-05-11,Newcastle United,Brighton,True,0,
2023-24,22261,2024-05-11,Nottingham Forest,Chelsea,True,0,
2023-24,22262,2024-05-11,Tottenham,Burnley,True,0,
2023-24,22263,2024-05-11,West Ham,Luton,True,0,
2023-24,22264,2024-05-11,Wolverhampton Wanderers,Crystal Palace,True,0,
2023-24,22259,2024-05-12,Manchester United,Arsenal,True,0,
2023-24,22256,2024-05-13,Aston Villa,Liverpool,True,0,
2023-24,22233,2024-05-14,Tottenham,Manchester City,True,1,
2023-24,22226,2024-05-15,Brighton,Chelsea,True,0,
2023-24,22231,2024-05-15,Manchester United,Newcastle United,True,0,
2023-24,22265,2024-05-19,Arsenal,Everton,True,0,
2023-24,22266,2024-05-19,Brentford,Newcastle United,True,0,
2023-24,22267,2024-05-19,Brighton,Manchester United,True,0,
2023-24,22268,2024-05-19,Burnley,Nottingham Forest,True,0,
2023-24,22269,2024-05-19,Chelsea,Bournemouth,True,0,
2023-24,22270,2024-05-19,Crystal Palace,Aston Villa,True,0,
2023-24,22271,2024-05-19,Liverpool,Wolverhampton Wanderers,True,0,
2023-24,22272,2024-05-19,Luton,Fulham,True,1,
2023-24,22273,2024-05-19,Manchester City,West Ham,True,0,
2023-24,22274,2024-05-19,Sheffield United,Tottenham,True,0,
2024-25,26602,2024-08-16,Manchester United,Fulham,True,0,
2024-25,26603,2024-08-17,Ipswich,Liverpool,True,0,
2024-25,26604,2024-08-17,Arsenal,Wolverhampton Wanderers,True,0,
2024-25,26605,2024-08-17,Everton,Brighton,True,0,
2024-25,26606,2024-08-17,Newcastle United,Southampton,True,0,
2024-25,26607,2024-08-17,Nottingham Forest,Bournemouth,True,0,
2024-25,26608,2024-08-17,West Ham,Aston Villa,True,1,
2024-25,26609,2024-08-18,Brentford,Crystal Palace,True,0,
2024-25,26610,2024-08-18,Chelsea,Manchester City,True,0,
2024-25,26611,2024-08-19,Leicester,Tottenham,True,0,
2024-25,26612,2024-08-24,Brighton,Manchester United,True,0,
2024-25,26613,2024-08-24,Crystal Palace,West Ham,True,0,
2024-25,26614,2024-08-24,Fulham,Leicester,True,0,
2024-25,26615,2024-08-24,Manchester City,Ipswich,True,1,
2024-25,26616,2024-08-24,Southampton,Nottingham Forest,True,0,
2024-25,26617,2024-08-24,Tottenham,Everton,True,0,
2024-25,26618,2024-08-24,Aston Villa,Arsenal,True,0,
2024-25,26619,2024-08-25,Wolverhampton Wanderers,Chelsea,True,0,
2024-25,26620,2024-08-25,Bournemouth,Newcastle United,True,0,
2024-25,26621,2024-08-25,Liverpool,Brentford,True,0,
2024-25,26622,2024-08-31,Arsenal,Brighton,True,0,
2024-25,26623,2024-08-31,Brentford,Southampton,True,0,
2024-25,26624,2024-08-31,Everton,Bournemouth,True,0,
2024-25,26625,2024-08-31,Ipswich,Fulham,True,0,
2024-25,26626,2024-08-31,Leicester,Aston Villa,True,0,
2024-25,26627,2024-08-31,Nottingham Forest,Wolverhampton Wanderers,True,0,
2024-25,26628,2024-08-31,West Ham,Manchester City,True,0,
2024-25,26629,2024-09-01,Newcastle United,Tottenham,True,0,
2024-25,26630,2024-09-01,Chelsea,Crystal Palace,True,0,
2024-25,26631,2024-09-01,Manchester United,Liverpool,True,0,
2024-25,26632,2024-09-14,Southampton,Manchester United,True,1,
2024-25,26633,2024-09-14,Brighton,Ipswich,True,0,
2024-25,26634,2024-09-14,Fulham,West Ham,True,0,
2024-25,26635,2024-09-14,Liverpool,Nottingham Forest,True,0,
2024-25,26636,2024-09-14,Crystal Palace,Leicester,True,1,
2024-25,26637,2024-09-14,Manchester City,Brentford,True,0,
2024-25,26638,2024-09-14,Aston Villa,Everton,True,0,
2024-25,26639,2024-09-14,Bournemouth,Chelsea,True,1,
2024-25,26640,2024-09-15,Tottenham,Arsenal,True,0,
2024-25,26641,2024-09-15,Wolverhampton Wanderers,Newcastle United,True,0,
2024-25,26642,2024-09-21,West Ham,Chelsea,True,0,
2024-25,26643,2024-09-21,Southampton,Ipswich,True,0,
2024-25,26644,2024-09-21,Leicester,Everton,True,0,
2024-25,26645,2024-09-21,Liverpool,Bournemouth,True,0,
2024-25,26646,2024-09-21,Fulham,Newcastle United,True,0,
2024-25,26647,2024-09-21,Aston Villa,Wolverhampton Wanderers,True,0,
2024-25,26648,2024-09-21,Tottenham,Brentford,True,0,
2024-25,26649,2024-09-21,Crystal Palace,Manchester United,True,0,
2024-25,26650,2024-09-22,Brighton,Nottingham Forest,True,1,
2024-25,26651,2024-09-22,Manchester City,Arsenal,True,0,
2024-25,26652,2024-09-28,Newcastle United,Manchester City,True,1,
2024-25,26653,2024-09-28,Nottingham Forest,Fulham,True,1,
2024-25,26654,2024-09-28,Everton,Crystal Palace,True,0,
2024-25,26655,2024-09-28,Arsenal,Leicester,True,0,
2024-25,26656,2024-09-28,Brentford,West Ham,True,0,
2024-25,26657,2024-09-28,Chelsea,Brighton,True,1,
2024-25,26658,2024-09-28,Wolverhampton Wanderers,Liverpool,True,1,
2024-25,26659,2024-09-29,Ipswich,Aston Villa,True,0,
2024-25,26660,2024-09-29,Manchester United,Tottenham,True,0,
2024-25,26661,2024-09-30,Bournemouth,Southampton,True,0,
2024-25,26662,2024-10-05,Crystal Palace,Liverpool,True,0,
2024-25,26663,2024-10-05,Leicester,Bournemouth,True,0,
2024-25,26664,2024-10-05,Manchester City,Fulham,True,0,
2024-25,26665,2024-10-05,West Ham,Ipswich,True,0,
2024-25,26666,2024-10-05,Arsenal,Southampton,True,0,
2024-25,26667,2024-10-05,Brentford,Wolverhampton Wanderers,True,1,
2024-25,26669,2024-10-05,Everton,Newcastle United,True,1,
2024-25,26668,2024-10-06,Chelsea,Nottingham Forest,True,0,
2024-25,26670,2024-10-06,Aston Villa,Manchester United,True,0,
2024-25,26671,2024-10-06,Brighton,Tottenham,True,0,
2024-25,26672,2024-10-19,Tottenham,West Ham,True,0,
2024-25,26673,2024-10-19,Fulham,Aston Villa,True,1,
2024-25,26674,2024-10-19,Ipswich,Everton,True,0,
2024-25,26675,2024-10-19,Manchester United,Brentford,True,0,
2024-25,26676,2024-10-19,Newcastle United,Brighton,True,0,
2024-25,26678,2024-10-19,Southampton,Leicester,True,1,
2024-25,26680,2024-10-19,Bournemouth,Arsenal,True,1,
2024-25,26679,2024-10-20,Liverpool,Chelsea,True,1,
2024-25,26681,2024-10-20,Wolverhampton Wanderers,Manchester City,True,0,
2024-25,26677,2024-10-21,Nottingham Forest,Crystal Palace,True,0,
2024-25,26682,2024-10-25,Leicester,Nottingham Forest,True,0,
2024-25,26683,2024-10-26,Manchester City,Southampton,True,0,
2024-25,26684,2024-10-26,Aston Villa,Bournemouth,True,0,
2024-25,26685,2024-10-26,Brentford,Ipswich,True,1,
2024-25,26686,2024-10-26,Brighton,Wolverhampton Wanderers,True,0,
2024-25,26687,2024-10-26,Everton,Fulham,True,0,
2024-25,26688,2024-10-27,Chelsea,Newcastle United,True,0,
2024-25,26689,2024-10-27,Crystal Palace,Tottenham,True,0,
2024-25,26690,2024-10-27,West Ham,Manchester United,True,1,
2024-25,26691,2024-10-27,Arsenal,Liverpool,True,0,
2024-25,26692,2024-11-02,Bournemouth,Manchester City,True,0,
2024-25,26694,2024-11-02,Newcastle United,Arsenal,True,0,
2024-25,26695,2024-11-02,Ipswich,Leicester,True,0,
2024-25,26696,2024-11-02,Liverpool,Brighton,True,0,
2024-25,26698,2024-11-02,Nottingham Forest,West Ham,True,0,
2024-25,26699,2024-11-02,Southampton,Everton,True,0,
2024-25,26701,2024-11-02,Wolverhampton Wanderers,Crystal Palace,True,0,
2024-25,26697,2024-11-03,Manchester United,Chelsea,True,1,
2024-25,26700,2024-11-03,Tottenham,Aston Villa,True,0,
2024-25,26693,2024-11-04,Fulham,Brentford,True,0,
2024-25,26702,2024-11-09,Brentford,Bournemouth,True,0,
2024-25,26703,2024-11-09,Brighton,Manchester City,True,0,
2024-25,26706,2024-11-09,Crystal Palace,Fulham,True,0,
2024-25,26707,2024-11-09,Liverpool,Aston Villa,True,0,
2024-25,26710,2024-11-09,West Ham,Everton,True,0,
2024-25,26711,2024-11-09,Wolverhampton Wanderers,Southampton,True,0,
2024-25,26704,2024-11-10,Nottingham Forest,Newcastle United,True,0,
2024-25,26705,2024-11-10,Chelsea,Arsenal,True,0,
2024-25,26708,2024-11-10,Manchester United,Leicester,True,0,
2024-25,26709,2024-11-10,Tottenham,Ipswich,True,0,
2024-25,26712,2024-11-23,Bournemouth,Brighton,True,0,
2024-25,26714,2024-11-23,Arsenal,Nottingham Forest,True,0,
2024-25,26715,2024-11-23,Everton,Brentford,True,0,
2024-25,26716,2024-11-23,Aston Villa,Crystal Palace,True,1,
2024-25,26717,2024-11-23,Fulham,Wolverhampton Wanderers,True,0,
2024-25,26719,2024-11-23,Leicester,Chelsea,True,1,
2024-25,26720,2024-11-23,Manchester City,Tottenham,True,0,
2024-25,26718,2024-11-24,Ipswich,Manchester United,True,0,
2024-25,26721,2024-11-24,Southampton,Liverpool,True,2,
2024-25,26713,2024-11-25,Newcastle United,West Ham,True,0,
2024-25,26723,2024-11-29,Brighton,Southampton,True,0,
2024-25,26722,2024-11-30,Brentford,Leicester,True,0,
2024-25,26725,2024-11-30,Crystal Palace,Newcastle United,True,0,
2024-25,26728,2024-11-30,Nottingham Forest,Ipswich,True,1,
2024-25,26730,2024-11-30,West Ham,Arsenal,True,2,
2024-25,26731,2024-11-30,Wolverhampton Wanderers,Bournemouth,True,3,
2024-25,26724,2024-12-01,Chelsea,Aston Villa,True,0,
2024-25,26726,2024-12-01,Liverpool,Manchester City,True,1,
2024-25,26727,2024-12-01,Manchester United,Everton,True,0,
2024-25,26729,2024-12-01,Tottenham,Fulham,True,0,
2024-25,26737,2024-12-03,Ipswich,Crystal Palace,True,0,
2024-25,26738,2024-12-03,Leicester,West Ham,True,0,
2024-25,26733,2024-12-04,Arsenal,Manchester United,True,0,
2024-25,26734,2024-12-04,Aston Villa,Brentford,True,1,
2024-25,26735,2024-12-04,Everton,Wolverhampton Wanderers,True,0,
2024-25,26739,2024-12-04,Manchester City,Nottingham Forest,True,0,
2024-25,26740,2024-12-04,Newcastle United,Liverpool,True,0,
2024-25,26741,2024-12-04,Southampton,Chelsea,True,0,
2024-25,26732,2024-12-05,Bournemouth,Tottenham,True,0,
2024-25,26736,2024-12-05,Fulham,Brighton,True,0,
2024-25,26742,2024-12-07,Aston Villa,Southampton,True,0,
2024-25,26743,2024-12-07,Brentford,Newcastle United,True,0,
2024-25,26744,2024-12-07,Manchester United,Nottingham Forest,True,0,
2024-25,26747,2024-12-07,Crystal Palace,Manchester City,True,0,
2024-25,26745,2024-12-08,Tottenham,Chelsea,True,2,
2024-25,26749,2024-12-08,Fulham,Arsenal,True,0,
2024-25,26750,2024-12-08,Ipswich,Bournemouth,True,0,
2024-25,26751,2024-12-08,Leicester,Brighton,True,0,
2024-25,26746,2024-12-09,West Ham,Wolverhampton Wanderers,True,0,
2024-25,26752,2024-12-14,Liverpool,Fulham,True,0,
2024-25,26755,2024-12-14,Arsenal,Everton,True,0,
2024-25,26758,2024-12-14,Wolverhampton Wanderers,Ipswich,True,0,
2024-25,26760,2024-12-14,Newcastle United,Leicester,True,0,
2024-25,26761,2024-12-14,Nottingham Forest,Aston Villa,True,0,
2024-25,26753,2024-12-15,Manchester City,Manchester United,True,1,
2024-25,26756,2024-12-15,Brighton,Crystal Palace,True,0,
2024-25,26757,2024-12-15,Chelsea,Brentford,True,0,
2024-25,26759,2024-12-15,Southampton,Tottenham,True,0,
2024-25,26754,2024-12-16,Bournemouth,West Ham,True,1,
2024-25,26762,2024-12-21,Aston Villa,Manchester City,True,0,
2024-25,26765,2024-12-21,Crystal Palace,Arsenal,True,0,
2024-25,26766,2024-12-21,Brentford,Nottingham Forest,True,0,
2024-25,26767,2024-12-21,West Ham,Brighton,True,0,
2024-25,26771,2024-12-21,Ipswich,Newcastle United,True,0,
2024-25,26763,2024-12-22,Fulham,Southampton,True,0,
2024-25,26764,2024-12-22,Everton,Chelsea,True,0,
2024-25,26768,2024-12-22,Tottenham,Liverpool,True,0,
2024-25,26769,2024-12-22,Manchester United,Bournemouth,True,1,
2024-25,26770,2024-12-22,Leicester,Wolverhampton Wanderers,True,0,
2024-25,26772,2024-12-26,Bournemouth,Crystal Palace,True,0,
2024-25,26775,2024-12-26,Chelsea,Fulham,True,0,
2024-25,26776,2024-12-26,Liverpool,Leicester,True,0,
2024-25,26777,2024-12-26,Manchester City,Everton,True,1,
2024-25,26778,2024-12-26,Newcastle United,Aston Villa,True,0,
2024-25,26779,2024-12-26,Nottingham Forest,Tottenham,True,0,
2024-25,26780,2024-12-26,Southampton,West Ham,True,0,
2024-25,26781,2024-12-26,Wolverhampton Wanderers,Manchester United,True,0,
2024-25,26773,2024-12-27,Arsenal,Ipswich,True,0,
2024-25,26774,2024-12-27,Brighton,Brentford,True,0,
2024-25,26784,2024-12-29,Crystal Palace,Southampton,True,0,
2024-25,26785,2024-12-29,Everton,Nottingham Forest,True,0,
2024-25,26786,2024-12-29,Fulham,Bournemouth,True,0,
2024-25,26788,2024-12-29,Leicester,Manchester City,True,0,
2024-25,26790,2024-12-29,Tottenham,Wolverhampton Wanderers,True,1,
2024-25,26791,2024-12-29,West Ham,Liverpool,True,0,
2024-25,26782,2024-12-30,Aston Villa,Brighton,True,1,
2024-25,26787,2024-12-30,Ipswich,Chelsea,True,1,
2024-25,26789,2024-12-30,Manchester United,Newcastle United,True,0,
2024-25,26783,2025-01-01,Brentford,Arsenal,True,0,
2024-25,26792,2025-01-04,Bournemouth,Everton,True,0,
2024-25,26793,2025-01-04,Aston Villa,Leicester,True,0,
2024-25,26794,2025-01-04,Brighton,Arsenal,True,1,
2024-25,26795,2025-01-04,Crystal Palace,Chelsea,True,0,
2024-25,26798,2025-01-04,Manchester City,West Ham,True,0,
2024-25,26799,2025-01-04,Southampton,Brentford,True,1,
2024-25,26800,2025-01-04,Tottenham,Newcastle United,True,0,
2024-25,26796,2025-01-05,Fulham,Ipswich,True,3,
2024-25,26797,2025-01-05,Liverpool,Manchester United,True,1,
2024-25,26801,2025-01-06,Wolverhampton Wanderers,Nottingham Forest,True,0,
2024-25,26803,2025-01-14,Brentford,Manchester City,True,0,
2024-25,26807,2025-01-14,Nottingham Forest,Liverpool,True,0,
2024-25,26808,2025-01-14,West Ham,Fulham,True,0,
2024-25,26809,2025-01-14,Chelsea,Bournemouth,True,1,
2024-25,26802,2025-01-15,Arsenal,Tottenham,True,0,
2024-25,26804,2025-01-15,Everton,Aston Villa,True,0,
2024-25,26806,2025-01-15,Leicester,Crystal Palace,True,0,
2024-25,26810,2025-01-15,Newcastle United,Wolverhampton Wanderers,True,0,
2024-25,26805,2025-01-16,Ipswich,Brighton,True,0,
2024-25,26811,2025-01-16,Manchester United,Southampton,True,0,
2024-25,26812,2025-01-18,Arsenal,Aston Villa,True,0,
2024-25,26813,2025-01-18,Brentford,Liverpool,True,0,
2024-25,26817,2025-01-18,Leicester,Fulham,True,0,
2024-25,26819,2025-01-18,Newcastle United,Bournemouth,True,0,
2024-25,26821,2025-01-18,West Ham,Crystal Palace,True,1,
2024-25,26815,2025-01-19,Everton,Tottenham,True,0,
2024-25,26816,2025-01-19,Ipswich,Manchester City,True,0,
2024-25,26818,2025-01-19,Manchester United,Brighton,True,1,
2024-25,26820,2025-01-19,Nottingham Forest,Southampton,True,0,
2024-25,26814,2025-01-20,Chelsea,Wolverhampton Wanderers,True,0,
2024-25,26822,2025-01-25,Bournemouth,Nottingham Forest,True,0,
2024-25,26824,2025-01-25,Brighton,Everton,True,1,
2024-25,26827,2025-01-25,Liverpool,Ipswich,True,0,
2024-25,26828,2025-01-25,Manchester City,Chelsea,True,0,
2024-25,26829,2025-01-25,Southampton,Newcastle United,True,1,
2024-25,26831,2025-01-25,Wolverhampton Wanderers,Arsenal,True,0,
2024-25,26823,2025-01-26,Aston Villa,West Ham,True,0,
2024-25,26825,2025-01-26,Crystal Palace,Brentford,True,1,
2024-25,26826,2025-01-26,Fulham,Manchester United,True,0,
2024-25,26830,2025-01-26,Tottenham,Leicester,True,0,
2024-25,26832,2025-02-01,Bournemouth,Liverpool,True,1,
2024-25,26836,2025-02-01,Everton,Leicester,True,0,
2024-25,26837,2025-02-01,Ipswich,Southampton,True,0,
2024-25,26839,2025-02-01,Newcastle United,Fulham,True,0,
2024-25,26840,2025-02-01,Nottingham Forest,Brighton,True,1,
2024-25,26841,2025-02-01,Wolverhampton Wanderers,Aston Villa,True,0,
2024-25,26833,2025-02-02,Arsenal,Manchester City,True,0,
2024-25,26834,2025-02-02,Brentford,Tottenham,True,0,
2024-25,26838,2025-02-02,Manchester United,Crystal Palace,True,0,
2024-25,26835,2025-02-03,Chelsea,West Ham,True,0,
2024-25,26748,2025-02-12,Everton,Liverpool,True,0,
2024-25,26843,2025-02-14,Brighton,Chelsea,True,0,
2024-25,26842,2025-02-15,Aston Villa,Ipswich,True,0,
2024-25,26844,2025-02-15,Crystal Palace,Everton,True,0,
2024-25,26845,2025-02-15,Fulham,Nottingham Forest,True,0,
2024-25,26846,2025-02-15,Leicester,Arsenal,True,0,
2024-25,26848,2025-02-15,Manchester City,Newcastle United,True,0,
2024-25,26849,2025-02-15,Southampton,Bournemouth,True,0,
2024-25,26851,2025-02-15,West Ham,Brentford,True,0,
2024-25,26847,2025-02-16,Liverpool,Wolverhampton Wanderers,True,1,
2024-25,26850,2025-02-16,Tottenham,Manchester United,True,0,
2024-25,26884,2025-02-19,Aston Villa,Liverpool,True,0,
2024-25,26858,2025-02-21,Leicester,Brentford,True,0,
2024-25,26852,2025-02-22,Bournemouth,Wolverhampton Wanderers,True,0,
2024-25,26853,2025-02-22,Arsenal,West Ham,True,0,
2024-25,26854,2025-02-22,Aston Villa,Chelsea,True,0,
2024-25,26855,2025-02-22,Everton,Manchester United,True,0,
2024-25,26856,2025-02-22,Fulham,Crystal Palace,True,0,
2024-25,26857,2025-02-22,Ipswich,Tottenham,True,0,
2024-25,26861,2025-02-22,Southampton,Brighton,True,0,
2024-25,26859,2025-02-23,Manchester City,Liverpool,True,0,
2024-25,26860,2025-02-23,Newcastle United,Nottingham Forest,True,1,
2024-25,26863,2025-02-25,Brighton,Bournemouth,True,1,
2024-25,26867,2025-02-25,Wolverhampton Wanderers,Fulham,True,0,
2024-25,26868,2025-02-25,Crystal Palace,Aston Villa,True,0,
2024-25,26869,2025-02-25,Chelsea,Southampton,True,0,
2024-25,26862,2025-02-26,Brentford,Everton,True,0,
2024-25,26864,2025-02-26,Nottingham Forest,Arsenal,True,0,
2024-25,26865,2025-02-26,Tottenham,Manchester City,True,0,
2024-25,26870,2025-02-26,Liverpool,Newcastle United,True,0,
2024-25,26871,2025-02-26,Manchester United,Ipswich,True,0,
2024-25,26866,2025-02-27,West Ham,Leicester,True,0,
2024-25,26872,2025-03-08,Brentford,Aston Villa,True,0,
2024-25,26873,2025-03-08,Brighton,Fulham,True,1,
2024-25,26875,2025-03-08,Crystal Palace,Ipswich,True,0,
2024-25,26876,2025-03-08,Liverpool,Southampton,True,2,
2024-25,26878,2025-03-08,Nottingham Forest,Manchester City,True,0,
2024-25,26881,2025-03-08,Wolverhampton Wanderers,Everton,True,0,
2024-25,26874,2025-03-09,Chelsea,Leicester,True,1,
2024-25,26877,2025-03-09,Manchester United,Arsenal,True,0,
2024-25,26879,2025-03-09,Tottenham,Bournemouth,True,1,
2024-25,26880,2025-03-10,West Ham,Newcastle United,True,0,
2024-25,26882,2025-03-15,Bournemouth,Brentford,True,0,
2024-25,26885,2025-03-15,Everton,West Ham,True,0,
2024-25,26887,2025-03-15,Ipswich,Nottingham Forest,True,0,
2024-25,26889,2025-03-15,Manchester City,Brighton,True,1,
2024-25,26891,2025-03-15,Southampton,Wolverhampton Wanderers,True,0,
2024-25,26883,2025-03-16,Arsenal,Chelsea,True,0,
2024-25,26886,2025-03-16,Fulham,Tottenham,True,0,
2024-25,26888,2025-03-16,Leicester,Manchester United,True,0,
2024-25,26892,2025-04-01,Arsenal,Fulham,True,0,
2024-25,26894,2025-04-01,Nottingham Forest,Manchester United,True,0,
2024-25,26895,2025-04-01,Wolverhampton Wanderers,West Ham,True,0,
2024-25,26893,2025-04-02,Brighton,Aston Villa,True,0,
2024-25,26896,2025-04-02,Bournemouth,Ipswich,True,0,
2024-25,26898,2025-04-02,Manchester City,Leicester,True,0,
2024-25,26899,2025-04-02,Newcastle United,Brentford,True,1,
2024-25,26900,2025-04-02,Southampton,Crystal Palace,True,0,
2024-25,26901,2025-04-02,Liverpool,Everton,True,0,
2024-25,26897,2025-04-03,Chelsea,Tottenham,True,0,
2024-25,26902,2025-04-05,Aston Villa,Nottingham Forest,True,0,
2024-25,26904,2025-04-05,Crystal Palace,Brighton,True,0,
2024-25,26905,2025-04-05,Everton,Arsenal,True,1,
2024-25,26907,2025-04-05,Ipswich,Wolverhampton Wanderers,True,0,
2024-25,26911,2025-04-05,West Ham,Bournemouth,True,0,
2024-25,26903,2025-04-06,Brentford,Chelsea,True,0,
2024-25,26906,2025-04-06,Fulham,Liverpool,True,0,
2024-25,26909,2025-04-06,Manchester United,Manchester City,True,0,
2024-25,26910,2025-04-06,Tottenham,Southampton,True,1,
2024-25,26908,2025-04-07,Leicester,Newcastle United,True,0,
2024-25,26913,2025-04-12,Arsenal,Brentford,True,0,
2024-25,26914,2025-04-12,Brighton,Leicester,True,2,
2024-25,26917,2025-04-12,Manchester City,Crystal Palace,True,0,
2024-25,26920,2025-04-12,Nottingham Forest,Everton,True,0,
2024-25,26921,2025-04-12,Southampton,Aston Villa,True,2,
2024-25,26915,2025-04-13,Chelsea,Ipswich,True,0,
2024-25,26916,2025-04-13,Liverpool,West Ham,True,0,
2024-25,26918,2025-04-13,Newcastle United,Manchester United,True,0,
2024-25,26919,2025-04-13,Wolverhampton Wanderers,Tottenham,True,0,
2024-25,26912,2025-04-14,Bournemouth,Fulham,True,0,
2024-25,26890,2025-04-16,Newcastle United,Crystal Palace,True,1,
2024-25,26922,2025-04-19,Aston Villa,Newcastle United,True,0,
2024-25,26923,2025-04-19,Brentford,Brighton,True,0,
2024-25,26924,2025-04-19,Crystal Palace,Bournemouth,True,0,
2024-25,26925,2025-04-19,Everton,Manchester City,True,0,
2024-25,26931,2025-04-19,West Ham,Southampton,True,0,
2024-25,26926,2025-04-20,Fulham,Chelsea,True,0,
2024-25,26927,2025-04-20,Ipswich,Arsenal,True,0,
2024-25,26928,2025-04-20,Leicester,Liverpool,True,0,
2024-25,26929,2025-04-20,Manchester United,Wolverhampton Wanderers,True,0,
2024-25,26930,2025-04-21,Tottenham,Nottingham Forest,True,0,
2024-25,26937,2025-04-22,Manchester City,Aston Villa,True,1,
2024-25,26933,2025-04-23,Arsenal,Crystal Palace,True,0,
2024-25,26934,2025-04-26,Brighton,West Ham,True,0,
2024-25,26935,2025-04-26,Chelsea,Everton,True,0,
2024-25,26938,2025-04-26,Newcastle United,Ipswich,True,1,
2024-25,26940,2025-04-26,Southampton,Fulham,True,0,
2024-25,26941,2025-04-26,Wolverhampton Wanderers,Leicester,True,1,
2024-25,26932,2025-04-27,Bournemouth,Manchester United,True,0,
2024-25,26936,2025-04-27,Liverpool,Tottenham,True,0,
2024-25,26939,2025-05-01,Nottingham Forest,Brentford,True,0,
2024-25,26942,2025-05-02,Manchester City,Wolverhampton Wanderers,True,0,
2024-25,26945,2025-05-03,Arsenal,Bournemouth,True,0,
2024-25,26946,2025-05-03,Aston Villa,Fulham,True,0,
2024-25,26950,2025-05-03,Everton,Ipswich,True,0,
2024-25,26951,2025-05-03,Leicester,Southampton,True,0,
2024-25,26943,2025-05-04,West Ham,Tottenham,True,0,
2024-25,26944,2025-05-04,Brighton,Newcastle United,True,1,
2024-25,26947,2025-05-04,Brentford,Manchester United,True,0,
2024-25,26948,2025-05-04,Chelsea,Liverpool,True,1,
2024-25,26949,2025-05-05,Crystal Palace,Nottingham Forest,True,1,
2024-25,26953,2025-05-10,Fulham,Everton,True,0,
2024-25,26954,2025-05-10,Ipswich,Brentford,True,0,
2024-25,26955,2025-05-10,Bournemouth,Aston Villa,True,0,
2024-25,26959,2025-05-10,Southampton,Manchester City,True,0,
2024-25,26961,2025-05-10,Wolverhampton Wanderers,Brighton,True,1,
2024-25,26952,2025-05-11,Liverpool,Arsenal,True,0,
2024-25,26956,2025-05-11,Manchester United,West Ham,True,0,
2024-25,26957,2025-05-11,Newcastle United,Chelsea,True,0,
2024-25,26958,2025-05-11,Nottingham Forest,Leicester,True,0,
2024-25,26960,2025-05-11,Tottenham,Crystal Palace,True,0,
2024-25,26963,2025-05-16,Aston Villa,Tottenham,True,0,
2024-25,26966,2025-05-16,Chelsea,Manchester United,True,0,
2024-25,26962,2025-05-18,Arsenal,Newcastle United,True,0,
2024-25,26964,2025-05-18,Brentford,Fulham,True,1,
2024-25,26968,2025-05-18,Everton,Southampton,True,0,
2024-25,26969,2025-05-18,Leicester,Ipswich,True,0,
2024-25,26971,2025-05-18,West Ham,Nottingham Forest,True,0,
2024-25,26965,2025-05-19,Brighton,Liverpool,True,0,
2024-25,26967,2025-05-20,Crystal Palace,Wolverhampton Wanderers,True,0,
2024-25,26970,2025-05-20,Manchester City,Bournemouth,True,0,
2024-25,26972,2025-05-25,Nottingham Forest,Chelsea,True,0,
2024-25,26973,2025-05-25,Newcastle United,Everton,True,0,
2024-25,26974,2025-05-25,Manchester United,Aston Villa,True,1,
2024-25,26975,2025-05-25,Liverpool,Crystal Palace,True,0,
2024-25,26976,2025-05-25,Tottenham,Brighton,True,2,
2024-25,26977,2025-05-25,Southampton,Arsenal,True,0,
2024-25,26978,2025-05-25,Wolverhampton Wanderers,Brentford,True,0,
2024-25,26979,2025-05-25,Bournemouth,Leicester,True,0,
2024-25,26980,2025-05-25,Ipswich,West Ham,True,0,
2024-25,26981,2025-05-25,Fulham,Manchester City,True,1,
2025-26,28778,2025-08-15,Liverpool,Bournemouth,True,0,
2025-26,28779,2025-08-16,Aston Villa,Newcastle United,True,0,
2025-26,28780,2025-08-16,Brighton,Fulham,True,1,
2025-26,28781,2025-08-16,Sunderland,West Ham,True,0,
2025-26,28782,2025-08-16,Tottenham,Burnley,True,0,
2025-26,28783,2025-08-16,Wolverhampton Wanderers,Manchester City,True,0,
2025-26,28784,2025-08-17,Chelsea,Crystal Palace,True,0,
2025-26,28785,2025-08-17,Nottingham Forest,Brentford,True,1,
2025-26,28786,2025-08-17,Manchester United,Arsenal,True,0,
2025-26,28787,2025-08-18,Leeds,Everton,True,1,
2025-26,28788,2025-08-22,West Ham,Chelsea,True,0,
2025-26,28789,2025-08-23,Manchester City,Tottenham,True,0,
2025-26,28790,2025-08-23,Brentford,Aston Villa,True,0,
2025-26,28791,2025-08-23,Burnley,Sunderland,True,0,
2025-26,28792,2025-08-23,Bournemouth,Wolverhampton Wanderers,True,0,
2025-26,28793,2025-08-23,Arsenal,Leeds,True,1,
2025-26,28794,2025-08-24,Crystal Palace,Nottingham Forest,True,0,
2025-26,28795,2025-08-24,Everton,Brighton,True,1,
2025-26,28796,2025-08-24,Fulham,Manchester United,True,1,
2025-26,28797,2025-08-25,Newcastle United,Liverpool,True,0,
2025-26,28798,2025-08-30,Chelsea,Fulham,True,1,
2025-26,28799,2025-08-30,Tottenham,Bournemouth,True,0,
2025-26,28800,2025-08-30,Wolverhampton Wanderers,Everton,True,0,
2025-26,28801,2025-08-30,Sunderland,Brentford,True,2,
2025-26,28802,2025-08-30,Manchester United,Burnley,True,1,
2025-26,28803,2025-08-30,Leeds,Newcastle United,True,0,
2025-26,28804,2025-08-31,Nottingham Forest,West Ham,True,1,
2025-26,28805,2025-08-31,Brighton,Manchester City,True,1,
2025-26,28806,2025-08-31,Liverpool,Arsenal,True,0,
2025-26,28807,2025-08-31,Aston Villa,Crystal Palace,True,1,
2025-26,28808,2025-09-13,Arsenal,Nottingham Forest,True,0,
2025-26,28809,2025-09-13,Newcastle United,Wolverhampton Wanderers,True,0,
2025-26,28810,2025-09-13,Bournemouth,Brighton,True,1,
2025-26,28811,2025-09-13,Crystal Palace,Sunderland,True,0,
2025-26,28812,2025-09-13,Everton,Aston Villa,True,0,
2025-26,28813,2025-09-13,Fulham,Leeds,True,0,
2025-26,28814,2025-09-13,West Ham,Tottenham,True,0,
2025-26,28815,2025-09-13,Brentford,Chelsea,True,0,
2025-26,28816,2025-09-14,Burnley,Liverpool,True,1,
2025-26,28817,2025-09-14,Manchester City,Manchester United,True,0,
2025-26,28818,2025-09-20,Liverpool,Everton,True,0,
2025-26,28819,2025-09-20,West Ham,Crystal Palace,True,0,
2025-26,28820,2025-09-20,Wolverhampton Wanderers,Leeds,True,0,
2025-26,28821,2025-09-20,Brighton,Tottenham,True,0,
2025-26,28822,2025-09-20,Burnley,Nottingham Forest,True,0,
2025-26,28824,2025-09-20,Manchester United,Chelsea,True,0,
2025-26,28825,2025-09-20,Fulham,Brentford,True,0,
2025-26,28823,2025-09-21,Bournemouth,Newcastle United,True,0,
2025-26,28826,2025-09-21,Sunderland,Aston Villa,True,0,
2025-26,28827,2025-09-21,Arsenal,Manchester City,True,0,
2025-26,28828,2025-09-27,Brentford,Manchester United,True,1,
2025-26,28829,2025-09-27,Chelsea,Brighton,True,0,
2025-26,28830,2025-09-27,Crystal Palace,Liverpool,True,0,
2025-26,28832,2025-09-27,Leeds,Bournemouth,True,0,
2025-26,28833,2025-09-27,Manchester City,Burnley,True,0,
2025-26,28834,2025-09-27,Nottingham Forest,Sunderland,True,0,
2025-26,28835,2025-09-27,Tottenham,Wolverhampton Wanderers,True,0,
2025-26,28831,2025-09-28,Aston Villa,Fulham,True,0,
2025-26,28836,2025-09-28,Newcastle United,Arsenal,True,0,
2025-26,28837,2025-09-29,Everton,West Ham,True,0,
2025-26,28838,2025-10-03,Bournemouth,Fulham,True,0,
2025-26,28839,2025-10-04,Arsenal,West Ham,True,1,
2025-26,28842,2025-10-04,Chelsea,Liverpool,True,0,
2025-26,28844,2025-10-04,Leeds,Tottenham,True,0,
2025-26,28845,2025-10-04,Manchester United,Sunderland,True,0,
2025-26,28840,2025-10-05,Aston Villa,Burnley,True,0,
2025-26,28841,2025-10-05,Brentford,Manchester City,True,0,
2025-26,28843,2025-10-05,Everton,Crystal Palace,True,1,
2025-26,28846,2025-10-05,Newcastle United,Nottingham Forest,True,1,
2025-26,28847,2025-10-05,Wolverhampton Wanderers,Brighton,True,0,
2025-26,28848,2025-10-18,Brighton,Newcastle United,True,0,
2025-26,28849,2025-10-18,Burnley,Leeds,True,0,
2025-26,28850,2025-10-18,Crystal Palace,Bournemouth,True,1,
2025-26,28851,2025-10-18,Fulham,Arsenal,True,0,
2025-26,28853,2025-10-18,Manchester City,Everton,True,0,
2025-26,28854,2025-10-18,Nottingham Forest,Chelsea,True,0,
2025-26,28855,2025-10-18,Sunderland,Wolverhampton Wanderers,True,0,
2025-26,28852,2025-10-19,Liverpool,Manchester United,True,0,
2025-26,28856,2025-10-19,Tottenham,Aston Villa,True,0,
2025-26,28857,2025-10-20,West Ham,Brentford,True,0,
2025-26,28864,2025-10-24,Leeds,West Ham,True,0,
2025-26,28861,2025-10-25,Brentford,Liverpool,True,1,
2025-26,28862,2025-10-25,Chelsea,Sunderland,True,0,
2025-26,28865,2025-10-25,Manchester United,Brighton,True,0,
2025-26,28866,2025-10-25,Newcastle United,Fulham,True,0,
2025-26,28858,2025-10-26,Bournemouth,Nottingham Forest,True,0,
2025-26,28859,2025-10-26,Arsenal,Crystal Palace,True,0,
2025-26,28860,2025-10-26,Aston Villa,Manchester City,True,0,
2025-26,28863,2025-10-26,Everton,Tottenham,True,0,
2025-26,28867,2025-10-26,Wolverhampton Wanderers,Burnley,True,1,
2025-26,28868,2025-11-01,Brighton,Leeds,True,0,
2025-26,28869,2025-11-01,Burnley,Arsenal,True,0,
2025-26,28870,2025-11-01,Crystal Palace,Brentford,True,0,
2025-26,28871,2025-11-01,Fulham,Wolverhampton Wanderers,True,0,
2025-26,28872,2025-11-01,Liverpool,Aston Villa,True,0,
2025-26,28874,2025-11-01,Nottingham Forest,Manchester United,True,0,
2025-26,28876,2025-11-01,Tottenham,Chelsea,True,0,
2025-26,28873,2025-11-02,Manchester City,Bournemouth,True,0,
2025-26,28877,2025-11-02,West Ham,Newcastle United,True,0,
2025-26,28875,2025-11-03,Sunderland,Everton,True,0,
2025-26,28880,2025-11-08,Chelsea,Wolverhampton Wanderers,True,0,
2025-26,28882,2025-11-08,Everton,Fulham,True,0,
2025-26,28885,2025-11-08,Sunderland,Arsenal,True,0,
2025-26,28886,2025-11-08,Tottenham,Manchester United,True,0,
2025-26,28887,2025-11-08,West Ham,Burnley,True,0,
2025-26,28878,2025-11-09,Aston Villa,Bournemouth,True,1,
2025-26,28879,2025-11-09,Brentford,Newcastle United,True,1,
2025-26,28881,2025-11-09,Crystal Palace,Brighton,True,0,
2025-26,28883,2025-11-09,Manchester City,Liverpool,True,1,
2025-26,28884,2025-11-09,Nottingham Forest,Leeds,True,1,
2025-26,28888,2025-11-22,Bournemouth,West Ham,True,1,
2025-26,28890,2025-11-22,Brighton,Brentford,True,2,
2025-26,28891,2025-11-22,Burnley,Chelsea,True,0,
2025-26,28892,2025-11-22,Fulham,Sunderland,True,0,
2025-26,28894,2025-11-22,Liverpool,Nottingham Forest,True,0,
2025-26,28896,2025-11-22,Newcastle United,Manchester City,True,0,
2025-26,28897,2025-11-22,Wolverhampton Wanderers,Crystal Palace,True,0,
2025-26,28889,2025-11-23,Arsenal,Tottenham,True,0,
2025-26,28893,2025-11-23,Leeds,Aston Villa,True,0,
2025-26,28895,2025-11-24,Manchester United,Everton,True,0,
2025-26,28899,2025-11-29,Brentford,Burnley,True,2,
2025-26,28902,2025-11-29,Everton,Newcastle United,True,0,
2025-26,28903,2025-11-29,Manchester City,Leeds,True,1,
2025-26,28905,2025-11-29,Sunderland,Bournemouth,True,1,
2025-26,28906,2025-11-29,Tottenham,Fulham,True,0,
2025-26,28898,2025-11-30,Aston Villa,Wolverhampton Wanderers,True,0,
2025-26,28900,2025-11-30,Chelsea,Arsenal,True,0,
2025-26,28901,2025-11-30,Crystal Palace,Manchester United,True,1,
2025-26,28904,2025-11-30,Nottingham Forest,Brighton,True,0,
2025-26,28907,2025-11-30,West Ham,Liverpool,True,0,
2025-26,28908,2025-12-02,Bournemouth,Everton,True,0,
2025-26,28912,2025-12-02,Fulham,Manchester City,True,0,
2025-26,28916,2025-12-02,Newcastle United,Tottenham,True,1,
2025-26,28909,2025-12-03,Arsenal,Brentford,True,0,
2025-26,28910,2025-12-03,Brighton,Aston Villa,True,0,
2025-26,28911,2025-12-03,Burnley,Crystal Palace,True,0,
2025-26,28913,2025-12-03,Leeds,Chelsea,True,0,
2025-26,28914,2025-12-03,Liverpool,Sunderland,True,0,
2025-26,28917,2025-12-03,Wolverhampton Wanderers,Nottingham Forest,True,0,
2025-26,28915,2025-12-04,Manchester United,West Ham,True,0,
2025-26,28918,2025-12-06,Bournemouth,Chelsea,True,0,
2025-26,28919,2025-12-06,Aston Villa,Arsenal,True,0,
2025-26,28921,2025-12-06,Everton,Nottingham Forest,True,0,
2025-26,28923,2025-12-06,Leeds,Liverpool,True,1,
2025-26,28924,2025-12-06,Manchester City,Sunderland,True,0,
2025-26,28925,2025-12-06,Newcastle United,Burnley,True,2,
2025-26,28926,2025-12-06,Tottenham,Brentford,True,0,
2025-26,28920,2025-12-07,Brighton,West Ham,True,0,
2025-26,28922,2025-12-07,Fulham,Crystal Palace,True,0,
2025-26,28927,2025-12-08,Wolverhampton Wanderers,Manchester United,True,1,
2025-26,28928,2025-12-13,Arsenal,Wolverhampton Wanderers,True,0,
2025-26,28930,2025-12-13,Burnley,Fulham,True,0,
2025-26,28931,2025-12-13,Chelsea,Everton,True,0,
2025-26,28933,2025-12-13,Liverpool,Brighton,True,0,
2025-26,28929,2025-12-14,Brentford,Leeds,True,0,
2025-26,28932,2025-12-14,Crystal Palace,Manchester City,True,1,
2025-26,28935,2025-12-14,Nottingham Forest,Tottenham,True,0,
2025-26,28936,2025-12-14,Sunderland,Newcastle United,True,0,
2025-26,28937,2025-12-14,West Ham,Aston Villa,True,0,
2025-26,28934,2025-12-15,Manchester United,Bournemouth,True,0,
2025-26,28938,2025-12-20,Bournemouth,Burnley,True,0,
2025-26,28940,2025-12-20,Brighton,Sunderland,True,0,
2025-26,28941,2025-12-20,Everton,Arsenal,True,1,
2025-26,28943,2025-12-20,Leeds,Crystal Palace,True,1,
2025-26,28944,2025-12-20,Manchester City,West Ham,True,0,
2025-26,28945,2025-12-20,Newcastle United,Chelsea,True,0,
2025-26,28946,2025-12-20,Tottenham,Liverpool,True,0,
2025-26,28947,2025-12-20,Wolverhampton Wanderers,Brentford,True,1,
2025-26,28939,2025-12-21,Aston Villa,Manchester United,True,0,
2025-26,28942,2025-12-22,Fulham,Nottingham Forest,True,1,
2025-26,28954,2025-12-26,Manchester United,Newcastle United,True,0,
2025-26,28948,2025-12-27,Arsenal,Brighton,True,0,
2025-26,28949,2025-12-27,Brentford,Bournemouth,True,0,
2025-26,28950,2025-12-27,Burnley,Everton,True,0,
2025-26,28951,2025-12-27,Chelsea,Aston Villa,True,0,
2025-26,28953,2025-12-27,Liverpool,Wolverhampton Wanderers,True,0,
2025-26,28955,2025-12-27,Nottingham Forest,Manchester City,True,0,
2025-26,28957,2025-12-27,West Ham,Fulham,True,0,
2025-26,28952,2025-12-28,Crystal Palace,Tottenham,True,0,
2025-26,28956,2025-12-28,Sunderland,Leeds,True,0,
2025-26,28958,2025-12-30,Arsenal,Aston Villa,True,0,
2025-26,28960,2025-12-30,Burnley,Newcastle United,True,0,
2025-26,28961,2025-12-30,Chelsea,Bournemouth,True,1,
2025-26,28964,2025-12-30,Manchester United,Wolverhampton Wanderers,True,0,
2025-26,28965,2025-12-30,Nottingham Forest,Everton,True,0,
2025-26,28967,2025-12-30,West Ham,Brighton,True,3,
2025-26,28959,2026-01-01,Brentford,Tottenham,True,0,
2025-26,28962,2026-01-01,Crystal Palace,Fulham,True,0,
2025-26,28963,2026-01-01,Liverpool,Leeds,True,0,
2025-26,28966,2026-01-01,Sunderland,Manchester City,True,0,
2025-26,28970,2026-01-03,Wolverhampton Wanderers,West Ham,True,1,
2025-26,28971,2026-01-03,Bournemouth,Arsenal,True,0,
2025-26,28972,2026-01-03,Aston Villa,Nottingham Forest,True,0,
2025-26,28973,2026-01-03,Brighton,Burnley,True,0,
2025-26,28968,2026-01-04,Newcastle United,Crystal Palace,True,0,
2025-26,28969,2026-01-04,Tottenham,Sunderland,True,0,
2025-26,28974,2026-01-04,Everton,Brentford,True,0,
2025-26,28975,2026-01-04,Fulham,Liverpool,True,0,
2025-26,28976,2026-01-04,Leeds,Manchester United,True,0,
2025-26,28977,2026-01-04,Manchester City,Chelsea,True,0,
2025-26,28987,2026-01-06,West Ham,Nottingham Forest,True,1,
2025-26,28978,2026-01-07,Everton,Wolverhampton Wanderers,True,0,
2025-26,28979,2026-01-07,Bournemouth,Tottenham,True,0,
2025-26,28981,2026-01-07,Brentford,Sunderland,True,1,
2025-26,28982,2026-01-07,Burnley,Manchester United,True,0,
2025-26,28983,2026-01-07,Crystal Palace,Aston Villa,True,0,
2025-26,28984,2026-01-07,Fulham,Chelsea,True,0,
2025-26,28985,2026-01-07,Manchester City,Brighton,True,1,
2025-26,28986,2026-01-07,Newcastle United,Leeds,True,2,
2025-26,28980,2026-01-08,Arsenal,Liverpool,True,0,
2025-26,28990,2026-01-17,Chelsea,Brentford,True,1,
2025-26,28991,2026-01-17,Leeds,Fulham,True,0,
2025-26,28992,2026-01-17,Liverpool,Burnley,True,1,
2025-26,28993,2026-01-17,Manchester United,Manchester City,True,0,
2025-26,28994,2026-01-17,Nottingham Forest,Arsenal,True,0,
2025-26,28995,2026-01-17,Sunderland,Crystal Palace,True,0,
2025-26,28996,2026-01-17,Tottenham,West Ham,True,0,
2025-26,28988,2026-01-18,Aston Villa,Everton,True,0,
2025-26,28997,2026-01-18,Wolverhampton Wanderers,Newcastle United,True,0,
2025-26,28989,2026-01-19,Brighton,Bournemouth,True,1,
2025-26,28998,2026-01-24,Bournemouth,Liverpool,True,0,
2025-26,29001,2026-01-24,Burnley,Tottenham,True,0,
2025-26,29004,2026-01-24,Fulham,Brighton,True,0,
2025-26,29005,2026-01-24,Manchester City,Wolverhampton Wanderers,True,0,
2025-26,29007,2026-01-24,West Ham,Sunderland,True,1,
2025-26,28999,2026-01-25,Arsenal,Manchester United,True,0,
2025-26,29000,2026-01-25,Brentford,Nottingham Forest,True,0,
2025-26,29002,2026-01-25,Crystal Palace,Chelsea,True,1,
2025-26,29006,2026-01-25,Newcastle United,Aston Villa,True,0,
2025-26,29003,2026-01-26,Everton,Leeds,True,0,
2025-26,29009,2026-01-31,Chelsea,West Ham,True,0,
2025-26,29010,2026-01-31,Brighton,Everton,True,0,
2025-26,29014,2026-01-31,Liverpool,Newcastle United,True,0,
2025-26,29015,2026-01-31,Leeds,Arsenal,True,0,
2025-26,29017,2026-01-31,Wolverhampton Wanderers,Bournemouth,True,0,
2025-26,29008,2026-02-01,Aston Villa,Brentford,True,0,
2025-26,29012,2026-02-01,Manchester United,Fulham,True,1,
2025-26,29013,2026-02-01,Nottingham Forest,Crystal Palace,True,1,
2025-26,29016,2026-02-01,Tottenham,Manchester City,True,0,
2025-26,29011,2026-02-02,Sunderland,Burnley,True,0,
2025-26,29023,2026-02-06,Leeds,Nottingham Forest,True,0,
2025-26,29018,2026-02-07,Bournemouth,Aston Villa,True,0,
2025-26,29019,2026-02-07,Arsenal,Sunderland,True,0,
2025-26,29021,2026-02-07,Burnley,West Ham,True,0,
2025-26,29022,2026-02-07,Fulham,Everton,True,0,
2025-26,29025,2026-02-07,Manchester United,Tottenham,True,0,
2025-26,29026,2026-02-07,Newcastle United,Brentford,True,2,
2025-26,29027,2026-02-07,Wolverhampton Wanderers,Chelsea,True,2,
2025-26,29020,2026-02-08,Brighton,Crystal Palace,True,0,
2025-26,29024,2026-02-08,Liverpool,Manchester City,True,1,
2025-26,29030,2026-02-10,Chelsea,Leeds,True,2,
2025-26,29032,2026-02-10,Everton,Bournemouth,True,1,
2025-26,29036,2026-02-10,Tottenham,Newcastle United,True,0,
2025-26,29037,2026-02-10,West Ham,Manchester United,True,0,
2025-26,29028,2026-02-11,Aston Villa,Brighton,True,0,
2025-26,29031,2026-02-11,Crystal Palace,Burnley,True,0,
2025-26,29033,2026-02-11,Manchester City,Fulham,True,0,
2025-26,29034,2026-02-11,Nottingham Forest,Wolverhampton Wanderers,True,0,
2025-26,29035,2026-02-11,Sunderland,Liverpool,True,0,
2025-26,29029,2026-02-12,Brentford,Arsenal,True,0,
2025-26,29087,2026-02-18,Wolverhampton Wanderers,Arsenal,True,0,
2025-26,29038,2026-02-21,Aston Villa,Leeds,True,0,
2025-26,29039,2026-02-21,Brentford,Brighton,True,0,
2025-26,29040,2026-02-21,Chelsea,Burnley,True,0,
2025-26,29043,2026-02-21,Manchester City,Newcastle United,True,0,
2025-26,29047,2026-02-21,West Ham,Bournemouth,True,0,
2025-26,29041,2026-02-22,Crystal Palace,Wolverhampton Wanderers,True,1,
2025-26,29044,2026-02-22,Nottingham Forest,Liverpool,True,0,
2025-26,29045,2026-02-22,Sunderland,Fulham,True,2,
2025-26,29046,2026-02-22,Tottenham,Arsenal,True,0,
2025-26,29042,2026-02-23,Everton,Manchester United,True,0,
2025-26,29057,2026-02-27,Wolverhampton Wanderers,Aston Villa,True,0,
2025-26,29048,2026-02-28,Bournemouth,Sunderland,True,0,
2025-26,29051,2026-02-28,Burnley,Brentford,True,0,
2025-26,29053,2026-02-28,Leeds,Manchester City,True,0,
2025-26,29054,2026-02-28,Liverpool,West Ham,True,0,
2025-26,29056,2026-02-28,Newcastle United,Everton,True,0,
2025-26,29049,2026-03-01,Arsenal,Chelsea,True,0,
2025-26,29050,2026-03-01,Brighton,Nottingham Forest,True,0,
2025-26,29052,2026-03-01,Fulham,Tottenham,True,0,
2025-26,29055,2026-03-01,Manchester United,Crystal Palace,True,1,
2025-26,29058,2026-03-03,Bournemouth,Brentford,True,0,
2025-26,29061,2026-03-03,Everton,Burnley,True,0,
2025-26,29063,2026-03-03,Leeds,Sunderland,True,1,
2025-26,29067,2026-03-03,Wolverhampton Wanderers,Liverpool,True,0,
2025-26,29059,2026-03-04,Aston Villa,Chelsea,True,0,
2025-26,29060,2026-03-04,Brighton,Arsenal,True,0,
2025-26,29062,2026-03-04,Fulham,West Ham,True,0,
2025-26,29064,2026-03-04,Manchester City,Nottingham Forest,True,0,
2025-26,29065,2026-03-04,Newcastle United,Manchester United,True,1,
2025-26,29066,2026-03-05,Tottenham,Crystal Palace,True,1,
2025-26,29068,2026-03-14,Arsenal,Everton,True,0,
2025-26,29070,2026-03-14,Burnley,Bournemouth,True,0,
2025-26,29071,2026-03-14,Chelsea,Newcastle United,True,0,
2025-26,29076,2026-03-14,Sunderland,Brighton,True,0,
2025-26,29077,2026-03-14,West Ham,Manchester City,True,0,
2025-26,29072,2026-03-15,Crystal Palace,Leeds,True,1,
2025-26,29073,2026-03-15,Liverpool,Tottenham,True,0,
2025-26,29074,2026-03-15,Manchester United,Aston Villa,True,0,
2025-26,29075,2026-03-15,Nottingham Forest,Fulham,True,0,
2025-26,29069,2026-03-16,Brentford,Wolverhampton Wanderers,True,0,
2025-26,29078,2026-03-20,Bournemouth,Manchester United,True,2,
2025-26,29080,2026-03-21,Brighton,Liverpool,True,0,
2025-26,29081,2026-03-21,Everton,Chelsea,True,0,
2025-26,29082,2026-03-21,Fulham,Burnley,True,1,
2025-26,29083,2026-03-21,Leeds,Brentford,True,0,
2025-26,29079,2026-03-22,Aston Villa,West Ham,True,0,
2025-26,29085,2026-03-22,Newcastle United,Sunderland,True,0,
2025-26,29086,2026-03-22,Tottenham,Nottingham Forest,True,0,
2025-26,29091,2026-04-10,West Ham,Wolverhampton Wanderers,True,0,
2025-26,29092,2026-04-11,Arsenal,Bournemouth,True,1,
2025-26,29093,2026-04-11,Brentford,Everton,True,1,
2025-26,29094,2026-04-11,Burnley,Brighton,True,0,
2025-26,29097,2026-04-11,Liverpool,Fulham,True,0,
2025-26,29089,2026-04-12,Nottingham Forest,Aston Villa,True,0,
2025-26,29090,2026-04-12,Sunderland,Tottenham,True,0,
2025-26,29095,2026-04-12,Chelsea,Manchester City,True,0,
2025-26,29096,2026-04-12,Crystal Palace,Newcastle United,True,1,
2025-26,29088,2026-04-13,Manchester United,Leeds,True,0,
2025-26,29099,2026-04-18,Brentford,Fulham,True,0,
2025-26,29100,2026-04-18,Chelsea,Manchester United,True,0,
2025-26,29103,2026-04-18,Leeds,Wolverhampton Wanderers,True,1,
2025-26,29105,2026-04-18,Newcastle United,Bournemouth,True,0,
2025-26,29107,2026-04-18,Tottenham,Brighton,True,0,
2025-26,29098,2026-04-19,Aston Villa,Sunderland,True,0,
2025-26,29102,2026-04-19,Everton,Liverpool,True,0,
2025-26,29104,2026-04-19,Manchester City,Arsenal,True,0,
2025-26,29106,2026-04-19,Nottingham Forest,Burnley,True,0,
2025-26,29101,2026-04-20,Crystal Palace,West Ham,True,0,
2025-26,29110,2026-04-21,Brighton,Chelsea,True,0,
2025-26,29108,2026-04-22,Bournemouth,Leeds,True,0,
2025-26,29111,2026-04-22,Burnley,Manchester City,True,0,
2025-26,29115,2026-04-24,Sunderland,Nottingham Forest,True,0,
2025-26,29109,2026-04-25,Arsenal,Newcastle United,True,0,
2025-26,29112,2026-04-25,Fulham,Aston Villa,True,0,
2025-26,29113,2026-04-25,Liverpool,Crystal Palace,True,0,
2025-26,29116,2026-04-25,West Ham,Everton,True,0,
2025-26,29117,2026-04-25,Wolverhampton Wanderers,Tottenham,True,0,
2025-26,29114,2026-04-27,Manchester United,Brentford,True,0,
2025-26,29124,2026-05-01,Leeds,Burnley,True,0,
2025-26,29119,2026-05-02,Arsenal,Fulham,True,0,
2025-26,29121,2026-05-02,Brentford,West Ham,True,1,
2025-26,29126,2026-05-02,Newcastle United,Brighton,True,0,
2025-26,29127,2026-05-02,Wolverhampton Wanderers,Sunderland,True,0,
2025-26,29118,2026-05-03,Bournemouth,Crystal Palace,True,1,
2025-26,29120,2026-05-03,Aston Villa,Tottenham,True,0,
2025-26,29125,2026-05-03,Manchester United,Liverpool,True,0,
2025-26,29122,2026-05-04,Chelsea,Nottingham Forest,True,2,
2025-26,29123,2026-05-04,Everton,Manchester City,True,0,
2025-26,29128,2026-05-09,Brighton,Wolverhampton Wanderers,True,0,
2025-26,29131,2026-05-09,Fulham,Bournemouth,True,0,
2025-26,29132,2026-05-09,Liverpool,Chelsea,True,0,
2025-26,29133,2026-05-09,Manchester City,Brentford,True,0,
2025-26,29135,2026-05-09,Sunderland,Manchester United,True,0,
2025-26,29129,2026-05-10,Burnley,Aston Villa,True,0,
2025-26,29130,2026-05-10,Crystal Palace,Everton,True,0,
2025-26,29134,2026-05-10,Nottingham Forest,Newcastle United,True,0,
2025-26,29137,2026-05-10,West Ham,Arsenal,True,0,
2025-26,29136,2026-05-11,Tottenham,Leeds,True,1,
2025-26,29084,2026-05-13,Manchester City,Crystal Palace,True,0,
2025-26,29140,2026-05-15,Aston Villa,Liverpool,True,0,
2025-26,29141,2026-05-17,Brentford,Crystal Palace,True,1,
2025-26,29143,2026-05-17,Everton,Sunderland,True,0,
2025-26,29144,2026-05-17,Leeds,Brighton,True,0,
2025-26,29145,2026-05-17,Manchester United,Nottingham Forest,True,0,
2025-26,29146,2026-05-17,Newcastle United,West Ham,True,0,
2025-26,29147,2026-05-17,Wolverhampton Wanderers,Fulham,True,1,
2025-26,29139,2026-05-18,Arsenal,Burnley,True,0,
2025-26,29138,2026-05-19,Bournemouth,Manchester City,True,0,
2025-26,29142,2026-05-19,Chelsea,Tottenham,True,0,
2025-26,29148,2026-05-24,Brighton,Manchester United,True,0,
2025-26,29149,2026-05-24,Burnley,Wolverhampton Wanderers,True,1,
2025-26,29150,2026-05-24,Crystal Palace,Arsenal,True,0,
2025-26,29151,2026-05-24,Fulham,Newcastle United,True,0,
2025-26,29152,2026-05-24,Liverpool,Brentford,True,0,
2025-26,29153,2026-05-24,Manchester City,Aston Villa,True,0,
2025-26,29154,2026-05-24,Nottingham Forest,Bournemouth,True,0,
2025-26,29155,2026-05-24,Sunderland,Chelsea,True,0,
2025-26,29156,2026-05-24,Tottenham,Everton,True,0,
2025-26,29157,2026-05-24,West Ham,Leeds,True,0,
