season,match_id,date,team,opponent,player,player_id,minute,result,xg,shot_id,element
2022-23,18203,2022-08-06,Fulham,Liverpool,Aleksandar Mitrovic,773,71,Goal,0.7611690163612366,479075,210
2022-23,18208,2022-08-06,Chelsea,Everton,Jorginho,1389,53,Goal,0.7611690163612366,479446,130
2022-23,18211,2022-08-07,Manchester City,West Ham,Erling Haaland,8260,35,Goal,0.7611690163612366,479847,318
2022-23,18216,2022-08-13,Fulham,Wolverhampton Wanderers,Aleksandar Mitrovic,773,80,SavedShot,0.7611690163612366,480368,210
2022-23,18219,2022-08-14,West Ham,Nottingham Forest,Declan Rice,5553,64,SavedShot,0.7611690163612366,480892,467
2022-23,18223,2022-08-20,Crystal Palace,Aston Villa,Wilfried Zaha,522,57,SavedShot,0.7611690163612366,481886,160
2022-23,18229,2022-08-21,Brighton,West Ham,Alexis Mac Allister,8379,21,Goal,0.7611690163612366,482288,116
2022-23,18241,2022-08-28,Tottenham,Nottingham Forest,Harry Kane,647,55,SavedShot,0.7611690163612366,484484,427
2022-23,18242,2022-08-30,Brighton,Fulham,Alexis Mac Allister,8379,59,Goal,0.7611690163612366,484834,116
2022-23,18254,2022-09-03,Nottingham Forest,Bournemouth,Brennan Johnson,10760,46,Goal,0.7611690163612366,485869,394
2022-23,18257,2022-09-03,Brentford,Leeds,Ivan Toney,998,29,Goal,0.7611690163612366,485937,80
2022-23,18259,2022-09-04,Brighton,Leicester,Alexis Mac Allister,8379,70,Goal,0.7611690163612366,486522,116
2022-23,18275,2022-09-17,Newcastle United,Bournemouth,Alexander Isak,5232,66,Goal,0.7611690163612366,488770,594
2022-23,18278,2022-09-17,Leicester,Tottenham,Youri Tielemans,5956,5,Goal,0.7611690163612366,488925,259
2022-23,18282,2022-10-01,Tottenham,Arsenal,Harry Kane,647,30,Goal,0.7611690163612366,489837,427
2022-23,18289,2022-10-02,Manchester United,Manchester City,Anthony Martial,553,90,Goal,0.7611690163612366,490663,345
2022-23,18292,2022-10-09,Arsenal,Liverpool,Bukayo Saka,7322,75,Goal,0.7611690163612366,492377,13
2022-23,18299,2022-10-08,Brentford,Newcastle United,Ivan Toney,998,53,Goal,0.7611690163612366,491579,80
2022-23,18301,2022-10-09,West Ham,Fulham,Jarrod Bowen,1776,28,Goal,0.7611690163612366,492104,465
2022-23,18303,2022-10-14,Brentford,Brighton,Ivan Toney,998,63,Goal,0.7611690163612366,492743,80
2022-23,18304,2022-10-15,Fulham,Bournemouth,Aleksandar Mitrovic,773,51,Goal,0.7611690163612366,493107,210
2022-23,18305,2022-10-16,Leeds,Arsenal,Patrick Bamford,822,63,MissedShots,0.7611690163612366,493743,227
2022-23,18310,2022-10-15,Tottenham,Everton,Harry Kane,647,58,Goal,0.7611690163612366,493281,427
2022-23,18311,2022-10-15,Wolverhampton Wanderers,Nottingham Forest,Rúben Neves,6853,55,Goal,0.7611690163612366,493083,480
2022-23,18311,2022-10-15,Nottingham Forest,Wolverhampton Wanderers,Brennan Johnson,10760,78,SavedShot,0.7611690163612366,493087,394
2022-23,18312,2023-02-15,Arsenal,Manchester City,Bukayo Saka,7322,41,Goal,0.7611690163612366,509280,13
2022-23,18316,2022-10-20,Fulham,Aston Villa,Aleksandar Mitrovic,773,67,Goal,0.7611690163612366,494611,210
2022-23,18320,2022-10-19,West Ham,Liverpool,Jarrod Bowen,1776,44,SavedShot,0.7611690163612366,494420,465
2022-23,18322,2022-10-23,Aston Villa,Brentford,Danny Ings,986,13,Goal,0.7611690163612366,495471,30
2022-23,18323,2022-10-22,Chelsea,Manchester United,Jorginho,1389,86,Goal,0.7611690163612366,495182,130
2022-23,18326,2022-10-22,Manchester City,Brighton,Erling Haaland,8260,42,Goal,0.7611690163612366,495022,318
2022-23,18330,2022-10-24,West Ham,Bournemouth,Said Benrahma,3585,91,Goal,0.7611690163612366,496073,464
2022-23,18341,2022-10-29,Newcastle United,Aston Villa,Callum Wilson,468,50,Goal,0.7611690163612366,496549,356
2022-23,18345,2022-11-05,Leeds,Bournemouth,Rodrigo,2381,2,Goal,0.7611690163612366,498027,225
2022-23,18346,2022-11-05,Manchester City,Fulham,Erling Haaland,8260,94,Goal,0.7611690163612366,498072,318
2022-23,18346,2022-11-05,Fulham,Manchester City,Andreas Pereira,922,27,Goal,0.7611690163612366,498059,346
2022-23,18347,2022-11-05,Brentford,Nottingham Forest,Bryan Mbeumo,6552,47,Goal,0.7611690163612366,498082,95
2022-23,18351,2022-11-05,Wolverhampton Wanderers,Brighton,Rúben Neves,6853,34,Goal,0.7611690163612366,498102,480
2022-23,18353,2022-11-13,Aston Villa,Brighton,Danny Ings,986,19,Goal,0.7611690163612366,500539,30
2022-23,18358,2022-11-12,Crystal Palace,Nottingham Forest,Wilfried Zaha,522,40,ShotOnPost,0.7611690163612366,500152,160
2022-23,18360,2022-11-12,Leicester,West Ham,Youri Tielemans,5956,41,SavedShot,0.7611690163612366,500106,259
2022-23,18362,2022-12-26,West Ham,Arsenal,Said Benrahma,3585,26,Goal,0.7611690163612366,501055,464
2022-23,18369,2022-12-26,Newcastle United,Leicester,Chris Wood,4456,2,Goal,0.7611690163612366,500957,354
2022-23,18371,2022-12-26,Southampton,Brighton,James Ward-Prowse,843,72,SavedShot,0.7611690163612366,500954,407
2022-23,18374,2022-12-31,Fulham,Southampton,Aleksandar Mitrovic,773,95,SavedShot,0.7611690163612366,501721,210
2022-23,18387,2023-01-03,Everton,Brighton,Demarai Gray,762,91,Goal,0.7611690163612366,502221,189
2022-23,18388,2023-01-04,West Ham,Leeds,Lucas Paquetá,7365,44,Goal,0.7611690163612366,502493,603
2022-23,18393,2023-01-14,Brentford,Bournemouth,Ivan Toney,998,38,Goal,0.7611690163612366,503725,80
2022-23,18398,2023-01-15,Fulham,Newcastle United,Aleksandar Mitrovic,773,68,MissedShots,0.7611690163612366,503966,210
2022-23,18409,2023-01-22,Manchester City,Wolverhampton Wanderers,Erling Haaland,8260,49,Goal,0.7611690163612366,504951,318
2022-23,18417,2023-02-04,Manchester United,Crystal Palace,Bruno Fernandes,1228,6,Goal,0.7611690163612366,507126,333
2022-23,18429,2023-02-12,Manchester City,Aston Villa,Riyad Mahrez,750,45,Goal,0.7611690163612366,509037,303
2022-23,18444,2023-02-25,Aston Villa,Everton,Ollie Watkins,8865,62,Goal,0.7611690163612366,510827,40
2022-23,18454,2023-03-06,Brentford,Fulham,Ivan Toney,998,52,Goal,0.7611690163612366,513091,80
2022-23,18455,2023-03-04,Brighton,West Ham,Alexis Mac Allister,8379,17,Goal,0.7611690163612366,512179,116
2022-23,18459,2023-03-05,Everton,Nottingham Forest,Demarai Gray,762,9,Goal,0.7611690163612366,512620,189
2022-23,18460,2023-03-04,Southampton,Leicester,James Ward-Prowse,843,31,SavedShot,0.7611690163612366,512337,407
2022-23,18462,2023-03-11,Liverpool,Bournemouth,Mohamed Salah,1250,68,MissedShots,0.7611690163612366,513249,283
2022-23,18463,2023-03-11,Manchester City,Crystal Palace,Erling Haaland,8260,77,Goal,0.7611690163612366,513680,318
2022-23,18470,2023-03-11,Tottenham,Nottingham Forest,Harry Kane,647,34,Goal,0.7611690163612366,513497,427
2022-23,18470,2023-03-11,Nottingham Forest,Tottenham,André Ayew,713,95,SavedShot,0.7611690163612366,513514,734
2022-23,18471,2023-03-12,West Ham,Aston Villa,Said Benrahma,3585,25,Goal,0.7611690163612366,514031,464
2022-23,18475,2023-05-04,Brighton,Manchester United,Alexis Mac Allister,8379,98,Goal,0.7611688375473022,524325,116
2022-23,18476,2023-03-18,Chelsea,Everton,Kai Havertz,5220,75,Goal,0.7611690163612366,515209,145
2022-23,18477,2023-05-03,Liverpool,Fulham,Mohamed Salah,1250,38,Goal,0.7611688375473022,523994,283
2022-23,18479,2023-03-17,Newcastle United,Nottingham Forest,Alexander Isak,5232,92,Goal,0.7611690163612366,514684,594
2022-23,18480,2023-03-18,Southampton,Tottenham,James Ward-Prowse,843,92,Goal,0.7611690163612366,515026,407
2022-23,18482,2023-04-01,Arsenal,Leeds,Gabriel Jesus,5543,34,Goal,0.7611690163612366,516417,28
2022-23,18484,2023-04-01,Brighton,Brentford,Alexis Mac Allister,8379,89,Goal,0.7611690163612366,516410,116
2022-23,18487,2023-04-03,Tottenham,Everton,Harry Kane,647,67,Goal,0.7611690163612366,517374,427
2022-23,18493,2023-04-08,Brentford,Newcastle United,Ivan Toney,998,28,SavedShot,0.7611690163612366,517981,80
2022-23,18493,2023-04-08,Brentford,Newcastle United,Ivan Toney,998,45,Goal,0.7611690163612366,517982,80
2022-23,18497,2023-04-09,Liverpool,Arsenal,Mohamed Salah,1250,53,MissedShots,0.7611690163612366,518768,283
2022-23,18499,2023-04-08,Manchester City,Southampton,Julián Álvarez,10846,74,Goal,0.7611690163612366,518235,319
2022-23,18506,2023-04-15,Manchester City,Leicester,Erling Haaland,8260,12,Goal,0.7611690163612366,519649,318
2022-23,18510,2023-04-16,West Ham,Arsenal,Said Benrahma,3585,32,Goal,0.7611690163612366,520070,464
2022-23,18510,2023-04-16,Arsenal,West Ham,Bukayo Saka,7322,51,MissedShots,0.7611690163612366,520078,13
2022-23,18518,2023-04-22,Leicester,Wolverhampton Wanderers,Kelechi Iheanacho,620,36,Goal,0.7611688375473022,520901,262
2022-23,18520,2023-05-25,Manchester United,Chelsea,Bruno Fernandes,1228,72,Goal,0.7611688375473022,528739,333
2022-23,18524,2023-04-26,Nottingham Forest,Brighton,Brennan Johnson,10760,10,SavedShot,0.7611688375473022,522089,394
2022-23,18524,2023-04-26,Nottingham Forest,Brighton,Morgan Gibbs-White,6857,90,Goal,0.7611688375473022,522111,493
2022-23,18527,2023-04-25,Wolverhampton Wanderers,Crystal Palace,Rúben Neves,6853,93,Goal,0.7611688375473022,521948,480
2022-23,18536,2023-04-29,Crystal Palace,West Ham,Eberechi Eze,8706,65,Goal,0.7611688375473022,522585,169
2022-23,18537,2023-04-30,Manchester City,Fulham,Erling Haaland,8260,2,Goal,0.7611688375473022,523289,318
2022-23,18538,2023-05-01,Leicester,Everton,James Maddison,6818,53,SavedShot,0.7611688375473022,523713,261
2022-23,18538,2023-05-01,Everton,Leicester,Dominic Calvert-Lewin,5555,14,Goal,0.7611688375473022,523700,191
2022-23,18539,2023-04-30,Liverpool,Tottenham,Mohamed Salah,1250,14,Goal,0.7611688375473022,523434,283
2022-23,18544,2023-05-08,Leicester,Fulham,Jamie Vardy,755,65,SavedShot,0.7611688375473022,525374,255
2022-23,18544,2023-05-08,Leicester,Fulham,James Maddison,6818,80,Goal,0.7611688375473022,525379,261
2022-23,18546,2023-05-06,Manchester City,Leeds,Ilkay Gündogan,314,83,ShotOnPost,0.7611688375473022,524663,300
2022-23,18548,2023-05-08,Nottingham Forest,Southampton,Morgan Gibbs-White,6857,43,Goal,0.7611688375473022,525525,493
2022-23,18548,2023-05-08,Southampton,Nottingham Forest,James Ward-Prowse,843,95,Goal,0.7611688375473022,525538,407
2022-23,18553,2023-05-13,Tottenham,Aston Villa,Harry Kane,647,89,Goal,0.7611688375473022,525967,427
2022-23,18558,2023-05-13,Leeds,Newcastle United,Patrick Bamford,822,27,SavedShot,0.7611688375473022,525731,227
2022-23,18558,2023-05-13,Newcastle United,Leeds,Callum Wilson,468,30,Goal,0.7611688375473022,525732,356
2022-23,18558,2023-05-13,Newcastle United,Leeds,Callum Wilson,468,68,Goal,0.7611688375473022,525744,356
2022-23,18564,2023-05-20,Fulham,Crystal Palace,Aleksandar Mitrovic,773,49,Goal,0.7611688375473022,527453,210
2022-23,18565,2023-05-20,Aston Villa,Liverpool,Ollie Watkins,8865,21,MissedShots,0.7611688375473022,527470,40
2022-23,18580,2023-05-28,Fulham,Manchester United,Aleksandar Mitrovic,773,25,SavedShot,0.7611688375473022,529863,210
2023-24,21927,2023-09-02,Manchester City,Fulham,Erling Haaland,8260,69,Goal,0.7611688375473022,536298,355
2023-24,21938,2023-09-16,Aston Villa,Crystal Palace,Douglas Luiz,6122,97,Goal,0.7611688375473022,537729,43
2023-24,21943,2023-09-16,Newcastle United,Brentford,Callum Wilson,468,63,Goal,0.7611688375473022,537848,433
2023-24,21945,2023-09-23,Luton,Wolverhampton Wanderers,Carlton Morris,11717,64,Goal,0.7611688375473022,539125,326
2023-24,21952,2023-09-24,Arsenal,Tottenham,Bukayo Saka,7322,53,Goal,0.7611688375473022,539649,19
2023-24,21953,2023-09-24,Liverpool,West Ham,Mohamed Salah,1250,15,Goal,0.7611688375473022,539663,308
2023-24,21958,2023-09-30,Newcastle United,Burnley,Alexander Isak,5232,75,Goal,0.7611688375473022,541217,415
2023-24,21959,2023-09-30,Arsenal,Bournemouth,Martin Odegaard,2517,43,Goal,0.7611688375473022,541231,14
2023-24,21959,2023-09-30,Arsenal,Bournemouth,Kai Havertz,5220,52,Goal,0.7611688375473022,541237,6
2023-24,21966,2023-10-08,Liverpool,Brighton,Mohamed Salah,1250,45,Goal,0.7611688375473022,543052,308
2023-24,21967,2023-10-07,Chelsea,Burnley,Cole Palmer,8497,49,Goal,0.7611688375473022,542626,362
2023-24,21976,2023-10-22,Aston Villa,West Ham,Douglas Luiz,6122,50,Goal,0.7611688375473022,544772,43
2023-24,21978,2023-10-21,Chelsea,Arsenal,Cole Palmer,8497,14,Goal,0.7611688375473022,544206,362
2023-24,21979,2023-10-21,Liverpool,Everton,Mohamed Salah,1250,74,Goal,0.7610946297645569,543737,308
2023-24,21983,2023-10-21,Sheffield United,Manchester United,Oliver McBurnie,1736,33,Goal,0.7611688375473022,544342,485
2023-24,21986,2023-10-28,Arsenal,Sheffield United,Fábio Vieira,11007,87,Goal,0.7611688375473022,545504,4
2023-24,21992,2023-10-29,Manchester City,Manchester United,Erling Haaland,8260,25,Goal,0.7611688375473022,546196,355
2023-24,21994,2023-10-28,Newcastle United,Wolverhampton Wanderers,Callum Wilson,468,48,Goal,0.7611688375473022,545671,433
2023-24,22003,2023-11-04,Sheffield United,Wolverhampton Wanderers,Oliver Norwood,7710,99,Goal,0.7611320614814758,546828,488
2023-24,22004,2023-11-06,Chelsea,Tottenham,Cole Palmer,8497,34,Goal,0.7611688375473022,547910,362
2023-24,22009,2023-11-12,Chelsea,Manchester City,Cole Palmer,8497,94,Goal,0.7611688375473022,549109,362
2023-24,22009,2023-11-12,Manchester City,Chelsea,Erling Haaland,8260,24,Goal,0.7611688375473022,549084,355
2023-24,22010,2023-11-11,Crystal Palace,Everton,Eberechi Eze,8706,4,Goal,0.7611688375473022,548392,226
2023-24,22016,2023-11-25,Burnley,West Ham,Jay Rodriguez,844,48,Goal,0.7611688375473022,549697,177
2023-24,22017,2023-11-26,Manchester United,Everton,Marcus Rashford,556,55,Goal,0.7611688375473022,550496,396
2023-24,22018,2023-11-27,Fulham,Wolverhampton Wanderers,Willian,700,58,Goal,0.7611688375473022,550745,591
2023-24,22018,2023-11-27,Fulham,Wolverhampton Wanderers,Willian,700,93,Goal,0.7611688375473022,550754,591
2023-24,22018,2023-11-27,Wolverhampton Wanderers,Fulham,Hee-Chan Hwang,8845,74,Goal,0.7611688375473022,550749,557
2023-24,22022,2023-11-25,Nottingham Forest,Brighton,Morgan Gibbs-White,6857,75,Goal,0.7611688375473022,549779,447
2023-24,22022,2023-11-25,Brighton,Nottingham Forest,João Pedro,8272,57,Goal,0.7610946297645569,549775,135
2023-24,22029,2023-12-03,Chelsea,Brighton,Enzo Fernández,11356,64,Goal,0.7611688375473022,551658,199
2023-24,22036,2023-12-06,Brentford,Brighton,Bryan Mbeumo,6552,26,Goal,0.7611688375473022,552257,108
2023-24,22044,2023-12-06,Manchester United,Chelsea,Bruno Fernandes,1228,8,SavedShot,0.7611688375473022,552334,373
2023-24,22047,2023-12-09,Crystal Palace,Liverpool,Jean-Philippe Mateta,5735,56,Goal,0.7611688375473022,552638,232
2023-24,22053,2023-12-10,Tottenham,Newcastle United,Son Heung-Min,453,84,Goal,0.7611688375473022,553645,516
2023-24,22061,2023-12-16,Crystal Palace,Manchester City,Michael Olise,9948,94,Goal,0.7611688375473022,554301,236
2023-24,22075,2023-12-26,Bournemouth,Fulham,Dominic Solanke,1679,61,Goal,0.7611688375473022,556541,85
2023-24,22076,2023-12-28,West Ham,Arsenal,Said Benrahma,3585,95,SavedShot,0.7611688375473022,556746,525
2023-24,22078,2023-12-28,Brighton,Tottenham,João Pedro,8272,23,Goal,0.7611688375473022,556685,135
2023-24,22078,2023-12-28,Brighton,Tottenham,João Pedro,8272,74,Goal,0.7611688375473022,556701,135
2023-24,22080,2023-12-27,Chelsea,Crystal Palace,Noni Madueke,11357,88,Goal,0.7611688375473022,556619,208
2023-24,22081,2023-12-27,Manchester City,Everton,Julián Álvarez,10846,63,Goal,0.7611688375473022,556645,343
2023-24,22083,2023-12-26,Newcastle United,Nottingham Forest,Alexander Isak,5232,22,Goal,0.7611688375473022,556459,415
2023-24,22085,2023-12-30,Aston Villa,Burnley,Douglas Luiz,6122,88,Goal,0.7611688375473022,557030,43
2023-24,22088,2024-01-01,Liverpool,Newcastle United,Mohamed Salah,1250,21,SavedShot,0.7611688375473022,557218,308
2023-24,22088,2024-01-01,Liverpool,Newcastle United,Mohamed Salah,1250,85,Goal,0.7611688375473022,557246,308
2023-24,22097,2024-01-13,Chelsea,Fulham,Cole Palmer,8497,48,Goal,0.7611688375473022,557899,362
2023-24,22101,2024-01-21,Sheffield United,West Ham,Oliver McBurnie,1736,102,Goal,0.7611688375473022,559278,485
2023-24,22101,2024-01-21,West Ham,Sheffield United,James Ward-Prowse,843,78,Goal,0.7611688375473022,559272,664
2023-24,22110,2024-02-01,West Ham,Bournemouth,James Ward-Prowse,843,60,Goal,0.7611688375473022,560801,664
2023-24,22111,2024-02-01,Wolverhampton Wanderers,Manchester United,Pablo Sarabia,2199,70,Goal,0.7611688375473022,560854,570
2023-24,22113,2024-01-31,Liverpool,Chelsea,Darwin Núñez,10720,46,ShotOnPost,0.7611688375473022,560772,293
2023-24,22120,2024-02-04,Wolverhampton Wanderers,Chelsea,Matheus Cunha,7080,81,Goal,0.7611688375473022,561590,590
2023-24,22123,2024-02-03,Luton,Newcastle United,Carlton Morris,11717,58,Goal,0.7611688375473022,561262,326
2023-24,22129,2024-02-10,Luton,Sheffield United,Carlton Morris,11717,51,Goal,0.7611688375473022,562520,326
2023-24,22129,2024-02-10,Sheffield United,Luton,James McAtee,10126,35,Goal,0.7611688375473022,562515,360
2023-24,22132,2024-02-10,Brighton,Tottenham,Pascal Groß,239,16,Goal,0.7611688375473022,562561,134
2023-24,22133,2024-02-11,Arsenal,West Ham,Bukayo Saka,7322,40,Goal,0.7611688375473022,562900,19
2023-24,22136,2024-02-17,Arsenal,Burnley,Bukayo Saka,7322,40,Goal,0.7611688375473022,563834,19
2023-24,22141,2024-02-17,Newcastle United,Bournemouth,Anthony Gordon,8150,57,Goal,0.7611688375473022,563924,412
2023-24,22150,2024-02-24,Crystal Palace,Burnley,Jean-Philippe Mateta,5735,78,Goal,0.7611688375473022,565223,232
2023-24,22157,2024-03-02,Everton,West Ham,Beto,9983,44,SavedShot,0.7611688375473022,566569,691
2023-24,22165,2024-03-09,Bournemouth,Sheffield United,Dominic Solanke,1679,13,MissedShots,0.7611688375473022,568023,85
2023-24,22171,2024-03-10,Liverpool,Manchester City,Alexis Mac Allister,8379,49,Goal,0.7611688375473022,568712,304
2023-24,22172,2024-03-09,Manchester United,Everton,Bruno Fernandes,1228,11,Goal,0.7611688375473022,567756,373
2023-24,22172,2024-03-09,Manchester United,Everton,Marcus Rashford,556,35,Goal,0.7611688375473022,567767,396
2023-24,22177,2024-03-16,Burnley,Brentford,Jacob Bruun Larsen,5355,9,Goal,0.7611688375473022,569455,608
2023-24,22182,2024-04-24,Manchester United,Sheffield United,Bruno Fernandes,1228,60,Goal,0.7611688375473022,576210,373
2023-24,22188,2024-03-30,Chelsea,Burnley,Cole Palmer,8497,43,Goal,0.7611688375473022,570721,362
2023-24,22191,2024-03-30,Newcastle United,West Ham,Alexander Isak,5232,5,Goal,0.7611688375473022,570363,415
2023-24,22191,2024-03-30,Newcastle United,West Ham,Alexander Isak,5232,76,Goal,0.7611688375473022,570390,415
2023-24,22201,2024-04-04,Chelsea,Manchester United,Cole Palmer,8497,18,Goal,0.7611688375473022,572009,362
2023-24,22201,2024-04-04,Chelsea,Manchester United,Cole Palmer,8497,99,Goal,0.7611688375473022,572044,362
2023-24,22202,2024-04-02,Everton,Newcastle United,Dominic Calvert-Lewin,5555,87,Goal,0.7611688375473022,571802,246
2023-24,22206,2024-04-06,Arsenal,Brighton,Bukayo Saka,7322,32,Goal,0.7611688375473022,572554,19
2023-24,22211,2024-04-07,Liverpool,Manchester United,Mohamed Salah,1250,83,Goal,0.7611688375473022,573013,308
2023-24,22214,2024-04-06,Wolverhampton Wanderers,West Ham,Pablo Sarabia,2199,32,Goal,0.7611688375473022,572474,570
2023-24,22214,2024-04-06,West Ham,Wolverhampton Wanderers,Lucas Paquetá,7365,72,Goal,0.7611688375473022,572482,539
2023-24,22215,2024-04-13,Manchester United,Bournemouth,Bruno Fernandes,1228,64,Goal,0.7611688375473022,573933,373
2023-24,22219,2024-04-15,Chelsea,Everton,Cole Palmer,8497,63,Goal,0.7611688375473022,574596,362
2023-24,22221,2024-04-13,Manchester City,Luton,Erling Haaland,8260,75,Goal,0.7611688375473022,573760,355
2023-24,22225,2024-04-21,Bournemouth,Aston Villa,Dominic Solanke,1679,30,Goal,0.7611688375473022,575509,85
2023-24,22233,2024-05-14,Manchester City,Tottenham,Erling Haaland,8260,90,Goal,0.7611688375473022,580968,355
2023-24,22239,2024-04-27,Burnley,Manchester United,Zeki Amdouni,11701,86,Goal,0.7611688375473022,576808,594
2023-24,22240,2024-04-27,Newcastle United,Sheffield United,Alexander Isak,5232,60,Goal,0.7611688375473022,576840,415
2023-24,22241,2024-04-28,Tottenham,Arsenal,Son Heung-Min,453,86,Goal,0.7611688375473022,577238,516
2023-24,22245,2024-05-04,Arsenal,Bournemouth,Bukayo Saka,7322,44,Goal,0.7611688375473022,578178,19
2023-24,22247,2024-05-05,Brighton,Aston Villa,João Pedro,8272,86,SavedShot,0.7611688375473022,578878,135
2023-24,22248,2024-05-04,Newcastle United,Burnley,Alexander Isak,5232,51,SavedShot,0.7611688375473022,578448,415
2023-24,22252,2024-05-03,Everton,Luton,Dominic Calvert-Lewin,5555,23,Goal,0.7611688375473022,578137,246
2023-24,22253,2024-05-04,Manchester City,Wolverhampton Wanderers,Erling Haaland,8260,11,Goal,0.7611688375473022,578604,355
2023-24,22253,2024-05-04,Manchester City,Wolverhampton Wanderers,Erling Haaland,8260,47,Goal,0.7611688375473022,578608,355
2023-24,22254,2024-05-04,Sheffield United,Nottingham Forest,Ben Brereton Díaz,11815,16,Goal,0.7611688375473022,578465,775
2023-24,22258,2024-05-11,Manchester City,Fulham,Julián Álvarez,10846,95,Goal,0.7611688375473022,579669,343
2023-24,22272,2024-05-19,Luton,Fulham,Carlton Morris,11717,45,Goal,0.7611688375473022,581992,326
2023-24,22278,2023-08-12,Brighton,Luton,João Pedro,8272,70,Goal,0.7611688375473022,532069,135
2023-24,22278,2023-08-12,Luton,Brighton,Carlton Morris,11717,80,Goal,0.7611688375473022,532070,326
2023-24,22282,2023-08-13,Brentford,Tottenham,Bryan Mbeumo,6552,26,Goal,0.7611688375473022,532413,108
2023-24,22287,2023-08-19,Brentford,Fulham,Bryan Mbeumo,6552,65,Goal,0.7611688375473022,533188,108
2023-24,22288,2023-08-19,Liverpool,Bournemouth,Mohamed Salah,1250,35,SavedShot,0.7611688375473022,533206,308
2023-24,22292,2023-08-20,Aston Villa,Everton,Douglas Luiz,6122,23,Goal,0.7611688375473022,533730,43
2023-24,22293,2023-08-20,West Ham,Chelsea,Lucas Paquetá,7365,94,Goal,0.7611688375473022,533867,539
2023-24,22293,2023-08-20,Chelsea,West Ham,Enzo Fernández,11356,42,SavedShot,0.7611688375473022,533853,199
2023-24,22294,2023-08-21,Arsenal,Crystal Palace,Martin Odegaard,2517,53,Goal,0.7611320614814758,534221,14
2023-24,22297,2023-08-26,Arsenal,Fulham,Bukayo Saka,7322,69,Goal,0.7611688375473022,534716,19
2023-24,22300,2023-08-26,Manchester United,Nottingham Forest,Bruno Fernandes,1228,75,Goal,0.7611688375473022,534746,373
2023-24,22303,2023-08-27,Manchester City,Sheffield United,Erling Haaland,8260,36,ShotOnPost,0.7611688375473022,535215,355
2024-25,26608,2024-08-17,West Ham,Aston Villa,Lucas Paquetá,7365,36,Goal,0.7611688375473022,584858,527
2024-25,26615,2024-08-24,Manchester City,Ipswich,Erling Haaland,8260,11,Goal,0.7611688375473022,586163,351
2024-25,26632,2024-09-14,Southampton,Manchester United,Cameron Archer,9912,32,SavedShot,0.7611688375473022,590477,27
2024-25,26636,2024-09-14,Crystal Palace,Leicester,Jean-Philippe Mateta,5735,91,Goal,0.7611688375473022,590822,207
2024-25,26639,2024-09-14,Bournemouth,Chelsea,Evanilson,12963,37,SavedShot,0.7611688375473022,591174,617
2024-25,26650,2024-09-22,Nottingham Forest,Brighton,Chris Wood,4456,12,Goal,0.7611688375473022,592935,447
2024-25,26652,2024-09-28,Newcastle United,Manchester City,Anthony Gordon,8150,57,Goal,0.7611688375473022,593820,398
2024-25,26653,2024-09-28,Fulham,Nottingham Forest,Raúl Jiménez,4105,50,Goal,0.7611688375473022,594061,252
2024-25,26657,2024-09-28,Chelsea,Brighton,Cole Palmer,8497,27,Goal,0.7611688375473022,594173,182
2024-25,26658,2024-09-28,Liverpool,Wolverhampton Wanderers,Mohamed Salah,1250,60,Goal,0.7611688375473022,594316,328
2024-25,26667,2024-10-05,Brentford,Wolverhampton Wanderers,Bryan Mbeumo,6552,19,Goal,0.7611688375473022,595559,99
2024-25,26669,2024-10-05,Newcastle United,Everton,Anthony Gordon,8150,34,SavedShot,0.7611688375473022,595715,398
2024-25,26673,2024-10-19,Fulham,Aston Villa,Andreas Pereira,922,26,SavedShot,0.7611688375473022,597052,240
2024-25,26678,2024-10-19,Leicester,Southampton,Jamie Vardy,755,73,Goal,0.7611688375473022,597125,306
2024-25,26679,2024-10-20,Liverpool,Chelsea,Mohamed Salah,1250,28,Goal,0.7611688375473022,597743,328
2024-25,26680,2024-10-19,Bournemouth,Arsenal,Justin Kluivert,6963,78,Goal,0.7611688375473022,597261,71
2024-25,26685,2024-10-26,Brentford,Ipswich,Bryan Mbeumo,6552,50,Goal,0.7611688375473022,598469,99
2024-25,26690,2024-10-27,West Ham,Manchester United,Jarrod Bowen,1776,91,Goal,0.7611688375473022,598863,514
2024-25,26697,2024-11-03,Manchester United,Chelsea,Bruno Fernandes,1228,69,Goal,0.7611688375473022,600846,366
2024-25,26716,2024-11-23,Aston Villa,Crystal Palace,Youri Tielemans,5956,44,SavedShot,0.7611688375473022,602893,57
2024-25,26719,2024-11-23,Leicester,Chelsea,Jordan Ayew,672,94,Goal,0.7611688375473022,602646,192
2024-25,26721,2024-11-24,Southampton,Liverpool,Adam Armstrong,4419,41,SavedShot,0.7611688375473022,603456,453
2024-25,26721,2024-11-24,Liverpool,Southampton,Mohamed Salah,1250,82,Goal,0.7611688375473022,603474,328
2024-25,26726,2024-12-01,Liverpool,Manchester City,Mohamed Salah,1250,77,Goal,0.7611688375473022,604831,328
2024-25,26728,2024-11-30,Nottingham Forest,Ipswich,Chris Wood,4456,48,Goal,0.7611688375473022,604131,447
2024-25,26730,2024-11-30,Arsenal,West Ham,Martin Odegaard,2517,33,Goal,0.7611688375473022,604408,13
2024-25,26730,2024-11-30,Arsenal,West Ham,Bukayo Saka,7322,49,Goal,0.7611688375473022,604415,17
2024-25,26731,2024-11-30,Bournemouth,Wolverhampton Wanderers,Justin Kluivert,6963,2,Goal,0.7611688375473022,604098,71
2024-25,26731,2024-11-30,Bournemouth,Wolverhampton Wanderers,Justin Kluivert,6963,17,Goal,0.7611688375473022,604105,71
2024-25,26731,2024-11-30,Bournemouth,Wolverhampton Wanderers,Justin Kluivert,6963,73,Goal,0.7611688375473022,604117,71
2024-25,26734,2024-12-04,Aston Villa,Brentford,Ollie Watkins,8865,27,Goal,0.7611688375473022,605345,58
2024-25,26745,2024-12-08,Chelsea,Tottenham,Cole Palmer,8497,60,Goal,0.7611688375473022,606516,182
2024-25,26745,2024-12-08,Chelsea,Tottenham,Cole Palmer,8497,83,Goal,0.7611688375473022,606522,182
2024-25,26753,2024-12-15,Manchester United,Manchester City,Bruno Fernandes,1228,87,Goal,0.7611688375473022,607643,366
2024-25,26754,2024-12-16,West Ham,Bournemouth,Lucas Paquetá,7365,86,Goal,0.7611688375473022,607966,527
2024-25,26769,2024-12-22,Bournemouth,Manchester United,Justin Kluivert,6963,60,Goal,0.7611688375473022,608712,71
2024-25,26777,2024-12-26,Manchester City,Everton,Erling Haaland,8260,52,SavedShot,0.7611688375473022,609042,351
2024-25,26782,2024-12-30,Aston Villa,Brighton,Ollie Watkins,8865,35,Goal,0.7611688375473022,609758,58
2024-25,26787,2024-12-30,Ipswich,Chelsea,Liam Delap,8868,11,Goal,0.7611688375473022,609670,268
2024-25,26790,2024-12-29,Tottenham,Wolverhampton Wanderers,Son Heung-Min,453,42,SavedShot,0.7611688375473022,609539,503
2024-25,26794,2025-01-04,Brighton,Arsenal,João Pedro,8272,60,Goal,0.7611688375473022,610090,129
2024-25,26796,2025-01-05,Fulham,Ipswich,Raúl Jiménez,4105,68,Goal,0.7611688375473022,610206,252
2024-25,26796,2025-01-05,Fulham,Ipswich,Raúl Jiménez,4105,90,Goal,0.7611688375473022,610212,252
2024-25,26796,2025-01-05,Ipswich,Fulham,Liam Delap,8868,70,Goal,0.7611688375473022,610207,268
2024-25,26797,2025-01-05,Liverpool,Manchester United,Mohamed Salah,1250,69,Goal,0.7611688375473022,610335,328
2024-25,26799,2025-01-04,Brentford,Southampton,Bryan Mbeumo,6552,68,Goal,0.7611688375473022,609947,99
2024-25,26809,2025-01-14,Bournemouth,Chelsea,Justin Kluivert,6963,49,Goal,0.7611688375473022,611497,71
2024-25,26818,2025-01-19,Manchester United,Brighton,Bruno Fernandes,1228,22,Goal,0.7611688375473022,612633,366
2024-25,26821,2025-01-18,Crystal Palace,West Ham,Jean-Philippe Mateta,5735,88,Goal,0.7611688375473022,612319,207
2024-25,26824,2025-01-25,Everton,Brighton,Iliman Ndiaye,9307,41,Goal,0.7611688375473022,613322,232
2024-25,26825,2025-01-26,Brentford,Crystal Palace,Bryan Mbeumo,6552,65,Goal,0.7611688375473022,613766,99
2024-25,26829,2025-01-25,Newcastle United,Southampton,Alexander Isak,5232,25,Goal,0.7611688375473022,613360,401
2024-25,26832,2025-02-01,Liverpool,Bournemouth,Mohamed Salah,1250,29,Goal,0.7611688375473022,614873,328
2024-25,26840,2025-02-01,Nottingham Forest,Brighton,Chris Wood,4456,68,Goal,0.7611688375473022,614445,447
2024-25,26847,2025-02-16,Liverpool,Wolverhampton Wanderers,Mohamed Salah,1250,36,Goal,0.7611688375473022,617582,328
2024-25,26860,2025-02-23,Newcastle United,Nottingham Forest,Alexander Isak,5232,32,Goal,0.7611688375473022,618876,401
2024-25,26863,2025-02-25,Brighton,Bournemouth,João Pedro,8272,11,Goal,0.7611688375473022,619470,129
2024-25,26873,2025-03-08,Brighton,Fulham,João Pedro,8272,97,Goal,0.7611688375473022,621283,129
2024-25,26874,2025-03-09,Chelsea,Leicester,Cole Palmer,8497,21,SavedShot,0.7611688375473022,621829,182
2024-25,26876,2025-03-08,Liverpool,Southampton,Mohamed Salah,1250,54,Goal,0.7611688375473022,621342,328
2024-25,26876,2025-03-08,Liverpool,Southampton,Mohamed Salah,1250,87,Goal,0.7611688375473022,621350,328
2024-25,26879,2025-03-09,Tottenham,Bournemouth,Son Heung-Min,453,83,Goal,0.7611688375473022,621823,503
2024-25,26889,2025-03-15,Manchester City,Brighton,Erling Haaland,8260,10,Goal,0.7611688375473022,622653,351
2024-25,26890,2025-04-16,Crystal Palace,Newcastle United,Eberechi Eze,8706,35,SavedShot,0.7611688375473022,628231,199
2024-25,26899,2025-04-02,Brentford,Newcastle United,Bryan Mbeumo,6552,65,Goal,0.7611688375473022,625180,99
2024-25,26905,2025-04-05,Everton,Arsenal,Iliman Ndiaye,9307,48,Goal,0.7611688375473022,625429,232
2024-25,26910,2025-04-06,Tottenham,Southampton,Mathys Tel,9780,95,Goal,0.7611688375473022,626221,768
2024-25,26914,2025-04-12,Brighton,Leicester,João Pedro,8272,30,Goal,0.7611688375473022,627217,129
2024-25,26914,2025-04-12,Brighton,Leicester,João Pedro,8272,54,Goal,0.7611688375473022,627232,129
2024-25,26921,2025-04-12,Aston Villa,Southampton,Marco Asensio,2117,68,SavedShot,0.7611688375473022,627177,762
2024-25,26921,2025-04-12,Aston Villa,Southampton,Marco Asensio,2117,93,SavedShot,0.7611688375473022,627182,762
2024-25,26937,2025-04-22,Aston Villa,Manchester City,Marcus Rashford,556,17,Goal,0.7611688375473022,629584,385
2024-25,26938,2025-04-26,Newcastle United,Ipswich,Alexander Isak,5232,48,Goal,0.7611688375473022,630280,401
2024-25,26941,2025-04-26,Leicester,Wolverhampton Wanderers,Jamie Vardy,755,71,SavedShot,0.7611688375473022,630349,306
2024-25,26944,2025-05-04,Newcastle United,Brighton,Alexander Isak,5232,88,Goal,0.7611688375473022,631919,401
2024-25,26948,2025-05-04,Chelsea,Liverpool,Cole Palmer,8497,95,Goal,0.7611688375473022,632113,182
2024-25,26949,2025-05-05,Crystal Palace,Nottingham Forest,Eberechi Eze,8706,59,Goal,0.7611688375473022,632404,199
2024-25,26961,2025-05-10,Brighton,Wolverhampton Wanderers,Danny Welbeck,501,28,Goal,0.7611688375473022,632817,148
2024-25,26964,2025-05-18,Brentford,Fulham,Bryan Mbeumo,6552,27,SavedShot,0.7611688375473022,635048,99
2024-25,26974,2025-05-25,Manchester United,Aston Villa,Christian Eriksen,646,86,Goal,0.7611688375473022,636466,370
2024-25,26976,2025-05-25,Tottenham,Brighton,Dominic Solanke,1679,16,Goal,0.7611688375473022,636364,82
2024-25,26976,2025-05-25,Brighton,Tottenham,Matt O&#039;Riley,13206,87,Goal,0.7611688375473022,636385,629
2024-25,26981,2025-05-25,Manchester City,Fulham,Erling Haaland,8260,71,Goal,0.7611688375473022,636435,351
2025-26,28780,2025-08-16,Brighton,Fulham,Matt O&#039;Riley,13206,54,Goal,0.7611688375473022,638432,164
2025-26,28785,2025-08-17,Brentford,Nottingham Forest,Thiago,13222,77,Goal,0.7611688375473022,638083,136
2025-26,28787,2025-08-18,Leeds,Everton,Lukas Nmecha,6544,83,Goal,0.7611688375473022,638398,365
2025-26,28793,2025-08-23,Arsenal,Leeds,Viktor Gyokeres,7254,94,Goal,0.7611688375473022,638963,666
2025-26,28795,2025-08-24,Brighton,Everton,Danny Welbeck,501,76,SavedShot,0.7611688375473022,639307,178
2025-26,28796,2025-08-24,Manchester United,Fulham,Bruno Fernandes,1228,37,MissedShots,0.7611688375473022,639498,449
2025-26,28798,2025-08-30,Chelsea,Fulham,Enzo Fernández,11356,55,Goal,0.7611688375473022,640089,237
2025-26,28801,2025-08-30,Sunderland,Brentford,Enzo Le Fée,8651,81,Goal,0.7611688375473022,640280,547
2025-26,28801,2025-08-30,Brentford,Sunderland,Kevin Schade,9156,58,SavedShot,0.7611688375473022,640275,120
2025-26,28802,2025-08-30,Manchester United,Burnley,Bruno Fernandes,1228,96,Goal,0.7611688375473022,640318,449
2025-26,28804,2025-08-31,West Ham,Nottingham Forest,Lucas Paquetá,7365,87,Goal,0.7611688375473022,640740,612
2025-26,28805,2025-08-31,Brighton,Manchester City,James Milner,489,66,Goal,0.7611688375473022,640756,170
2025-26,28807,2025-08-31,Crystal Palace,Aston Villa,Jean-Philippe Mateta,5735,20,Goal,0.7611688375473022,641120,283
2025-26,28810,2025-09-13,Bournemouth,Brighton,Antoine Semenyo,11363,60,Goal,0.7611688375473022,641685,82
2025-26,28816,2025-09-14,Liverpool,Burnley,Mohamed Salah,1250,94,Goal,0.7611688375473022,642166,381
2025-26,28828,2025-09-27,Manchester United,Brentford,Bruno Fernandes,1228,75,SavedShot,0.7611688375473022,644498,449
2025-26,28839,2025-10-04,Arsenal,West Ham,Bukayo Saka,7322,66,Goal,0.7611688375473022,646143,16
2025-26,28843,2025-10-05,Everton,Crystal Palace,Iliman Ndiaye,9307,75,Goal,0.7611688375473022,646638,299
2025-26,28846,2025-10-05,Newcastle United,Nottingham Forest,Nick Woltemade,8117,83,Goal,0.7611688375473022,646715,714
2025-26,28850,2025-10-18,Crystal Palace,Bournemouth,Jean-Philippe Mateta,5735,96,Goal,0.7611688375473022,647593,283
2025-26,28861,2025-10-25,Brentford,Liverpool,Thiago,13222,59,Goal,0.7611688375473022,649261,136
2025-26,28867,2025-10-26,Wolverhampton Wanderers,Burnley,Jørgen Strand Larsen,11070,41,Goal,0.7611688375473022,649530,654
2025-26,28878,2025-11-09,Bournemouth,Aston Villa,Antoine Semenyo,11363,66,SavedShot,0.7611688375473022,652709,82
2025-26,28879,2025-11-09,Brentford,Newcastle United,Thiago,13222,77,Goal,0.7611688375473022,652803,136
2025-26,28883,2025-11-09,Manchester City,Liverpool,Erling Haaland,8260,12,SavedShot,0.7611688375473022,652981,430
2025-26,28884,2025-11-09,Nottingham Forest,Leeds,Elliot Anderson,9154,90,Goal,0.7611688375473022,652786,517
2025-26,28888,2025-11-22,Bournemouth,West Ham,Marcus Tavernier,10741,68,Goal,0.7611688375473022,653615,84
2025-26,28890,2025-11-22,Brentford,Brighton,Thiago,13222,28,Goal,0.7611688375473022,653638,136
2025-26,28890,2025-11-22,Brentford,Brighton,Thiago,13222,93,SavedShot,0.7611688375473022,653653,136
2025-26,28899,2025-11-29,Brentford,Burnley,Thiago,13222,80,Goal,0.7611688375473022,655019,136
2025-26,28899,2025-11-29,Burnley,Brentford,Zian Flemming,13729,84,Goal,0.7611688375473022,655020,215
2025-26,28901,2025-11-30,Crystal Palace,Manchester United,Jean-Philippe Mateta,5735,35,Goal,0.7611688375473022,656389,283
2025-26,28903,2025-11-29,Leeds,Manchester City,Lukas Nmecha,6544,67,SavedShot,0.7611688375473022,655073,365
2025-26,28905,2025-11-29,Sunderland,Bournemouth,Enzo Le Fée,8651,29,Goal,0.7611320614814758,655092,547
2025-26,28916,2025-12-02,Newcastle United,Tottenham,Anthony Gordon,8150,85,Goal,0.7611688375473022,656158,485
2025-26,28923,2025-12-06,Leeds,Liverpool,Dominic Calvert-Lewin,5555,72,Goal,0.7611688375473022,657112,691
2025-26,28925,2025-12-06,Newcastle United,Burnley,Anthony Gordon,8150,52,Goal,0.7611688375473022,656957,485
2025-26,28925,2025-12-06,Burnley,Newcastle United,Zian Flemming,13729,93,Goal,0.7611688375473022,656967,215
2025-26,28927,2025-12-08,Manchester United,Wolverhampton Wanderers,Bruno Fernandes,1228,81,Goal,0.7611688375473022,657840,449
2025-26,28932,2025-12-14,Manchester City,Crystal Palace,Erling Haaland,8260,88,Goal,0.7611688375473022,658535,430
2025-26,28941,2025-12-20,Arsenal,Everton,Viktor Gyokeres,7254,26,Goal,0.7611688375473022,659541,666
2025-26,28942,2025-12-22,Fulham,Nottingham Forest,Raúl Jiménez,4105,49,Goal,0.7611688375473022,659953,337
2025-26,28943,2025-12-20,Crystal Palace,Leeds,Justin Devenny,13038,91,Goal,0.7611688375473022,659583,276
2025-26,28947,2025-12-20,Wolverhampton Wanderers,Brentford,Jørgen Strand Larsen,11070,87,SavedShot,0.7611688375473022,659360,654
2025-26,28961,2025-12-30,Chelsea,Bournemouth,Cole Palmer,8497,14,Goal,0.7611688375473022,660557,235
2025-26,28967,2025-12-30,West Ham,Brighton,Lucas Paquetá,7365,48,Goal,0.7611688375473022,660631,612
2025-26,28967,2025-12-30,Brighton,West Ham,Danny Welbeck,501,31,Goal,0.7611688375473022,660627,178
2025-26,28967,2025-12-30,Brighton,West Ham,Danny Welbeck,501,35,ShotOnPost,0.7611688375473022,660628,178
2025-26,28970,2026-01-03,Wolverhampton Wanderers,West Ham,Hee-Chan Hwang,8845,30,Goal,0.7611688375473022,660978,642
2025-26,28981,2026-01-07,Sunderland,Brentford,Enzo Le Fée,8651,59,SavedShot,0.7611688375473022,661950,547
2025-26,28985,2026-01-07,Manchester City,Brighton,Erling Haaland,8260,40,Goal,0.7611688375473022,661973,430
2025-26,28986,2026-01-07,Newcastle United,Leeds,Bruno Guimarães,8327,90,Goal,0.7611688375473022,662187,488
2025-26,28986,2026-01-07,Leeds,Newcastle United,Dominic Calvert-Lewin,5555,49,Goal,0.7611688375473022,662172,691
2025-26,28987,2026-01-06,Nottingham Forest,West Ham,Morgan Gibbs-White,6857,88,Goal,0.7611688375473022,661834,515
2025-26,28989,2026-01-19,Bournemouth,Brighton,Marcus Tavernier,10741,31,Goal,0.7611688375473022,664427,84
2025-26,28990,2026-01-17,Chelsea,Brentford,Cole Palmer,8497,75,Goal,0.7611688375473022,663680,235
2025-26,28992,2026-01-17,Liverpool,Burnley,Dominik Szoboszlai,9788,31,ShotOnPost,0.7611688375473022,663558,387
2025-26,29002,2026-01-25,Chelsea,Crystal Palace,Enzo Fernández,11356,63,Goal,0.7611688375473022,665174,237
2025-26,29007,2026-01-24,West Ham,Sunderland,Jarrod Bowen,1776,27,Goal,0.7611688375473022,664600,624
2025-26,29012,2026-02-01,Fulham,Manchester United,Raúl Jiménez,4105,84,Goal,0.7611688375473022,666450,337
2025-26,29013,2026-02-01,Crystal Palace,Nottingham Forest,Ismaila Sarr,5675,46,Goal,0.7611688375473022,666496,267
2025-26,29024,2026-02-08,Manchester City,Liverpool,Erling Haaland,8260,92,Goal,0.7611688375473022,667932,430
2025-26,29026,2026-02-07,Newcastle United,Brentford,Bruno Guimarães,8327,78,Goal,0.7611688375473022,667454,488
2025-26,29026,2026-02-07,Brentford,Newcastle United,Thiago,13222,46,Goal,0.7611688375473022,667447,136
2025-26,29027,2026-02-07,Chelsea,Wolverhampton Wanderers,Cole Palmer,8497,12,Goal,0.7611688375473022,667331,235
2025-26,29027,2026-02-07,Chelsea,Wolverhampton Wanderers,Cole Palmer,8497,34,Goal,0.7611688375473022,667339,235
2025-26,29030,2026-02-10,Chelsea,Leeds,Cole Palmer,8497,57,Goal,0.7611688375473022,668168,235
2025-26,29030,2026-02-10,Leeds,Chelsea,Lukas Nmecha,6544,66,Goal,0.7611688375473022,668172,365
2025-26,29032,2026-02-10,Everton,Bournemouth,Iliman Ndiaye,9307,41,Goal,0.7611688375473022,668188,299
2025-26,29041,2026-02-22,Wolverhampton Wanderers,Crystal Palace,Tolu Arokodare,8875,42,SavedShot,0.7611688375473022,670200,720
2025-26,29045,2026-02-22,Sunderland,Fulham,Enzo Le Fée,8651,75,Goal,0.7611688375473022,670179,547
2025-26,29045,2026-02-22,Fulham,Sunderland,Raúl Jiménez,4105,60,Goal,0.7611688375473022,670177,337
2025-26,29055,2026-03-01,Manchester United,Crystal Palace,Bruno Fernandes,1228,56,Goal,0.7611688375473022,671572,449
2025-26,29063,2026-03-03,Sunderland,Leeds,Habib Diarra,9767,69,Goal,0.7611688375473022,672122,544
2025-26,29065,2026-03-04,Newcastle United,Manchester United,Anthony Gordon,8150,50,Goal,0.7611688375473022,672316,485
2025-26,29066,2026-03-05,Crystal Palace,Tottenham,Ismaila Sarr,5675,39,Goal,0.7611688375473022,672335,267
2025-26,29072,2026-03-15,Leeds,Crystal Palace,Dominic Calvert-Lewin,5555,44,MissedShots,0.7611688375473022,674363,691
2025-26,29078,2026-03-20,Bournemouth,Manchester United,Eli Junior Kroupi,11504,80,Goal,0.7611688375473022,675079,100
2025-26,29078,2026-03-20,Manchester United,Bournemouth,Bruno Fernandes,1228,60,Goal,0.7611688375473022,675072,449
2025-26,29082,2026-03-21,Fulham,Burnley,Raúl Jiménez,4105,94,Goal,0.7611688375473022,675313,337
2025-26,29092,2026-04-11,Arsenal,Bournemouth,Viktor Gyokeres,7254,34,Goal,0.7611688375473022,677609,666
2025-26,29093,2026-04-11,Brentford,Everton,Thiago,13222,2,Goal,0.7611688375473022,677836,136
2025-26,29096,2026-04-12,Crystal Palace,Newcastle United,Jean-Philippe Mateta,5735,93,Goal,0.7611688375473022,678354,283
2025-26,29103,2026-04-18,Leeds,Wolverhampton Wanderers,Dominic Calvert-Lewin,5555,94,Goal,0.7611320614814758,679235,691
2025-26,29118,2026-05-03,Bournemouth,Crystal Palace,Eli Junior Kroupi,11504,31,Goal,0.7611688375473022,682675,100
2025-26,29121,2026-05-02,Brentford,West Ham,Thiago,13222,53,Goal,0.7611688375473022,682298,136
2025-26,29122,2026-05-04,Chelsea,Nottingham Forest,Cole Palmer,8497,54,SavedShot,0.7611688375473022,683247,235
2025-26,29122,2026-05-04,Nottingham Forest,Chelsea,Igor Jesus,13778,14,Goal,0.7611688375473022,683238,526
2025-26,29136,2026-05-11,Leeds,Tottenham,Dominic Calvert-Lewin,5555,73,Goal,0.7611688375473022,684818,691
2025-26,29141,2026-05-17,Crystal Palace,Brentford,Ismaila Sarr,5675,5,Goal,0.7611688375473022,685743,267
2025-26,29147,2026-05-17,Fulham,Wolverhampton Wanderers,Antonee Robinson,8940,47,Goal,0.7611688375473022,685686,316
2025-26,29149,2026-05-24,Wolverhampton Wanderers,Burnley,Adam Armstrong,4419,4,Goal,0.7611688375473022,687092,817
