universe,predictor,label,n,spearman,pearson,mae,rmse,bias,mean_pred,mean_y
ALL,xp,xP v2,9965,0.3044851411770466,0.2705986779410651,2.076790928743927,2.9051409391914222,-0.0962078936043545,2.9594870386585654,3.05569493226292
ALL,exp_points,exp points,9965,0.2567105833580224,0.21475100114855103,2.1634794917953726,2.998308582532705,-0.03029179158507677,3.0254031406778434,3.05569493226292
ALL,roll3_points,roll3 points,9965,0.21342191077996397,0.15976409275033132,2.327512962033785,3.2853597476473144,0.006255226626526162,3.0619501588894464,3.05569493226292
ALL,xmi,xMi,9965,0.26914806204476943,0.20138856153858734,63.454356915872225,68.29592039335947,63.44271617327312,66.49841110553604,3.05569493226292
GKP,xp,xP v2,655,0.17523242525026514,0.17723333451931447,1.911842910113885,2.754992493840636,-0.7190027660175118,2.621455249249664,3.3404580152671755
GKP,exp_points,exp points,655,0.03449679888948641,0.03876085511977737,2.224091614531017,2.8182091722090594,0.11708567649292849,3.457543691760104,3.3404580152671755
GKP,roll3_points,roll3 points,655,0.036362466300665676,0.02312814236855596,2.3770992366412216,3.0838714199347574,0.040203562340966933,3.380661577608142,3.3404580152671755
GKP,xmi,xMi,655,0.0011325120987820928,-0.01136027095542133,86.070737913486,86.18212071218446,86.070737913486,89.41119592875317,3.3404580152671755
DEF,xp,xP v2,3415,0.2602906036062263,0.23828765707943922,2.3347789151904443,3.0571870530651597,0.1126646167820189,3.216617764659032,3.103953147877013
DEF,exp_points,exp points,3415,0.171981290698808,0.16305309894646375,2.399629537803613,3.1852383788118646,0.009741317060777513,3.1136944649377907,3.103953147877013
DEF,roll3_points,roll3 points,3415,0.11532744538130695,0.09202851353976745,2.5910200097608587,3.5125237833291467,0.021961932650073197,3.1259150805270863,3.103953147877013
DEF,xmi,xMi,3415,0.18784836606121658,0.14326303804806892,70.51137140068326,73.91806873143092,70.49321620302587,73.59716935090289,3.103953147877013
MID,xp,xP v2,4647,0.3725349862785854,0.3031422767691275,1.919267319399514,2.7725812166746064,-0.08642002429631498,2.9023899606402033,2.9888099849365184
MID,exp_points,exp points,4647,0.3202311962940936,0.25099539222717343,1.9790334771843858,2.851619236236731,-0.06482682785287727,2.923983157083641,2.9888099849365184
MID,roll3_points,roll3 points,4647,0.2874438197131689,0.2030434544648397,2.137005953661861,3.1178695280275046,-0.0070296248475719145,2.9817803600889463,2.9888099849365184
MID,xmi,xMi,4647,0.35882457205069807,0.24933987912740763,58.35277239796285,63.563509032766156,58.345455849652105,61.33426583458862,2.9888099849365184
FWD,xp,xP v2,1248,0.38980954969954745,0.31061156562715747,2.0439577485446567,3.034421235318351,-0.3773402735829657,2.645896905904214,3.0232371794871793
FWD,exp_points,exp points,1248,0.3419369249989364,0.27408195607558955,2.172267378323627,3.093859746533705,-0.08859387017499423,2.9346433093121855,3.0232371794871793
FWD,roll3_points,roll3 points,1248,0.3162086642055947,0.23211143057675418,2.2897970085470085,3.3518582463618154,-0.005074786324786327,3.018162393162393,3.0232371794871793
FWD,xmi,xMi,1248,0.3891635694491987,0.24394329858053934,51.26976495726496,57.87806005890605,51.25373931623932,54.2769764957265,3.0232371794871793
