player_id,gw,xmi,tag
1,6,90.0,rolling avg
2,6,0.0,rolling avg
3,6,0.0,rolling avg
4,6,90.0,rolling avg
5,6,34.666666666666664,rolling avg
6,6,0.0,injured
7,6,37.0,rolling avg
8,6,82.0,rolling avg
9,6,8.0,50/50
10,6,37.5,50/50
11,6,42.0,50/50
12,6,86.33333333333333,rolling avg
13,6,65.0,injured
14,6,8.666666666666666,rolling avg
15,6,77.33333333333333,rolling avg
16,6,0.3333333333333333,rolling avg
17,6,16.0,rolling avg
18,6,0.0,transferred
19,6,20.666666666666668,rolling avg
20,6,4.5,50/50
22,6,0.0,transferred
23,6,0.0,transferred
24,6,0.0,rolling avg
25,6,9.666666666666666,rolling avg
26,6,64.25,injured
27,6,0.0,transferred
31,6,67.5,injured
452,6,34.666666666666664,rolling avg
557,6,0.0,injured
29,6,45.0,50/50
30,6,0.0,transferred
32,6,43.0,rolling avg
33,6,81.66666666666667,rolling avg
34,6,31.166666666666668,50/50
35,6,0.0,rolling avg
36,6,0.0,injured
37,6,90.0,rolling avg
38,6,0.0,rolling avg
39,6,0.0,transferred
41,6,75.33333333333333,rolling avg
44,6,0.0,transferred
45,6,87.66666666666667,rolling avg
46,6,52.666666666666664,rolling avg
47,6,87.66666666666667,rolling avg
48,6,0.0,injured
49,6,0.0,transferred
50,6,0.0,rolling avg
51,6,45.666666666666664,rolling avg
52,6,13.166666666666666,50/50
53,6,32.666666666666664,rolling avg
54,6,30.0,rolling avg
55,6,0.0,transferred
56,6,17.333333333333332,rolling avg
160,6,5.0,rolling avg
166,6,72.0,rolling avg
582,6,45.0,50/50
596,6,35.0,rolling avg
597,6,90.0,rolling avg
606,6,0.0,rolling avg
607,6,0.0,transferred
611,6,46.666666666666664,rolling avg
618,6,0.0,injured
630,6,0.0,rolling avg
631,6,11.0,rolling avg
667,6,0.0,rolling avg
57,6,90.0,rolling avg
58,6,0.0,rolling avg
59,6,0.0,transferred
60,6,90.0,rolling avg
61,6,90.0,rolling avg
62,6,0.0,rolling avg
63,6,0.0,injured
64,6,84.66666666666667,rolling avg
65,6,0.0,injured
66,6,0.0,rolling avg
67,6,85.33333333333333,rolling avg
68,6,81.33333333333333,rolling avg
69,6,0.0,injured
70,6,0.0,injured
71,6,12.333333333333334,rolling avg
72,6,3.6666666666666665,rolling avg
73,6,81.0,rolling avg
74,6,12.0,rolling avg
75,6,33.0,rolling avg
76,6,0.6666666666666666,rolling avg
77,6,0.0,injured
78,6,0.0,injured
79,6,90.0,rolling avg
80,6,0.0,transferred
81,6,0.3333333333333333,rolling avg
566,6,90.0,rolling avg
573,6,0.0,rolling avg
608,6,5.333333333333333,rolling avg
615,6,0.0,rolling avg
82,6,90.0,rolling avg
83,6,0.0,rolling avg
84,6,0.0,injured
85,6,0.0,injured
86,6,76.33333333333333,rolling avg
87,6,90.0,rolling avg
88,6,44.0,rolling avg
89,6,0.0,rolling avg
90,6,45.333333333333336,rolling avg
92,6,0.0,rolling avg
93,6,84.33333333333333,rolling avg
94,6,90.0,rolling avg
95,6,14.0,50/50
96,6,50.25,injured
97,6,0.0,injured
98,6,90.0,rolling avg
99,6,0.0,injured
100,6,1.0,rolling avg
102,6,57.333333333333336,rolling avg
103,6,0.0,injured
105,6,61.333333333333336,rolling avg
106,6,90.0,rolling avg
107,6,0.0,injured
108,6,1.3333333333333333,rolling avg
565,6,52.0,rolling avg
620,6,13.0,rolling avg
657,6,0.0,rolling avg
660,6,0.0,rolling avg
661,6,0.0,rolling avg
109,6,90.0,rolling avg
111,6,0.0,rolling avg
113,6,80.66666666666667,rolling avg
114,6,85.66666666666667,rolling avg
115,6,85.33333333333333,rolling avg
116,6,60.0,rolling avg
117,6,0.0,rolling avg
118,6,0.0,transferred
119,6,10.666666666666666,rolling avg
120,6,1.3333333333333333,rolling avg
121,6,0.0,injured
122,6,0.0,injured
123,6,31.5,injured
124,6,90.0,rolling avg
125,6,4.666666666666667,rolling avg
126,6,3.3333333333333335,rolling avg
127,6,86.0,rolling avg
128,6,0.0,transferred
129,6,90.0,rolling avg
130,6,0.0,injured
132,6,0.0,transferred
133,6,0.0,transferred
134,6,0.0,rolling avg
135,6,0.0,50/50
137,6,0.0,injured
138,6,82.66666666666667,rolling avg
139,6,0.0,injured
328,6,24.5,injured
504,6,85.66666666666667,rolling avg
594,6,4.333333333333333,rolling avg
600,6,4.0,rolling avg
605,6,53.0,rolling avg
614,6,0.0,rolling avg
624,6,0.0,transferred
639,6,36.333333333333336,rolling avg
652,6,0.0,injured
658,6,0.0,rolling avg
28,6,90.0,rolling avg
40,6,88.66666666666667,rolling avg
101,6,30.0,rolling avg
136,6,28.333333333333332,rolling avg
140,6,0.0,transferred
141,6,0.0,transferred
142,6,60.0,rolling avg
143,6,0.0,transferred
144,6,35.666666666666664,rolling avg
145,6,81.66666666666667,rolling avg
146,6,0.0,transferred
148,6,34.666666666666664,rolling avg
149,6,60.0,rolling avg
150,6,0.0,transferred
151,6,36.333333333333336,rolling avg
152,6,45.0,50/50
154,6,90.0,rolling avg
156,6,83.66666666666667,rolling avg
157,6,5.333333333333333,rolling avg
158,6,0.0,injured
159,6,6.5,50/50
161,6,42.333333333333336,rolling avg
163,6,0.0,transferred
164,6,6.333333333333333,rolling avg
165,6,60.0,rolling avg
168,6,0.0,transferred
169,6,0.0,rolling avg
170,6,0.0,50/50
200,6,61.333333333333336,rolling avg
560,6,45.0,50/50
561,6,0.0,rolling avg
568,6,35.666666666666664,rolling avg
583,6,55.0,rolling avg
662,6,3.0,rolling avg
91,6,90.0,rolling avg
104,6,74.66666666666667,rolling avg
110,6,90.0,rolling avg
171,6,0.0,transferred
172,6,0.0,rolling avg
173,6,90.0,rolling avg
174,6,0.0,transferred
175,6,45.0,50/50
176,6,88.0,rolling avg
177,6,45.0,injured
178,6,0.0,rolling avg
179,6,0.3333333333,rolling avg
180,6,0.0,injured
181,6,0.0,transferred
182,6,0.0,injured
183,6,69.0,rolling avg
184,6,87.66666666666667,rolling avg
185,6,0.0,rolling avg
186,6,58.0,rolling avg
187,6,0.0,injured
188,6,2.0,rolling avg
189,6,0.0,rolling avg
190,6,24.0,rolling avg
191,6,0.0,transferred
192,6,0.0,transferred
193,6,0.0,injured
194,6,42.0,rolling avg
195,6,11.666666666666666,rolling avg
196,6,0.0,transferred
197,6,0.0,transferred
492,6,0.0,injured
575,6,44.666666666666664,rolling avg
584,6,1.6666666666666667,rolling avg
599,6,10.0,rolling avg
623,6,0.0,rolling avg
655,6,0.0,rolling avg
656,6,45.0,rolling avg
42,6,0.0,rolling avg
153,6,0.0,injured
198,6,0.0,injured
199,6,60.0,rolling avg
202,6,90.0,rolling avg
203,6,60.0,rolling avg
204,6,79.66666666666667,rolling avg
205,6,0.0,transferred
206,6,0.0,injured
207,6,0.3333333333333333,rolling avg
208,6,2.6666666666666665,rolling avg
210,6,85.33333333333333,rolling avg
211,6,68.33333333333333,rolling avg
212,6,9.666666666666666,rolling avg
213,6,17.0,rolling avg
214,6,87.0,rolling avg
215,6,0.0,transferred
216,6,0.0,transferred
217,6,0.0,transferred
218,6,0.0,rolling avg
219,6,0.0,transferred
220,6,0.0,transferred
221,6,0.0,rolling avg
222,6,69.66666666666667,rolling avg
223,6,0.0,injured
224,6,17.666666666666668,rolling avg
225,6,0.0,transferred
241,6,0.0,rolling avg
555,6,0.0,rolling avg
577,6,0.0,injured
588,6,90.0,rolling avg
595,6,2.0,rolling avg
633,6,30.0,rolling avg
643,6,9.666666666666666,rolling avg
644,6,84.33333333333333,rolling avg
647,6,0.3333333333333333,rolling avg
21,6,45.0,injured
209,6,68.0,rolling avg
226,6,90.0,rolling avg
227,6,0.0,rolling avg
228,6,0.0,rolling avg
229,6,90.0,rolling avg
230,6,90.0,rolling avg
231,6,0.0,rolling avg
232,6,5.333333333333333,rolling avg
233,6,67.5,injured
234,6,0.0,transferred
235,6,0.0,transferred
236,6,90.0,rolling avg
238,6,42.333333333333336,rolling avg
239,6,85.33333333333333,rolling avg
242,6,55.0,rolling avg
243,6,0.0,rolling avg
244,6,90.0,rolling avg
245,6,8.0,rolling avg
246,6,41.5,injured
247,6,10.333333333333334,rolling avg
248,6,0.0,transferred
249,6,90.0,rolling avg
649,6,59.0,rolling avg
654,6,0.0,rolling avg
250,6,90.0,rolling avg
251,6,0.0,rolling avg
252,6,0.0,transferred
253,6,33.333333333333336,rolling avg
254,6,64.5,injured
255,6,0.0,rolling avg
256,6,9.0,rolling avg
257,6,90.0,rolling avg
258,6,83.66666666666667,rolling avg
261,6,76.0,rolling avg
262,6,8.0,rolling avg
263,6,12.333333333333334,rolling avg
264,6,70.0,rolling avg
265,6,65.0,rolling avg
266,6,0.0,injured
268,6,81.66666666666667,rolling avg
269,6,3.6666666666666665,rolling avg
270,6,0.0,rolling avg
271,6,10.0,rolling avg
272,6,0.0,rolling avg
569,6,81.66666666666667,rolling avg
570,6,26.333333333333332,rolling avg
580,6,86.0,rolling avg
610,6,0.0,transferred
626,6,0.0,rolling avg
635,6,12.333333333333334,rolling avg
636,6,0.0,rolling avg
650,6,60.0,rolling avg
240,6,0.0,injured
273,6,0.0,rolling avg
274,6,0.0,injured
275,6,0.0,transferred
276,6,0.0,transferred
277,6,85.66666666666667,rolling avg
278,6,0.0,injured
279,6,90.0,rolling avg
280,6,78.0,rolling avg
281,6,0.0,transferred
282,6,90.0,rolling avg
283,6,0.0,transferred
284,6,0.0,rolling avg
285,6,0.0,rolling avg
286,6,74.0,rolling avg
287,6,0.0,transferred
288,6,0.0,rolling avg
289,6,37.666666666666664,rolling avg
290,6,85.66666666666667,rolling avg
291,6,0.0,injured
292,6,0.0,rolling avg
293,6,0.0,transferred
294,6,0.0,rolling avg
295,6,87.0,rolling avg
296,6,0.0,transferred
297,6,0.0,injured
298,6,0.0,transferred
299,6,0.0,transferred
340,6,2.3333333333333335,rolling avg
556,6,0.0,injured
563,6,0.0,injured
572,6,90.0,rolling avg
574,6,2.6666666666666665,rolling avg
576,6,40.333333333333336,rolling avg
585,6,46.666666666666664,rolling avg
586,6,42.6666666667,rolling avg
589,6,31.0,rolling avg
617,6,21.666666666666668,rolling avg
632,6,0.0,injured
637,6,6.666666666666667,rolling avg
638,6,11.3333333333,rolling avg
642,6,39.666666666666664,rolling avg
645,6,0.0,rolling avg
259,6,90.0,rolling avg
267,6,79.33333333333333,rolling avg
300,6,30.0,rolling avg
301,6,0.0,rolling avg
302,6,0.0,rolling avg
303,6,0.0,rolling avg
304,6,90.0,rolling avg
305,6,90.0,rolling avg
306,6,59.0,rolling avg
307,6,0.0,transferred
308,6,0.0,rolling avg
309,6,0.0,rolling avg
310,6,0.0,rolling avg
311,6,0.0,transferred
312,6,45.0,50/50
313,6,50.333333333333336,rolling avg
314,6,0.0,transferred
315,6,0.0,injured
316,6,69.0,rolling avg
317,6,0.0,transferred
318,6,17.333333333333332,rolling avg
319,6,0.0,transferred
320,6,3.0,rolling avg
321,6,0.0,rolling avg
322,6,0.0,transferred
323,6,3.6666666666666665,rolling avg
324,6,0.0,rolling avg
554,6,0.0,transferred
562,6,36.0,rolling avg
564,6,60.0,rolling avg
571,6,10.0,rolling avg
591,6,84.33333333333333,rolling avg
592,6,34.666666666666664,rolling avg
602,6,0.0,transferred
619,6,82.33333333333333,rolling avg
640,6,20.0,rolling avg
260,6,20.0,injured
326,6,0.0,transferred
327,6,9.666666666666666,rolling avg
329,6,0.0,injured
330,6,69.33333333333333,rolling avg
331,6,84.0,rolling avg
332,6,90.0,rolling avg
333,6,0.0,transferred
334,6,90.0,rolling avg
335,6,89.0,rolling avg
336,6,69.0,rolling avg
337,6,22.666666666666668,rolling avg
338,6,90.0,rolling avg
339,6,0.6666666666666666,rolling avg
341,6,0.0,transferred
342,6,0.0,transferred
343,6,0.0,injured
344,6,0.0,rolling avg
345,6,70.0,rolling avg
346,6,79.66666666666667,rolling avg
347,6,14.333333333333334,rolling avg
348,6,0.0,transferred
349,6,0.0,injured
385,6,90.0,rolling avg
598,6,90.0,rolling avg
603,6,0.0,rolling avg
604,6,0.0,rolling avg
625,6,0.0,rolling avg
629,6,0.0,rolling avg
641,6,6.0,rolling avg
648,6,0.75,injured
350,6,90.0,rolling avg
351,6,0.0,rolling avg
352,6,0.0,rolling avg
353,6,0.0,transferred
354,6,0.0,injured
355,6,0.0,rolling avg
356,6,90.0,rolling avg
357,6,6.0,rolling avg
358,6,75.0,rolling avg
359,6,0.0,rolling avg
360,6,0.0,injured
361,6,0.0,rolling avg
362,6,90.0,rolling avg
363,6,0.0,injured
364,6,15.0,rolling avg
365,6,0.0,transferred
366,6,83.33333333333333,rolling avg
367,6,0.0,injured
368,6,86.66666666666667,rolling avg
369,6,6.0,rolling avg
370,6,22.5,injured
371,6,31.333333333333332,rolling avg
372,6,67.66666666666667,rolling avg
373,6,0.0,transferred
374,6,0.0,rolling avg
375,6,8.333333333333334,rolling avg
376,6,0.0,rolling avg
377,6,46.666666666666664,rolling avg
378,6,0.0,rolling avg
379,6,0.0,injured
380,6,0.0,injured
381,6,3.3333333333333335,rolling avg
382,6,0.0,rolling avg
383,6,0.0,transferred
579,6,83.66666666666667,rolling avg
627,6,56.0,rolling avg
155,6,82.0,rolling avg
237,6,68.33333333333333,rolling avg
384,6,90.0,rolling avg
386,6,0.0,rolling avg
387,6,25.25,injured
388,6,90.0,rolling avg
389,6,60.0,rolling avg
390,6,90.0,rolling avg
391,6,90.0,rolling avg
392,6,0.0,rolling avg
393,6,30.0,rolling avg
394,6,0.0,transferred
395,6,0.0,rolling avg
396,6,0.0,rolling avg
397,6,67.5,injured
398,6,0.0,injured
399,6,64.66666666666667,rolling avg
400,6,5.0,rolling avg
402,6,0.0,rolling avg
404,6,0.0,transferred
406,6,0.0,rolling avg
407,6,0.0,transferred
408,6,0.0,transferred
409,6,0.0,transferred
410,6,0.0,transferred
411,6,90.0,rolling avg
481,6,90.0,rolling avg
587,6,0.0,rolling avg
616,6,4.666666666666667,rolling avg
621,6,1.0,rolling avg
622,6,0.0,rolling avg
628,6,0.0,rolling avg
653,6,0.0,rolling avg
43,6,82.0,rolling avg
131,6,0.0,rolling avg
162,6,2.0,rolling avg
325,6,45.0,50/50
412,6,90.0,rolling avg
413,6,0.0,transferred
414,6,0.0,injured
415,6,0.0,injured
416,6,0.0,50/50
417,6,87.66666666666667,rolling avg
418,6,90.0,rolling avg
419,6,90.0,rolling avg
420,6,2.0,rolling avg
421,6,0.0,rolling avg
422,6,24.25,injured
423,6,57.666666666666664,rolling avg
424,6,0.0,rolling avg
425,6,0.0,transferred
426,6,90.0,rolling avg
427,6,90.0,rolling avg
428,6,83.0,rolling avg
429,6,56.75,injured
430,6,3.3333333333333335,rolling avg
431,6,0.0,injured
432,6,63.0,injured
433,6,0.0,injured
434,6,0.0,rolling avg
435,6,0.0,rolling avg
436,6,0.0,transferred
437,6,0.0,rolling avg
438,6,0.0,rolling avg
439,6,0.0,injured
440,6,6.666666666666667,rolling avg
441,6,0.0,transferred
405,6,27.333333333333332,50/50
442,6,0.0,rolling avg
443,6,0.0,rolling avg
444,6,0.0,injured
445,6,90.0,rolling avg
446,6,8.0,rolling avg
447,6,90.0,rolling avg
448,6,0.0,injured
449,6,89.66666666666667,rolling avg
450,6,8.25,injured
451,6,0.0,transferred
453,6,90.0,rolling avg
454,6,0.0,injured
456,6,0.0,injured
457,6,53.0,rolling avg
458,6,67.5,injured
459,6,38.5,50/50
460,6,60.0,rolling avg
461,6,16.333333333333332,rolling avg
462,6,24.833333333333332,50/50
463,6,0.0,transferred
464,6,90.0,rolling avg
465,6,27.5,injured
466,6,0.0,transferred
559,6,4.333333333333333,rolling avg
567,6,90.0,rolling avg
593,6,39.5,injured
609,6,0.0,transferred
634,6,52.333333333333336,rolling avg
659,6,0.0,rolling avg
663,6,0.0,rolling avg
664,6,0.0,rolling avg
665,6,0.0,rolling avg
666,6,0.0,rolling avg
167,6,84.33333333333333,rolling avg
201,6,67.66666666666667,rolling avg
467,6,90.0,rolling avg
468,6,0.0,rolling avg
469,6,45.0,injured
470,6,0.0,transferred
471,6,0.0,injured
472,6,89.66666666666667,rolling avg
473,6,49.333333333333336,rolling avg
474,6,60.0,rolling avg
475,6,0.0,injured
476,6,0.0,rolling avg
477,6,0.0,transferred
478,6,2.3333333333333335,rolling avg
479,6,0.0,transferred
480,6,90.0,rolling avg
482,6,0.0,rolling avg
483,6,63.333333333333336,rolling avg
484,6,0.0,transferred
485,6,0.0,transferred
486,6,84.33333333333333,rolling avg
487,6,0.0,rolling avg
488,6,5.0,rolling avg
489,6,0.0,rolling avg
490,6,11.333333333333334,rolling avg
491,6,0.0,injured
493,6,0.0,rolling avg
558,6,90.0,rolling avg
581,6,54.333333333333336,rolling avg
590,6,0.0,rolling avg
112,6,90.0,rolling avg
147,6,1.6666666666666667,rolling avg
401,6,83.0,rolling avg
403,6,80.0,rolling avg
455,6,87.66666666666667,rolling avg
494,6,0.0,transferred
495,6,0.0,rolling avg
496,6,90.0,rolling avg
497,6,0.0,rolling avg
498,6,0.0,rolling avg
499,6,0.0,injured
500,6,0.0,transferred
502,6,69.66666666666667,rolling avg
503,6,90.0,rolling avg
505,6,0.0,transferred
506,6,20.0,rolling avg
507,6,0.0,transferred
508,6,0.0,rolling avg
509,6,0.0,rolling avg
510,6,0.0,rolling avg
511,6,0.0,transferred
512,6,33.666666666666664,rolling avg
513,6,0.0,injured
514,6,33.333333333333336,rolling avg
515,6,12.333333333333334,rolling avg
516,6,78.33333333333333,rolling avg
517,6,0.0,injured
518,6,0.0,transferred
519,6,29.666666666666668,rolling avg
520,6,11.0,rolling avg
521,6,0.0,injured
522,6,51.666666666666664,rolling avg
523,6,0.0,transferred
524,6,0.0,rolling avg
525,6,38.0,rolling avg
526,6,44.333333333333336,rolling avg
527,6,0.0,benched
528,6,0.0,transferred
578,6,0.0,injured
601,6,0.0,rolling avg
501,6,90.0,rolling avg
529,6,90.0,rolling avg
530,6,0.0,transferred
531,6,0.0,rolling avg
532,6,0.0,injured
533,6,90.0,rolling avg
534,6,12.333333333333334,rolling avg
535,6,0.0,rolling avg
536,6,60.0,rolling avg
537,6,0.0,transferred
538,6,0.0,transferred
539,6,0.0,rolling avg
540,6,0.0,transferred
541,6,72.0,rolling avg
542,6,90.0,rolling avg
543,6,0.0,injured
544,6,90.0,rolling avg
545,6,76.66666666666667,rolling avg
546,6,0.0,transferred
547,6,0.0,injured
548,6,0.0,rolling avg
549,6,0.0,rolling avg
550,6,0.0,rolling avg
551,6,63.666666666666664,rolling avg
552,6,0.0,injured
553,6,22.666666666666668,rolling avg
612,6,30.0,rolling avg
613,6,0.0,rolling avg
646,6,20.0,rolling avg
651,6,0.0,rolling avg
